panel,grouping,mark,stratum,n_cpgs,n_genomic_blocks,relative_reduction_pct,ci_low_pct,ci_high_pct,uncertainty
2g,Ref_ATAC_Signal_Stratum,ATAC,Q1 low,6642,246,15.12746584128894,13.92424044716967,16.30277289677526,"2,000 draws over 1 Mb blocks"
2g,Ref_ATAC_Signal_Stratum,ATAC,Q2,6643,244,15.7126351336321,14.293532216340802,17.165734430281322,"2,000 draws over 1 Mb blocks"
2g,Ref_ATAC_Signal_Stratum,ATAC,Q3,6642,250,15.90449634233288,14.41257746115154,17.32488700560857,"2,000 draws over 1 Mb blocks"
2g,Ref_ATAC_Signal_Stratum,ATAC,Q4 high,6643,235,22.38205635392076,20.628984993533837,24.056711232688098,"2,000 draws over 1 Mb blocks"
2g,Ref_H3K4me3_Signal_Stratum,H3K4me3,Q1 low,6642,246,14.84432557279762,13.246719626748371,16.577840920547878,"2,000 draws over 1 Mb blocks"
2g,Ref_H3K4me3_Signal_Stratum,H3K4me3,Q2,6643,249,16.37255223170098,14.972982545323909,17.664334957320392,"2,000 draws over 1 Mb blocks"
2g,Ref_H3K4me3_Signal_Stratum,H3K4me3,Q3,6642,242,16.53611723157798,15.30499359228063,17.73079031918844,"2,000 draws over 1 Mb blocks"
2g,Ref_H3K4me3_Signal_Stratum,H3K4me3,Q4 high,6643,214,22.428051969857098,19.53979149155816,25.04206744865713,"2,000 draws over 1 Mb blocks"
2g,Ref_H3K27ac_Signal_Stratum,H3K27ac,Q1 low,6642,251,16.10454794366811,14.54430304208929,17.670550617592003,"2,000 draws over 1 Mb blocks"
2g,Ref_H3K27ac_Signal_Stratum,H3K27ac,Q2,6643,240,15.675702422406278,14.0852904154669,17.23480109965977,"2,000 draws over 1 Mb blocks"
2g,Ref_H3K27ac_Signal_Stratum,H3K27ac,Q3,6642,234,14.9524849346408,13.70101225225833,16.19321401888805,"2,000 draws over 1 Mb blocks"
2g,Ref_H3K27ac_Signal_Stratum,H3K27ac,Q4 high,6643,207,22.86608378951161,20.65418827759672,24.968384912531878,"2,000 draws over 1 Mb blocks"
2g,Ref_H3K4me1_Signal_Stratum,H3K4me1,Q1 low,6642,249,20.27870337615444,18.03546637907855,22.6345267717981,"2,000 draws over 1 Mb blocks"
2g,Ref_H3K4me1_Signal_Stratum,H3K4me1,Q2,6643,247,16.76021350377255,14.81415770548174,18.723198150499858,"2,000 draws over 1 Mb blocks"
2g,Ref_H3K4me1_Signal_Stratum,H3K4me1,Q3,6642,241,14.17945028216284,12.92250437292169,15.35091346674429,"2,000 draws over 1 Mb blocks"
2g,Ref_H3K4me1_Signal_Stratum,H3K4me1,Q4 high,6643,232,16.92225404586385,15.507990311262951,18.18820538885397,"2,000 draws over 1 Mb blocks"
2g,Ref_H3K36me3_Signal_Stratum,H3K36me3,Q1 low,6642,241,15.47509448418368,14.17067380413509,16.76560192251595,"2,000 draws over 1 Mb blocks"
2g,Ref_H3K36me3_Signal_Stratum,H3K36me3,Q2,6643,241,16.43625339990925,15.096361318834251,17.69997713528463,"2,000 draws over 1 Mb blocks"
2g,Ref_H3K36me3_Signal_Stratum,H3K36me3,Q3,6642,247,15.43199471164459,14.084096878205802,16.77411811955954,"2,000 draws over 1 Mb blocks"
2g,Ref_H3K36me3_Signal_Stratum,H3K36me3,Q4 high,6643,245,20.176579103725683,18.11543548165729,22.11034559578565,"2,000 draws over 1 Mb blocks"
2g,Ref_H3K9me3_Signal_Stratum,H3K9me3,Q1 low,6642,227,19.0150487885671,17.52538801538979,20.28201381188827,"2,000 draws over 1 Mb blocks"
2g,Ref_H3K9me3_Signal_Stratum,H3K9me3,Q2,6643,233,16.9460972290667,15.700051094921411,18.21903453309976,"2,000 draws over 1 Mb blocks"
2g,Ref_H3K9me3_Signal_Stratum,H3K9me3,Q3,6642,243,15.36864171072055,13.82358965251284,16.82072465279664,"2,000 draws over 1 Mb blocks"
2g,Ref_H3K9me3_Signal_Stratum,H3K9me3,Q4 high,6643,252,16.34338936160421,14.56778146332471,18.22327412639397,"2,000 draws over 1 Mb blocks"
2g,Ref_H3K27me3_Signal_Stratum,H3K27me3,Q1 low,6643,217,23.872984846698188,22.23707287362431,25.42330391305288,"2,000 draws over 1 Mb blocks"
2g,Ref_H3K27me3_Signal_Stratum,H3K27me3,Q2,6642,247,20.618669571242222,19.00479989609667,22.29078113971671,"2,000 draws over 1 Mb blocks"
2g,Ref_H3K27me3_Signal_Stratum,H3K27me3,Q3,6642,252,15.81516520328008,14.38252221503246,17.21663106527327,"2,000 draws over 1 Mb blocks"
2g,Ref_H3K27me3_Signal_Stratum,H3K27me3,Q4 high,6643,227,10.32976792578138,9.02842393568712,11.53343152749271,"2,000 draws over 1 Mb blocks"
2g,CpG_Island_Context,CpG class,Island,7972,230,18.35142673970559,15.929013506738299,20.45351942087241,"2,000 draws over 1 Mb blocks"
2g,CpG_Island_Context,CpG class,Shore,6713,228,17.25184315191346,15.785424405918972,18.57065930478088,"2,000 draws over 1 Mb blocks"
2g,CpG_Island_Context,CpG class,Shelf,2217,207,12.59258726305588,10.54178398385803,14.482269509212259,"2,000 draws over 1 Mb blocks"
2g,CpG_Island_Context,CpG class,Open sea,9668,249,16.522188498129008,15.038781490980929,17.85160722090329,"2,000 draws over 1 Mb blocks"
