panel,model,seed,beta_bin_centre,beta_mae,n_cpgs
2d,fusion,42,0.05,0.039867067935660916,7087
2d,fusion,42,0.15000000000000002,0.11957993843420706,1619
2d,fusion,42,0.25,0.1677071589742388,875
2d,fusion,42,0.35000000000000003,0.18964862434450025,835
2d,fusion,42,0.45,0.19163507653083725,1012
2d,fusion,42,0.55,0.17626735056337378,1258
2d,fusion,42,0.6500000000000001,0.14691893271440584,1521
2d,fusion,42,0.75,0.11202624808536486,2047
2d,fusion,42,0.8500000000000001,0.07863985208273819,4039
2d,fusion,42,0.95,0.06136170456472886,6277
2d,sequence,42,0.05,0.04766058099991115,7087
2d,sequence,42,0.15000000000000002,0.1500352775934598,1619
2d,sequence,42,0.25,0.21975299668312073,875
2d,sequence,42,0.35000000000000003,0.24399407977115609,835
2d,sequence,42,0.45,0.23396327031459732,1012
2d,sequence,42,0.55,0.20576871185310316,1258
2d,sequence,42,0.6500000000000001,0.17500201763094136,1521
2d,sequence,42,0.75,0.12406389003971698,2047
2d,sequence,42,0.8500000000000001,0.09144700742293242,4039
2d,sequence,42,0.95,0.08504214411388067,6277
2d,epi,42,0.05,0.05045423142700554,7087
2d,epi,42,0.15000000000000002,0.13760226311931792,1619
2d,epi,42,0.25,0.1975644530909402,875
2d,epi,42,0.35000000000000003,0.2323716605137922,835
2d,epi,42,0.45,0.24099544474023132,1012
2d,epi,42,0.55,0.22836927707130844,1258
2d,epi,42,0.6500000000000001,0.18572294590584468,1521
2d,epi,42,0.75,0.12813896537700628,2047
2d,epi,42,0.8500000000000001,0.06921271269614816,4039
2d,epi,42,0.95,0.06573539566837984,6277
