cross_tissue_sd_median,cross_tissue_var_median,decile,mae_epi,mae_epi_95ci,mae_fusion,mae_fusion_95ci,mae_sequence,mae_sequence_95ci,mean_beta_median,n,panel,n_probes,uncertainty
0.001255941875045087,1.57739001166275e-06,1,0.03784986572352048,"[0.033749302041729906, 0.04179549001563635]",0.034331244137593926,"[0.029920327074265344, 0.038998896075547525]",0.044796193870105624,"[0.03908904539361611, 0.050872339369632195]",0.02192565825,2656,2e,2656,400 draws over 1 Mb blocks
0.0026122418067096825,6.82380738633697e-06,2,0.04403617310987119,"[0.04000822812792372, 0.04819354819452288]",0.039580927681702384,"[0.03570592238250877, 0.04359450019877332]",0.04988170302920432,"[0.04458456943822227, 0.055179781518108914]",0.050980344375,2656,2e,2656,400 draws over 1 Mb blocks
0.004721446156164821,2.229205386970234e-05,3,0.0614760839247077,"[0.05690385610757601, 0.06566865893213802]",0.05151682301965841,"[0.04732916699738519, 0.05593528036505315]",0.06243729799163961,"[0.05701272485962736, 0.06812488940950709]",0.1370495475,2656,2e,2656,400 draws over 1 Mb blocks
0.008664827702280303,7.507923911020416e-05,4,0.07389070238013047,"[0.06993240751784073, 0.07789479034765101]",0.06379049472693216,"[0.0604514653036929, 0.06722621720359678]",0.07459036287221976,"[0.07013783444142327, 0.07908175805679424]",0.8988727525,2655,2e,2655,400 draws over 1 Mb blocks
0.016178347917408714,0.00026173895227362174,5,0.08413734470552996,"[0.07979523298880026, 0.08868964558133571]",0.08154109861008842,"[0.07667326496704976, 0.08642233152422646]",0.09438756221403218,"[0.08841368485960398, 0.10014268016583805]",0.8763355025000001,2656,2e,2656,400 draws over 1 Mb blocks
0.028665039197202827,0.00082168447369635,6,0.10092126623852207,"[0.09496469764515232, 0.10655070566087439]",0.10334009595716043,"[0.09737594795097775, 0.11009318430137718]",0.11862683123298805,"[0.11091443930293021, 0.12748261642580977]",0.84113337,2656,2e,2656,400 draws over 1 Mb blocks
0.04614982424058513,0.0021298062774368987,7,0.14502152701148763,"[0.137178392808554, 0.1526284371967016]",0.1283305052555606,"[0.12199106447286578, 0.1355728802604077]",0.14125424097949835,"[0.13370103894651206, 0.1491811016980465]",0.7445543125,2655,2e,2655,400 draws over 1 Mb blocks
0.06765524835119761,0.004577232629556919,8,0.16457497148777367,"[0.15788134528688022, 0.17108789755548837]",0.14357091432664518,"[0.1386253589293088, 0.14906081675184477]",0.15713262864380106,"[0.1506797896653407, 0.16344951443829447]",0.6582435325,2656,2e,2656,400 draws over 1 Mb blocks
0.09616431673011577,0.009247575937673957,9,0.17981148701608574,"[0.17430353899486078, 0.18564422189380592]",0.15600249389605872,"[0.15063331361769997, 0.16146383996994265]",0.17233823547216906,"[0.16647568455119455, 0.17801332137908307]",0.6025249337499999,2656,2e,2656,400 draws over 1 Mb blocks
0.1456451140678487,0.021212499255959798,10,0.17737116987209667,"[0.17034749673893068, 0.18457252984951594]",0.17529208735241666,"[0.16862845042257518, 0.18311486933640253]",0.19651588065520276,"[0.1892705745304612, 0.2047867968498596]",0.59590005125,2656,2e,2656,400 draws over 1 Mb blocks
