model,distance_bin,metric,n,n_blocks,value,ci_low,ci_high,panel
fusion,0-50,auroc,4042,242,0.5506018275640285,0.5279868110260164,0.5746199333316376,3e
fusion,50-100,auroc,4283,241,0.5992730429895791,0.5695099005395188,0.6293210557506952,3e
fusion,100-200,auroc,8612,245,0.58617674020953,0.5600928193461658,0.6098085686431666,3e
fusion,200-300,auroc,8555,248,0.5825333197302887,0.5556497064966867,0.6100088914054966,3e
fusion,300-400,auroc,8628,246,0.56491948916835,0.5403792944904531,0.5909632522631926,3e
fusion,400-501,auroc,8746,248,0.552418790034467,0.5240905040592552,0.5792456591713847,3e
sequence,0-50,auroc,4042,242,0.5561555059589969,0.5341871798445028,0.5791434594045547,3e
sequence,50-100,auroc,4283,241,0.606449314972263,0.5769320321999888,0.637395644404625,3e
sequence,100-200,auroc,8612,245,0.5875140657693028,0.5619259799555621,0.6118896975966686,3e
sequence,200-300,auroc,8555,248,0.5834129420603047,0.5559533636176479,0.6095773821948821,3e
sequence,300-400,auroc,8628,246,0.5631395050372419,0.5368280844482811,0.5887105124663574,3e
sequence,400-501,auroc,8746,248,0.5571776782763342,0.5293166878892852,0.5834616871777616,3e
