panel,endpoint,score,value,null,fraction_of_null_to_perfect,n,seed,note,uncertainty
3g,Rosenski discrimination,fusion,0.5624798054791709,0.5,0.12495961095834174,6910,42,colour is the distance travelled from the endpoint's own null towards a perfect score; the printed number is the raw value,"2,000 block resamples; intervals in Supplementary Table S2"
3g,Rosenski discrimination,sequence,0.5735888129580025,0.5,0.14717762591600492,6910,42,colour is the distance travelled from the endpoint's own null towards a perfect score; the printed number is the raw value,"2,000 block resamples; intervals in Supplementary Table S2"
3g,Rosenski discrimination,distance_only_baseline,0.5017159216806532,0.5,0.003431843361306308,6910,42,colour is the distance travelled from the endpoint's own null towards a perfect score; the printed number is the raw value,"2,000 block resamples; intervals in Supplementary Table S2"
3g,Do-Tycko discrimination,fusion,0.5419262389246312,0.5,0.08385247784926242,10746,42,colour is the distance travelled from the endpoint's own null towards a perfect score; the printed number is the raw value,"2,000 block resamples; intervals in Supplementary Table S2"
3g,Do-Tycko discrimination,sequence,0.543189023818488,0.5,0.08637804763697599,10746,42,colour is the distance travelled from the endpoint's own null towards a perfect score; the printed number is the raw value,"2,000 block resamples; intervals in Supplementary Table S2"
3g,Do-Tycko discrimination,distance_only_baseline,0.5029861309636325,0.5,0.005972261927265077,10746,42,colour is the distance travelled from the endpoint's own null towards a perfect score; the printed number is the raw value,"2,000 block resamples; intervals in Supplementary Table S2"
3g,Do-Tycko directional AUROC,fusion,0.6277083075399281,0.5,0.25541661507985625,722,42,colour is the distance travelled from the endpoint's own null towards a perfect score; the printed number is the raw value,"2,000 block resamples; intervals in Supplementary Table S2"
3g,Do-Tycko directional AUROC,sequence,0.6308344682431596,0.5,0.26166893648631917,722,42,colour is the distance travelled from the endpoint's own null towards a perfect score; the printed number is the raw value,"2,000 block resamples; intervals in Supplementary Table S2"
3g,Do-Tycko direction concordance,fusion,0.590027700831025,0.5,0.18005540166204992,722,42,colour is the distance travelled from the endpoint's own null towards a perfect score; the printed number is the raw value,"2,000 block resamples; intervals in Supplementary Table S2"
3g,Do-Tycko direction concordance,sequence,0.5914127423822715,0.5,0.18282548476454297,722,42,colour is the distance travelled from the endpoint's own null towards a perfect score; the printed number is the raw value,"2,000 block resamples; intervals in Supplementary Table S2"
3g,Do-Tycko signed Spearman,fusion,0.241033577483231,0.0,0.241033577483231,722,42,colour is the distance travelled from the endpoint's own null towards a perfect score; the printed number is the raw value,"2,000 block resamples; intervals in Supplementary Table S2"
3g,Do-Tycko signed Spearman,sequence,0.2503040561604334,0.0,0.2503040561604334,722,42,colour is the distance travelled from the endpoint's own null towards a perfect score; the printed number is the raw value,"2,000 block resamples; intervals in Supplementary Table S2"
