panel,model,stratum,metric,n_pairs,n_blocks,value,ci_low,ci_high,uncertainty
3f,fusion,p < 5e-8,signed_rho,4037,230,0.1486833171882782,0.1115607505377837,0.1830524886911433,1 Mb block bootstrap
3f,fusion,5e-8 - 1e-5,signed_rho,1319,203,0.0885574226930374,0.0312514570751707,0.144194453623871,1 Mb block bootstrap
3f,fusion,1e-5 - 1e-3,signed_rho,2347,227,0.0962113276087922,0.0517525523787896,0.140842046009901,1 Mb block bootstrap
3f,fusion,1e-3 - 1e-2,signed_rho,2392,229,0.0900160791200207,0.0470969309007736,0.1352416924568536,1 Mb block bootstrap
3f,fusion,1e-2 - 0.05,signed_rho,3550,240,0.0722967476836797,0.0340827622286546,0.1109553755405767,1 Mb block bootstrap
3f,fusion,0.05 - 0.5,signed_rho,15891,249,0.0221650537625209,0.0045485998657245,0.0389022128357273,1 Mb block bootstrap
3f,fusion,p > 0.5,signed_rho,13330,248,-0.000589162739402,-0.0166003183962665,0.0160131873612126,1 Mb block bootstrap
3f,fusion,p < 5e-8,direction_agreement,4037,230,0.555858310626703,0.5374811349069298,0.5738820571048406,1 Mb block bootstrap
3f,fusion,5e-8 - 1e-5,direction_agreement,1319,203,0.5405610310841547,0.5120711036437617,0.5694134704893549,1 Mb block bootstrap
3f,fusion,1e-5 - 1e-3,direction_agreement,2347,227,0.5466553046442266,0.5261650124686729,0.5677162730642675,1 Mb block bootstrap
3f,fusion,1e-3 - 1e-2,direction_agreement,2392,229,0.532608695652174,0.5112235478705734,0.5565237899917965,1 Mb block bootstrap
3f,fusion,1e-2 - 0.05,direction_agreement,3550,240,0.5312676056338028,0.5128272083826112,0.5501377759580953,1 Mb block bootstrap
3f,fusion,0.05 - 0.5,direction_agreement,15891,249,0.5085268390913096,0.5011423455117221,0.5162215229512461,1 Mb block bootstrap
3f,fusion,p > 0.5,direction_agreement,13330,248,0.4980495123780945,0.4896268058728717,0.5070484549127507,1 Mb block bootstrap
