panel,Target_Variant_UID,Target_Gene,Matching_Tier,Comparator_Variant_UID,Comparator_Gene,Comparator_Delta_Beta,abs_comparator_delta_beta,Comparator_SBS96,Comparator_CpG_Effect,Comparator_Distance_From_CpG,candidate_abs_delta_beta,seed,uncertainty
5b,chr8_70148394_G_A__cg20699548__ENST00000452400_7,NCOA2,T4_SBS6_CpG_distance100,chr8_10898240_G_A__cg19044918__ENST00000416569_3,XKR6,0.0717638731002807,0.0717638731002807,C[C>T]G,destroyed,6,0.153916597366333,42,single seed-42 values; no across-seed interval
5b,chr8_70148394_G_A__cg20699548__ENST00000452400_7,NCOA2,T4_SBS6_CpG_distance100,chr9_93126576_G_A__cg13802506__ENST00000375446_5,NINJ1,-0.0696864128112793,0.0696864128112793,G[C>T]G,destroyed,26,0.153916597366333,42,single seed-42 values; no across-seed interval
5b,chr8_70148394_G_A__cg20699548__ENST00000452400_7,NCOA2,T4_SBS6_CpG_distance100,chr8_22226921_C_T__cg17948297__ENST00000454243_7,PHYHIP,-0.0555494427680969,0.0555494427680969,C[C>T]G,destroyed,8,0.153916597366333,42,single seed-42 values; no across-seed interval
5b,chr8_70148394_G_A__cg20699548__ENST00000452400_7,NCOA2,T4_SBS6_CpG_distance100,chr8_10700456_G_A__cg11419025__ENST00000304519_10,C8orf74,-0.0447089672088623,0.0447089672088623,T[C>T]G,destroyed,34,0.153916597366333,42,single seed-42 values; no across-seed interval
5b,chr8_70148394_G_A__cg20699548__ENST00000452400_7,NCOA2,T4_SBS6_CpG_distance100,chr9_133580182_C_T__cg14584407__ENST00000673969_1,FAM163B,-0.0430271625518798,0.0430271625518798,T[C>T]G,destroyed,60,0.153916597366333,42,single seed-42 values; no across-seed interval
5b,chr8_70148394_G_A__cg20699548__ENST00000452400_7,NCOA2,T4_SBS6_CpG_distance100,chr9_98831835_C_T__cg14352586__ENST00000375011_4,GALNT12,-0.035921037197113,0.035921037197113,T[C>T]G,destroyed,33,0.153916597366333,42,single seed-42 values; no across-seed interval
5b,chr8_70148394_G_A__cg20699548__ENST00000452400_7,NCOA2,T4_SBS6_CpG_distance100,chr8_2974551_G_A__cg02528400__ENST00000635120_2,CSMD1,-0.0347355604171752,0.0347355604171752,T[C>T]G,destroyed,5,0.153916597366333,42,single seed-42 values; no across-seed interval
5b,chr8_70148394_G_A__cg20699548__ENST00000452400_7,NCOA2,T4_SBS6_CpG_distance100,chr9_136365204_G_A__cg13446863__ENST00000371732_10,CARD9,-0.0295177698135375,0.0295177698135375,G[C>T]G,destroyed,70,0.153916597366333,42,single seed-42 values; no across-seed interval
5b,chr8_70148394_G_A__cg20699548__ENST00000452400_7,NCOA2,T4_SBS6_CpG_distance100,chr8_54621110_C_T__cg05520465__ENST00000220676_2,RP1,0.0286505222320556,0.0286505222320556,T[C>T]G,destroyed,15,0.153916597366333,42,single seed-42 values; no across-seed interval
5b,chr8_70148394_G_A__cg20699548__ENST00000452400_7,NCOA2,T4_SBS6_CpG_distance100,chr9_114168077_C_T__cg04382108__ENST00000356083_8,COL27A1,-0.025793433189392,0.025793433189392,G[C>T]G,destroyed,10,0.153916597366333,42,single seed-42 values; no across-seed interval
5b,chr8_70148394_G_A__cg20699548__ENST00000452400_7,NCOA2,T4_SBS6_CpG_distance100,chr8_143568600_G_A__cg05191879__ENST00000398882_8,MROH6,-0.025135263800621,0.025135263800621,T[C>T]G,destroyed,40,0.153916597366333,42,single seed-42 values; no across-seed interval
5b,chr8_70148394_G_A__cg20699548__ENST00000452400_7,NCOA2,T4_SBS6_CpG_distance100,chr9_136723321_C_T__cg13776718__ENST00000371692_9,DIPK1B,-0.0207083225250244,0.0207083225250244,T[C>T]G,destroyed,21,0.153916597366333,42,single seed-42 values; no across-seed interval
5b,chr8_70148394_G_A__cg20699548__ENST00000452400_7,NCOA2,T4_SBS6_CpG_distance100,chr8_53939683_C_T__cg06932776__ENST00000297313_8,RGS20,-0.0200164318084716,0.0200164318084716,A[C>T]G,destroyed,11,0.153916597366333,42,single seed-42 values; no across-seed interval
5b,chr8_70148394_G_A__cg20699548__ENST00000452400_7,NCOA2,T4_SBS6_CpG_distance100,chr9_69013883_G_A__cg13804196__ENST00000377276_5,PRKACG,-0.0187747776508331,0.0187747776508331,A[C>T]G,destroyed,107,0.153916597366333,42,single seed-42 values; no across-seed interval
5b,chr8_70148394_G_A__cg20699548__ENST00000452400_7,NCOA2,T4_SBS6_CpG_distance100,chr8_22138782_C_T__cg10127660__ENST00000334530_9,REEP4,-0.0169670581817626,0.0169670581817626,C[C>T]G,destroyed,61,0.153916597366333,42,single seed-42 values; no across-seed interval
5b,chr8_70148394_G_A__cg20699548__ENST00000452400_7,NCOA2,T4_SBS6_CpG_distance100,chr9_101594415_G_A__cg02500883__ENST00000374806_2,PPP3R2,0.0148670673370361,0.0148670673370361,T[C>T]G,destroyed,78,0.153916597366333,42,single seed-42 values; no across-seed interval
5b,chr8_70148394_G_A__cg20699548__ENST00000452400_7,NCOA2,T4_SBS6_CpG_distance100,chr8_90082647_G_A__cg26290632__ENST00000265431_7,CALB1,0.013673797249794,0.013673797249794,T[C>T]G,destroyed,28,0.153916597366333,42,single seed-42 values; no across-seed interval
5b,chr8_70148394_G_A__cg20699548__ENST00000452400_7,NCOA2,T4_SBS6_CpG_distance100,chr8_23224771_G_A__cg23892336__ENST00000221132_8,TNFRSF10A,0.0133008435368537,0.0133008435368537,T[C>T]G,destroyed,51,0.153916597366333,42,single seed-42 values; no across-seed interval
5b,chr8_70148394_G_A__cg20699548__ENST00000452400_7,NCOA2,T4_SBS6_CpG_distance100,chr8_144424073_G_A__cg27034450__ENST00000292510_6,VPS28,-0.0124734044075012,0.0124734044075012,C[C>T]G,destroyed,21,0.153916597366333,42,single seed-42 values; no across-seed interval
5b,chr8_70148394_G_A__cg20699548__ENST00000452400_7,NCOA2,T4_SBS6_CpG_distance100,chr8_50536740_C_T__cg08129420__ENST00000642720_2,SNTG1,-0.0111744403839111,0.0111744403839111,G[C>T]G,destroyed,34,0.153916597366333,42,single seed-42 values; no across-seed interval
5b,chr8_70148394_G_A__cg20699548__ENST00000452400_7,NCOA2,T4_SBS6_CpG_distance100,chr8_76706422_C_T__cg22291576__ENST00000651372_2,ZFHX4,-0.0099474191665649,0.0099474191665649,T[C>T]G,destroyed,32,0.153916597366333,42,single seed-42 values; no across-seed interval
5b,chr8_70148394_G_A__cg20699548__ENST00000452400_7,NCOA2,T4_SBS6_CpG_distance100,chr8_141218632_G_A__cg16341495__ENST00000517878_6,SLC45A4,0.009912371635437,0.009912371635437,A[C>T]G,destroyed,4,0.153916597366333,42,single seed-42 values; no across-seed interval
5b,chr8_70148394_G_A__cg20699548__ENST00000452400_7,NCOA2,T4_SBS6_CpG_distance100,chr9_70044224_G_A__cg14403200__ENST00000377182_5,MAMDC2,0.0099043697118759,0.0099043697118759,A[C>T]G,destroyed,23,0.153916597366333,42,single seed-42 values; no across-seed interval
5b,chr8_70148394_G_A__cg20699548__ENST00000452400_7,NCOA2,T4_SBS6_CpG_distance100,chr8_1676559_G_A__cg26463699__ENST00000637795_2,DLGAP2,-0.0089494585990905,0.0089494585990905,C[C>T]G,destroyed,16,0.153916597366333,42,single seed-42 values; no across-seed interval
5b,chr8_70148394_G_A__cg20699548__ENST00000452400_7,NCOA2,T4_SBS6_CpG_distance100,chr8_60865600_G_A__cg27519392__ENST00000423902_7,CHD7,-0.0088196396827697,0.0088196396827697,G[C>T]G,destroyed,22,0.153916597366333,42,single seed-42 values; no across-seed interval
5b,chr8_70148394_G_A__cg20699548__ENST00000452400_7,NCOA2,T4_SBS6_CpG_distance100,chr9_134835096_C_T__cg14207613__ENST00000371817_8,COL5A1,-0.0072980523109436,0.0072980523109436,A[C>T]G,destroyed,39,0.153916597366333,42,single seed-42 values; no across-seed interval
5b,chr8_70148394_G_A__cg20699548__ENST00000452400_7,NCOA2,T4_SBS6_CpG_distance100,chr9_132582845_C_T__cg12622986__ENST00000263610_7,BARHL1,0.0072564780712127,0.0072564780712127,G[C>T]G,destroyed,59,0.153916597366333,42,single seed-42 values; no across-seed interval
5b,chr8_70148394_G_A__cg20699548__ENST00000452400_7,NCOA2,T4_SBS6_CpG_distance100,chr8_80080409_C_T__cg16773115__ENST00000520527_5,TPD52,0.006587266921997,0.006587266921997,A[C>T]G,destroyed,106,0.153916597366333,42,single seed-42 values; no across-seed interval
5b,chr8_70148394_G_A__cg20699548__ENST00000452400_7,NCOA2,T4_SBS6_CpG_distance100,chr8_2076199_C_T__cg23588952__ENST00000262113_9,MYOM2,-0.0065588355064392,0.0065588355064392,A[C>T]G,destroyed,21,0.153916597366333,42,single seed-42 values; no across-seed interval
5b,chr8_70148394_G_A__cg20699548__ENST00000452400_7,NCOA2,T4_SBS6_CpG_distance100,chr8_108443682_C_T__cg08258788__ENST00000220853_8,EMC2,0.0061387717723846,0.0061387717723846,A[C>T]G,destroyed,46,0.153916597366333,42,single seed-42 values; no across-seed interval
5b,chr8_70148394_G_A__cg20699548__ENST00000452400_7,NCOA2,T4_SBS6_CpG_distance100,chr8_70069195_C_T__cg19518104__ENST00000276594_3,PRDM14,-0.006126046180725,0.006126046180725,T[C>T]G,destroyed,85,0.153916597366333,42,single seed-42 values; no across-seed interval
5b,chr8_70148394_G_A__cg20699548__ENST00000452400_7,NCOA2,T4_SBS6_CpG_distance100,chr8_39838153_G_A__cg09314766__ENST00000265708_9,ADAM2,0.0055888891220092,0.0055888891220092,T[C>T]G,destroyed,25,0.153916597366333,42,single seed-42 values; no across-seed interval
5b,chr8_70148394_G_A__cg20699548__ENST00000452400_7,NCOA2,T4_SBS6_CpG_distance100,chr9_134758260_C_T__cg13913654__ENST00000371817_8,COL5A1,-0.0054228901863098,0.0054228901863098,A[C>T]G,destroyed,11,0.153916597366333,42,single seed-42 values; no across-seed interval
5b,chr8_70148394_G_A__cg20699548__ENST00000452400_7,NCOA2,T4_SBS6_CpG_distance100,chr8_27987586_G_A__cg24037389__ENST00000354914_8,SCARA5,-0.0048863887786865,0.0048863887786865,C[C>T]G,destroyed,79,0.153916597366333,42,single seed-42 values; no across-seed interval
5b,chr8_70148394_G_A__cg20699548__ENST00000452400_7,NCOA2,T4_SBS6_CpG_distance100,chr9_2718729_C_T__cg05139301__ENST00000382082_4,KCNV2,-0.0047842860221862,0.0047842860221862,T[C>T]G,destroyed,9,0.153916597366333,42,single seed-42 values; no across-seed interval
5b,chr8_70148394_G_A__cg20699548__ENST00000452400_7,NCOA2,T4_SBS6_CpG_distance100,chr9_136994765_C_T__cg14408173__ENST00000494426_2,CLIC3,0.0043619871139526,0.0043619871139526,T[C>T]G,destroyed,86,0.153916597366333,42,single seed-42 values; no across-seed interval
5b,chr8_70148394_G_A__cg20699548__ENST00000452400_7,NCOA2,T4_SBS6_CpG_distance100,chr8_22713412_G_A__cg21287554__ENST00000256404_8,PEBP4,0.0036514401435852,0.0036514401435852,G[C>T]G,destroyed,49,0.153916597366333,42,single seed-42 values; no across-seed interval
5b,chr8_70148394_G_A__cg20699548__ENST00000452400_7,NCOA2,T4_SBS6_CpG_distance100,chr8_140450945_C_T__cg21348586__ENST00000438773_4,TRAPPC9,-0.0035409331321716,0.0035409331321716,C[C>T]G,destroyed,56,0.153916597366333,42,single seed-42 values; no across-seed interval
5b,chr8_70148394_G_A__cg20699548__ENST00000452400_7,NCOA2,T4_SBS6_CpG_distance100,chr8_81693896_C_T__cg11065621__ENST00000518568_3,SLC10A5,-0.003239631652832,0.003239631652832,G[C>T]G,destroyed,70,0.153916597366333,42,single seed-42 values; no across-seed interval
5b,chr8_70148394_G_A__cg20699548__ENST00000452400_7,NCOA2,T4_SBS6_CpG_distance100,chr9_136371343_G_A__cg05416955__ENST00000371732_10,CARD9,-0.0026653409004211,0.0026653409004211,G[C>T]G,destroyed,69,0.153916597366333,42,single seed-42 values; no across-seed interval
5b,chr8_70148394_G_A__cg20699548__ENST00000452400_7,NCOA2,T4_SBS6_CpG_distance100,chr8_42436994_G_A__cg05937663__ENST00000520262_6,SLC20A2,-0.002601146697998,0.002601146697998,A[C>T]G,destroyed,51,0.153916597366333,42,single seed-42 values; no across-seed interval
5b,chr8_70148394_G_A__cg20699548__ENST00000452400_7,NCOA2,T4_SBS6_CpG_distance100,chr9_134728684_C_T__cg14454440__ENST00000371817_8,COL5A1,0.0023398399353027,0.0023398399353027,A[C>T]G,destroyed,87,0.153916597366333,42,single seed-42 values; no across-seed interval
5b,chr8_70148394_G_A__cg20699548__ENST00000452400_7,NCOA2,T4_SBS6_CpG_distance100,chr8_72936936_G_A__cg16925177__ENST00000523207_2,KCNB2,-0.0021392107009887,0.0021392107009887,A[C>T]G,destroyed,57,0.153916597366333,42,single seed-42 values; no across-seed interval
5b,chr8_70148394_G_A__cg20699548__ENST00000452400_7,NCOA2,T4_SBS6_CpG_distance100,chr9_101737311_G_A__cg18799510__ENST00000361820_6,GRIN3A,0.0019121617078781,0.0019121617078781,T[C>T]G,destroyed,107,0.153916597366333,42,single seed-42 values; no across-seed interval
5b,chr8_70148394_G_A__cg20699548__ENST00000452400_7,NCOA2,T4_SBS6_CpG_distance100,chr9_35649947_G_A__cg13832290__ENST00000259608_8,SIT1,-0.0018864870071411,0.0018864870071411,C[C>T]G,destroyed,38,0.153916597366333,42,single seed-42 values; no across-seed interval
5b,chr8_70148394_G_A__cg20699548__ENST00000452400_7,NCOA2,T4_SBS6_CpG_distance100,chr8_22691091_C_T__cg08810842__ENST00000317216_3,EGR3,0.0015246570110321,0.0015246570110321,A[C>T]G,destroyed,58,0.153916597366333,42,single seed-42 values; no across-seed interval
5b,chr8_70148394_G_A__cg20699548__ENST00000452400_7,NCOA2,T4_SBS6_CpG_distance100,chr9_95508182_G_A__cg18436172__ENST00000331920_11,PTCH1,0.0014711245894432,0.0014711245894432,T[C>T]G,destroyed,8,0.153916597366333,42,single seed-42 values; no across-seed interval
5b,chr8_70148394_G_A__cg20699548__ENST00000452400_7,NCOA2,T4_SBS6_CpG_distance100,chr9_108855667_G_A__cg13728285__ENST00000374667_5,ACTL7B,0.0014383196830749,0.0014383196830749,A[C>T]G,destroyed,14,0.153916597366333,42,single seed-42 values; no across-seed interval
5b,chr8_70148394_G_A__cg20699548__ENST00000452400_7,NCOA2,T4_SBS6_CpG_distance100,chr8_39838159_G_A__cg09314766__ENST00000265708_9,ADAM2,0.0012283325195312,0.0012283325195312,G[C>T]G,destroyed,19,0.153916597366333,42,single seed-42 values; no across-seed interval
5b,chr8_70148394_G_A__cg20699548__ENST00000452400_7,NCOA2,T4_SBS6_CpG_distance100,chr8_38304600_G_A__cg09641728__ENST00000317025_13,NSD3,-0.0011115074157714,0.0011115074157714,T[C>T]G,destroyed,96,0.153916597366333,42,single seed-42 values; no across-seed interval
5b,chr8_70148394_G_A__cg20699548__ENST00000452400_7,NCOA2,T4_SBS6_CpG_distance100,chr8_13100468_G_A__cg16749785__ENST00000276297_9,DLC1,0.0010919570922851,0.0010919570922851,G[C>T]G,destroyed,106,0.153916597366333,42,single seed-42 values; no across-seed interval
5b,chr8_70148394_G_A__cg20699548__ENST00000452400_7,NCOA2,T4_SBS6_CpG_distance100,chr9_136499203_C_T__cg14570652__ENST00000651671_1,NOTCH1,-0.0010757446289062,0.0010757446289062,G[C>T]G,destroyed,81,0.153916597366333,42,single seed-42 values; no across-seed interval
5b,chr8_70148394_G_A__cg20699548__ENST00000452400_7,NCOA2,T4_SBS6_CpG_distance100,chr9_132198538_C_T__cg09496695__ENST00000393229_4,NTNG2,0.0010026097297668,0.0010026097297668,G[C>T]G,destroyed,79,0.153916597366333,42,single seed-42 values; no across-seed interval
5b,chr8_70148394_G_A__cg20699548__ENST00000452400_7,NCOA2,T4_SBS6_CpG_distance100,chr9_98708468_G_A__cg13570262__ENST00000259455_4,GABBR2,0.0009653121232986,0.0009653121232986,A[C>T]G,destroyed,46,0.153916597366333,42,single seed-42 values; no across-seed interval
5b,chr8_70148394_G_A__cg20699548__ENST00000452400_7,NCOA2,T4_SBS6_CpG_distance100,chr8_38176288_G_A__cg27087572__ENST00000311351_9,LSM1,-0.0008983351290225,0.0008983351290225,T[C>T]G,destroyed,79,0.153916597366333,42,single seed-42 values; no across-seed interval
5b,chr8_70148394_G_A__cg20699548__ENST00000452400_7,NCOA2,T4_SBS6_CpG_distance100,chr9_133256029_G_A__cg14639822__ENST00000538324_2,ABO,-0.0008044242858886,0.0008044242858886,C[C>T]G,destroyed,68,0.153916597366333,42,single seed-42 values; no across-seed interval
5b,chr8_70148394_G_A__cg20699548__ENST00000452400_7,NCOA2,T4_SBS6_CpG_distance100,chr9_69516779_G_A__cg13982318__ENST00000265381_7,APBA1,0.0007777214050292,0.0007777214050292,G[C>T]G,destroyed,40,0.153916597366333,42,single seed-42 values; no across-seed interval
5b,chr8_70148394_G_A__cg20699548__ENST00000452400_7,NCOA2,T4_SBS6_CpG_distance100,chr8_38176300_G_A__cg27087572__ENST00000311351_9,LSM1,0.000742919743061,0.000742919743061,C[C>T]G,destroyed,67,0.153916597366333,42,single seed-42 values; no across-seed interval
5b,chr8_70148394_G_A__cg20699548__ENST00000452400_7,NCOA2,T4_SBS6_CpG_distance100,chr8_124486072_C_T__cg07454113__ENST00000303545_4,RNF139,-0.0007046461105346,0.0007046461105346,A[C>T]G,destroyed,91,0.153916597366333,42,single seed-42 values; no across-seed interval
5b,chr8_70148394_G_A__cg20699548__ENST00000452400_7,NCOA2,T4_SBS6_CpG_distance100,chr8_91970661_G_A__cg12030310__ENST00000436581_7,RUNX1T1,-0.0006380677223205,0.0006380677223205,G[C>T]G,destroyed,73,0.153916597366333,42,single seed-42 values; no across-seed interval
5b,chr8_70148394_G_A__cg20699548__ENST00000452400_7,NCOA2,T4_SBS6_CpG_distance100,chr8_1668357_G_A__cg16520712__ENST00000637795_2,DLGAP2,0.0003078579902648,0.0003078579902648,G[C>T]G,destroyed,73,0.153916597366333,42,single seed-42 values; no across-seed interval
5b,chr8_70148394_G_A__cg20699548__ENST00000452400_7,NCOA2,T4_SBS6_CpG_distance100,chr8_2072490_C_T__cg21944972__ENST00000262113_9,MYOM2,0.0002890825271606,0.0002890825271606,G[C>T]G,destroyed,4,0.153916597366333,42,single seed-42 values; no across-seed interval
5b,chr8_70148394_G_A__cg20699548__ENST00000452400_7,NCOA2,T4_SBS6_CpG_distance100,chr9_70537207_C_T__cg14170392__ENST00000677713_2,TRPM3,-0.0002121925354003,0.0002121925354003,C[C>T]G,destroyed,75,0.153916597366333,42,single seed-42 values; no across-seed interval
5b,chr8_70148394_G_A__cg20699548__ENST00000452400_7,NCOA2,T4_SBS6_CpG_distance100,chr8_143870968_G_A__cg12397273__ENST00000615648_2,EPPK1,-0.0001955032348632,0.0001955032348632,A[C>T]G,destroyed,74,0.153916597366333,42,single seed-42 values; no across-seed interval
5b,chr8_70148394_G_A__cg20699548__ENST00000452400_7,NCOA2,T4_SBS6_CpG_distance100,chr8_56445858_C_T__cg04598121__ENST00000451791_7,PENK,-0.0001839399337768,0.0001839399337768,A[C>T]G,destroyed,88,0.153916597366333,42,single seed-42 values; no across-seed interval
5b,chr8_70148394_G_A__cg20699548__ENST00000452400_7,NCOA2,T4_SBS6_CpG_distance100,chr8_1894539_C_T__cg11087042__ENST00000349830_8,ARHGEF10,-0.0001583099365234,0.0001583099365234,C[C>T]G,destroyed,46,0.153916597366333,42,single seed-42 values; no across-seed interval
