panel,arm,matrix_id,factor,ets_family,n_covered,n_blocks,coupling_spearman,ci_low,ci_high,partial_gc_distance,partial_gc_distance_substitution,q_bh,consensus,uncertainty
7a,fusion,MA0641.1,ELF4,True,1005,177,-0.2735257146315192,-0.3473430598775556,-0.1905259962389791,-0.2768093196955331,-0.2857284590927846,1.0867353847025893e-18,AACCCGGAAGTG,1 Mb block bootstrap
7a,fusion,MA0156.4,FEV,True,2068,220,-0.2600119008438088,-0.306627103171563,-0.1991333996991459,-0.2627867726422727,-0.2576256005190903,2.6559025805952786e-33,ACCGGAAGT,1 Mb block bootstrap
7a,fusion,MA0598.4,EHF,True,1711,213,-0.248925518022836,-0.2984647376319436,-0.18993902552007,-0.25178860407861,-0.249947038374922,1.419078194320527e-25,CACTTCCTG,1 Mb block bootstrap
7a,fusion,MA2340.1,ZBTB2,False,505,108,-0.2395021111160598,-0.3658039495591588,-0.076734042885914,-0.2330481945243619,-0.2517635995094362,5.6573419439767255e-08,ACCGGAAGTG,1 Mb block bootstrap
7a,fusion,MA0473.4,ELF1,True,1352,200,-0.2391754646381158,-0.296119720431755,-0.1640093829958927,-0.2443957456976591,-0.2313849697893117,4.974068028166412e-19,CAGGAAGTG,1 Mb block bootstrap
7a,fusion,MA2329.1,ZBTB11,False,1051,178,-0.238772690193892,-0.3154592795277391,-0.1515562388151081,-0.2439246730273081,-0.2492019845142669,4.5190556840400215e-15,CACTTCCGG,1 Mb block bootstrap
7a,fusion,MA0761.3,ETV1,True,1606,213,-0.2355323228016573,-0.3047558726629768,-0.1679706914266004,-0.24046053917598,-0.2385529998238595,1.1304714686132718e-21,ACAGGAAGT,1 Mb block bootstrap
7a,fusion,MA0640.3,ELF3,True,1666,214,-0.2355008176418102,-0.28355741869568,-0.188989542471413,-0.2392219393338381,-0.2170543127299257,2.0278818693066729e-22,CACTTCCTG,1 Mb block bootstrap
7a,fusion,MA0474.4,ERG,True,1381,200,-0.2335633973366364,-0.2991661820841911,-0.1649506904093215,-0.2354496087498203,-0.2305699345834269,1.4978651532653976e-18,ACAGGAAGTG,1 Mb block bootstrap
7a,fusion,MA0062.4,GABPA,True,968,185,-0.2274468322927835,-0.3053866924241641,-0.1364884041922785,-0.2300951101986027,-0.2250337666404066,8.529400055697041e-13,CACTTCCTGT,1 Mb block bootstrap
7a,fusion,MA1954.2,FOXO1::ELK1,True,1071,201,-0.225072406482638,-0.3076087733267947,-0.147817570233607,-0.2258240140425376,-0.2243229053957019,9.623661109416173e-14,ATCAACAGGAAGT,1 Mb block bootstrap
7a,fusion,MA0765.4,ETV5,True,1952,208,-0.2228374668472165,-0.2962923302332859,-0.1410139132886192,-0.2260327191289165,-0.2199252510423751,2.219260807077768e-23,ACCGGAAGT,1 Mb block bootstrap
7a,fusion,MA0686.2,SPDEF,True,2805,230,-0.2185828836271756,-0.2751858062934236,-0.1574660307420609,-0.2170913348137882,-0.2178400162428471,1.094863075308593e-31,ACCCGGATGT,1 Mb block bootstrap
7a,fusion,MA1992.2,IKZF3,False,1803,214,-0.2155973817530781,-0.27001025850626,-0.1525748828800585,-0.2197180707110939,-0.213445587029599,2.1469773240228662e-20,CAGGAAGTG,1 Mb block bootstrap
7b,k-mer ridge,MA0641.1,ELF4,,1005,177,-0.4666443902789449,-0.545884152818579,-0.3606713361289593,-0.4664781048133777,-0.5078804028782006,1.793515440954975e-55,AACCCGGAAGTG,1 Mb block bootstrap
7b,k-mer ridge,MA0156.4,FEV,,2068,220,-0.4656997525206759,-0.5300783039065197,-0.4047916456651457,-0.4672743680450308,-0.4766069233916534,8.032948951930669e-112,ACCGGAAGT,1 Mb block bootstrap
7b,k-mer ridge,MA0598.4,EHF,,1711,213,-0.3654999632271962,-0.4260003545093866,-0.2919284207436256,-0.3646310089136166,-0.3651735433231136,3.3066648013198435e-55,CACTTCCTG,1 Mb block bootstrap
7b,k-mer ridge,MA2340.1,ZBTB2,,505,108,-0.3691286736838992,-0.5284779588469192,-0.1916273488932282,-0.3677048048623696,-0.4428789204611493,1.1097255624825656e-17,ACCGGAAGTG,1 Mb block bootstrap
7b,k-mer ridge,MA0473.4,ELF1,,1352,200,-0.2956425227034061,-0.3766563204980074,-0.2101038099973496,-0.2971332587553745,-0.2994543852139537,1.2202292319056007e-28,CAGGAAGTG,1 Mb block bootstrap
7b,k-mer ridge,MA2329.1,ZBTB11,,1051,178,-0.3093133249486449,-0.4028218935913769,-0.1987678186140226,-0.3124378181719238,-0.3323894748452445,1.0873703892674787e-24,CACTTCCGG,1 Mb block bootstrap
7b,k-mer ridge,MA0761.3,ETV1,,1606,213,-0.3757766112443126,-0.4464976376922422,-0.3084223074192698,-0.3785077270978811,-0.3874632084764529,5.190380459810743e-55,ACAGGAAGT,1 Mb block bootstrap
7b,k-mer ridge,MA0640.3,ELF3,,1666,214,-0.3128956500572484,-0.3833266396349147,-0.2403843928392577,-0.3142495100738151,-0.3097515151896854,3.868781699825976e-39,CACTTCCTG,1 Mb block bootstrap
7b,k-mer ridge,MA0474.4,ERG,,1381,200,-0.3994542557146616,-0.461128992884172,-0.3276083025665082,-0.3998629142118482,-0.4010398637861813,4.9029571281577974e-54,ACAGGAAGTG,1 Mb block bootstrap
7b,k-mer ridge,MA0062.4,GABPA,,968,185,-0.3769202284905815,-0.4708578767469601,-0.2919819195562039,-0.3822502212939015,-0.3807455150621828,5.2201778792339375e-34,CACTTCCTGT,1 Mb block bootstrap
7b,k-mer ridge,MA1954.2,FOXO1::ELK1,,1071,201,-0.2684417023412906,-0.3563665068683205,-0.171183191710447,-0.2686632902217968,-0.2785870946518489,4.504402196699729e-19,ATCAACAGGAAGT,1 Mb block bootstrap
7b,k-mer ridge,MA0765.4,ETV5,,1952,208,-0.3883180939787627,-0.4587210500515891,-0.3149793856477459,-0.3866199372173288,-0.4151646311801265,2.9080281712667017e-71,ACCGGAAGT,1 Mb block bootstrap
7b,k-mer ridge,MA0686.2,SPDEF,,2805,230,-0.2843263178479608,-0.3469325781210313,-0.2246983723525846,-0.2843718767232662,-0.3066531776906557,2.696044553303548e-53,ACCCGGATGT,1 Mb block bootstrap
7b,k-mer ridge,MA1992.2,IKZF3,,1803,214,-0.3498400540471073,-0.4094596154018138,-0.2827802308494337,-0.3502819214235288,-0.3794044711267743,4.898484656052343e-53,CAGGAAGTG,1 Mb block bootstrap
