model,seed,estimator,coverage,n_retained,beta_mae,roc_auc,panel
fusion,42,rc_disagreement,0.1,2657,0.0396401505597639,0.9964052680063245,6b
fusion,42,rc_disagreement,0.15,3986,0.0406835673531592,0.9970143718202495,6b
fusion,42,rc_disagreement,0.2,5314,0.0426262606369624,0.9968703198113952,6b
fusion,42,rc_disagreement,0.25,6642,0.0442653950329031,0.9967600377736728,6b
fusion,42,rc_disagreement,0.3,7971,0.0453832948575943,0.996783273752991,6b
fusion,42,rc_disagreement,0.35,9300,0.0470087815444635,0.9965022726543392,6b
fusion,42,rc_disagreement,0.4,10628,0.0484937143128341,0.9963407777733128,6b
fusion,42,rc_disagreement,0.45,11956,0.0501891729596322,0.9959820394327644,6b
fusion,42,rc_disagreement,0.5,13285,0.0530934928437588,0.99547014819073,6b
fusion,42,rc_disagreement,0.55,14614,0.0562361386933507,0.9946806450230437,6b
fusion,42,rc_disagreement,0.6,15942,0.058965199719723,0.9939435522984088,6b
fusion,42,rc_disagreement,0.65,17270,0.062009320019857,0.9929726875793986,6b
fusion,42,rc_disagreement,0.7,18599,0.0657927718927521,0.9915589399883687,6b
fusion,42,rc_disagreement,0.75,19928,0.0692000843265388,0.9899971312736108,6b
fusion,42,rc_disagreement,0.8,21256,0.0725537096926832,0.988031344163256,6b
fusion,42,rc_disagreement,0.85,22584,0.0758617983099323,0.9858867114547644,6b
fusion,42,rc_disagreement,0.9,23913,0.0794746260904071,0.9834209556395236,6b
fusion,42,rc_disagreement,0.95,25242,0.0836258461716341,0.9804761893702846,6b
fusion,42,rc_disagreement,1.0,26570,0.0885394215008427,0.976516133213212,6b
fusion,42,cross_seed_sd,0.1,2657,0.0252730091676216,0.9982203447705724,6b
fusion,42,cross_seed_sd,0.15,3986,0.0273161777949387,0.9988650149560464,6b
fusion,42,cross_seed_sd,0.2,5314,0.0298466265021402,0.9990072474070464,6b
fusion,42,cross_seed_sd,0.25,6642,0.0319141313329605,0.9991010422991298,6b
fusion,42,cross_seed_sd,0.3,7971,0.0342009498626988,0.9989979280391544,6b
fusion,42,cross_seed_sd,0.35,9300,0.0366212581786557,0.998706499894023,6b
fusion,42,cross_seed_sd,0.4,10628,0.0392082882877267,0.9985701509646904,6b
fusion,42,cross_seed_sd,0.45,11956,0.0431371974004693,0.9979897271324782,6b
fusion,42,cross_seed_sd,0.5,13285,0.046682570711245,0.9972321444881568,6b
fusion,42,cross_seed_sd,0.55,14614,0.0502848964322111,0.9965641692485236,6b
fusion,42,cross_seed_sd,0.6,15942,0.0539018844382311,0.9957331133513684,6b
fusion,42,cross_seed_sd,0.65,17270,0.0576098689006735,0.9945453123510908,6b
fusion,42,cross_seed_sd,0.7,18599,0.0616561763288358,0.9931393379448792,6b
fusion,42,cross_seed_sd,0.75,19928,0.0662103976286464,0.9911985446746252,6b
fusion,42,cross_seed_sd,0.8,21256,0.070435341305041,0.98906641594616,6b
fusion,42,cross_seed_sd,0.85,22584,0.0749147064870068,0.9863625380092602,6b
fusion,42,cross_seed_sd,0.9,23913,0.0790653458088553,0.98357181566529,6b
fusion,42,cross_seed_sd,0.95,25242,0.0836711055460609,0.9801383101819864,6b
fusion,42,cross_seed_sd,1.0,26570,0.0885394215008428,0.976516133213212,6b
fusion,42,boundary_distance,0.1,2657,0.022237049304769,0.9959818884818884,6b
fusion,42,boundary_distance,0.15,3986,0.0248669360347729,0.9974702005129318,6b
fusion,42,boundary_distance,0.2,5314,0.0260954742728408,0.9980851664436268,6b
fusion,42,boundary_distance,0.25,6642,0.0282754555159634,0.9985841121804192,6b
fusion,42,boundary_distance,0.3,7971,0.0304783819657037,0.9984458226731424,6b
fusion,42,boundary_distance,0.35,9300,0.0323527483257054,0.9987009947650274,6b
fusion,42,boundary_distance,0.4,10628,0.0346075482538115,0.9987233200856684,6b
fusion,42,boundary_distance,0.45,11956,0.0373950375976008,0.9984907811787884,6b
fusion,42,boundary_distance,0.5,13285,0.0403146531979322,0.9981280511063264,6b
fusion,42,boundary_distance,0.55,14614,0.0439911825093016,0.9976281180830068,6b
fusion,42,boundary_distance,0.6,15942,0.0479955348672419,0.9970637888789508,6b
fusion,42,boundary_distance,0.65,17270,0.0522874882257881,0.9962017512597858,6b
fusion,42,boundary_distance,0.7,18599,0.0567740337874647,0.9951730758877306,6b
fusion,42,boundary_distance,0.75,19928,0.0612639478938562,0.9938580559534266,6b
fusion,42,boundary_distance,0.8,21256,0.0670304642908078,0.9917798758628964,6b
fusion,42,boundary_distance,0.85,22584,0.0723148641697812,0.989197113275634,6b
fusion,42,boundary_distance,0.9,23913,0.0777545638273735,0.9858726936771012,6b
fusion,42,boundary_distance,0.95,25242,0.0831385678242553,0.9817115266723268,6b
fusion,42,boundary_distance,1.0,26570,0.0885394215008428,0.976516133213212,6b
fusion,42,combined,0.1,2657,0.0224991245927848,0.9981089592653638,6b
fusion,42,combined,0.15,3986,0.025248327828024,0.9986841236841236,6b
fusion,42,combined,0.2,5314,0.0272762866343392,0.998842716441302,6b
fusion,42,combined,0.25,6642,0.0294256350799533,0.9989505489956256,6b
fusion,42,combined,0.3,7971,0.0320783299620034,0.9989232348665984,6b
fusion,42,combined,0.35,9300,0.0346169267426074,0.9987973060153548,6b
fusion,42,combined,0.4,10628,0.0381948645843128,0.9984194994840544,6b
fusion,42,combined,0.45,11956,0.0412610710494381,0.998049872639381,6b
fusion,42,combined,0.5,13285,0.0458251510990736,0.997196050485147,6b
fusion,42,combined,0.55,14614,0.0497212307863189,0.9966512958492648,6b
fusion,42,combined,0.6,15942,0.0537784405831334,0.9957910948284544,6b
fusion,42,combined,0.65,17270,0.0578436069592529,0.994774906044012,6b
fusion,42,combined,0.7,18599,0.0618537297039769,0.993312613565227,6b
fusion,42,combined,0.75,19928,0.0661456316493091,0.9912197738944064,6b
fusion,42,combined,0.8,21256,0.07038057321394,0.9890671818292204,6b
fusion,42,combined,0.85,22584,0.0748024706399386,0.9864992603889442,6b
fusion,42,combined,0.9,23913,0.078891961904357,0.9837353440618674,6b
fusion,42,combined,0.95,25242,0.0832493800037552,0.9804505448885358,6b
fusion,42,combined,1.0,26570,0.0885394215008428,0.976516133213212,6b
fusion,42,random,0.1,2657,0.0888290683948145,0.9734170875702244,6b
fusion,42,random,0.15,3986,0.088922686722294,0.973194399907928,6b
fusion,42,random,0.2,5314,0.0890571445055441,0.9734810811667244,6b
fusion,42,random,0.25,6642,0.0885410565308451,0.9736134507151988,6b
fusion,42,random,0.3,7971,0.089623528127545,0.97421979233785,6b
fusion,42,random,0.35,9300,0.0888551207834614,0.9748039091465434,6b
fusion,42,random,0.4,10628,0.0891575991315136,0.9744725131239704,6b
fusion,42,random,0.45,11956,0.0895898998541664,0.9744037321250656,6b
fusion,42,random,0.5,13285,0.0892244688598358,0.9751207579635964,6b
fusion,42,random,0.55,14614,0.0888225553248258,0.9758707190066856,6b
fusion,42,random,0.6,15942,0.0888078463113496,0.9760989247694476,6b
fusion,42,random,0.65,17270,0.0889133216156642,0.9759980172882624,6b
fusion,42,random,0.7,18599,0.0890177100141672,0.9759266127202388,6b
fusion,42,random,0.75,19928,0.0884635613147037,0.9760675981829704,6b
fusion,42,random,0.8,21256,0.0885914925608836,0.9760550275471788,6b
fusion,42,random,0.85,22584,0.0885514783140974,0.9762551882213162,6b
fusion,42,random,0.9,23913,0.0884772149664428,0.9765182085627118,6b
fusion,42,random,0.95,25242,0.0883651842082512,0.9766911797106276,6b
fusion,42,random,1.0,26570,0.0885394215008427,0.976516133213212,6b
