matrix_id,factor,motif_gc_content,motif_consensus_cpg_count,coupling_spearman,coupling_partial_gc_distance,n_covered,panel,spearman_gc_vs_coupling
MA0641.1,ELF4,0.5510048385948497,1,-0.2735257146315192,-0.2768093196955331,1005,7e,-0.20910479602386217
MA0156.4,FEV,0.5590689141369262,1,-0.2600119008438088,-0.2627867726422727,2068,7e,-0.20910479602386217
MA0598.4,EHF,0.5067740979316228,0,-0.248925518022836,-0.25178860407861,1711,7e,-0.20910479602386217
MA2340.1,ZBTB2,0.6220588235294118,1,-0.2395021111160598,-0.2330481945243619,505,7e,-0.20910479602386217
MA0473.4,ELF1,0.5361493142050384,0,-0.2391754646381158,-0.2443957456976591,1352,7e,-0.20910479602386217
MA2329.1,ZBTB11,0.6492997588573548,1,-0.238772690193892,-0.2439246730273081,1051,7e,-0.20910479602386217
MA0761.3,ETV1,0.4850785574004641,0,-0.2355323228016573,-0.24046053917598,1606,7e,-0.20910479602386217
MA0640.3,ELF3,0.5031315359645566,0,-0.2355008176418102,-0.2392219393338381,1666,7e,-0.20910479602386217
MA0474.4,ERG,0.5041647262324529,0,-0.2335633973366364,-0.2354496087498203,1381,7e,-0.20910479602386217
MA0062.4,GABPA,0.5048625534514356,0,-0.2274468322927835,-0.2300951101986027,968,7e,-0.20910479602386217
MA1954.2,FOXO1::ELK1,0.4363038529417197,0,-0.225072406482638,-0.2258240140425376,1071,7e,-0.20910479602386217
MA0765.4,ETV5,0.5803367739898505,1,-0.2228374668472165,-0.2260327191289165,1952,7e,-0.20910479602386217
MA0686.2,SPDEF,0.56141431566691,1,-0.2185828836271756,-0.2170913348137882,2805,7e,-0.20910479602386217
MA1992.2,IKZF3,0.5525056306306306,0,-0.2155973817530781,-0.2197180707110939,1803,7e,-0.20910479602386217
MA1483.3,ELF2,0.5444268910498608,1,-0.2073364878942328,-0.2095466372529264,3110,7e,-0.20910479602386217
MA0475.3,FLI1,0.5386671455008707,1,-0.2025641334347533,-0.2048471382630781,4845,7e,-0.20910479602386217
MA2332.1,ZNF175,0.4736703528172722,0,-0.2022976403685143,-0.2051827617636446,1161,7e,-0.20910479602386217
MA1953.2,FOXO1::ELF1,0.4159414535459695,0,-0.2010329662061465,-0.2020395636702285,1969,7e,-0.20910479602386217
MA0759.3,ELK3,0.598035798754618,1,-0.2001656158232221,-0.2075665631180856,1822,7e,-0.20910479602386217
MA1955.2,FOXO1::ELK3,0.4342168396943909,0,-0.1996948160744405,-0.1954888374538062,1139,7e,-0.20910479602386217
MA0764.4,ETV4,0.6006751776465344,1,-0.1946743826973423,-0.1974965379342055,4829,7e,-0.20910479602386217
MA0670.2,NFIA,0.5000001094006976,0,-0.1943063075198156,-0.1944351737665265,2025,7e,-0.20910479602386217
MA0506.3,NRF1,0.7675896831631316,2,-0.1939059453205429,-0.1912081191756114,406,7e,-0.20910479602386217
MA0750.3,ZBTB7A,0.655249738196057,1,-0.1933177434937734,-0.1981446136079931,1362,7e,-0.20910479602386217
MA0756.3,ONECUT2,0.341207340666771,1,0.1930386970654747,0.1928806882766264,1637,7e,-0.20910479602386217
MA0762.2,ETV2,0.4976472557392766,1,-0.1908454805272486,-0.1925875761986881,2830,7e,-0.20910479602386217
MA1520.2,MAF,0.5193238607013374,0,-0.19008508053318,-0.1875246823464464,236,7e,-0.20910479602386217
MA0760.2,ERF,0.5380853894818192,1,-0.1851592418747057,-0.186971282872531,2963,7e,-0.20910479602386217
MA0076.3,ELK4,0.6313853234798392,1,-0.1845098527969055,-0.1854383331890735,4393,7e,-0.20910479602386217
MA0098.4,ETS1,0.5455709844445729,1,-0.1806568668325781,-0.1825670081600592,4282,7e,-0.20910479602386217
MA0652.2,IRF8,0.4513338103098139,2,-0.1750049441324008,-0.1788490696828238,301,7e,-0.20910479602386217
MA0028.3,ELK1,0.5852323789329597,1,-0.1739853867275075,-0.1767551530550127,1699,7e,-0.20910479602386217
MA0051.2,IRF2,0.4182692307692307,1,-0.1738918001107502,-0.1811452531907979,332,7e,-0.20910479602386217
MA1527.2,NFIC,0.600770901416113,1,-0.1734103825690851,-0.1776597348826688,554,7e,-0.20910479602386217
MA1553.2,RARG,0.5157049125669638,0,0.1692040392030143,0.1755693924114044,337,7e,-0.20910479602386217
MA1508.2,IKZF1,0.4117707665537137,0,-0.1687359676739956,-0.1700438898409247,2073,7e,-0.20910479602386217
MA0822.1,HES7,0.7264193894941032,1,0.1653515160309396,0.1677278945105159,243,7e,-0.20910479602386217
MA0755.2,CUX2,0.2751764971876541,1,0.1649127990945635,0.1684112079680314,922,7e,-0.20910479602386217
MA2102.1,ZBTB17,0.306020066889632,1,0.1625541249964213,0.1634169554128654,973,7e,-0.20910479602386217
MA1494.2,HNF4A,0.5070947214417917,0,0.1576275716199101,0.149042316018934,291,7e,-0.20910479602386217
MA1999.2,PRDM5,0.5074837443258495,0,0.1557735163768555,0.1606576550910608,575,7e,-0.20910479602386217
MA0072.2,RORA,0.3697788697788697,0,0.1554325563043031,0.1526524584371164,429,7e,-0.20910479602386217
MA1521.2,MAFA,0.5547015234559936,0,-0.1552274834447565,-0.1505564595083259,285,7e,-0.20910479602386217
MA0095.4,YY1,0.3962086784008858,0,0.1535414970042277,0.1539035156954785,1522,7e,-0.20910479602386217
MA0740.2,KLF14,0.8704052656148464,1,-0.15105983588076,-0.1517637937316539,4566,7e,-0.20910479602386217
MA1420.1,IRF5,0.4804323879118781,2,-0.1477848540977398,-0.1533226356077102,325,7e,-0.20910479602386217
MA1942.2,ETV2::FOXI1,0.4528485309643395,0,-0.1459485788556114,-0.1456520754752305,4979,7e,-0.20910479602386217
MA1995.2,NPAS4,0.5720104580164841,1,0.1454150828329534,0.1424375805414758,469,7e,-0.20910479602386217
MA1541.2,NR6A1,0.4655752876662059,0,0.1451113673784273,0.1447283289176778,644,7e,-0.20910479602386217
MA1552.2,RARB,0.5457256299397524,0,0.1444337245919995,0.1416429412180739,759,7e,-0.20910479602386217
MA0517.2,STAT1::STAT2,0.373776786820265,0,-0.1422595633548093,-0.1477059339221953,2388,7e,-0.20910479602386217
MA1967.2,TFAP4::FLI1,0.5758461514830497,1,-0.1391362151677256,-0.1552359954203017,435,7e,-0.20910479602386217
MA0145.2,TFCP2L1,0.6096069674688188,0,-0.1390993644693985,-0.1385619453494692,4510,7e,-0.20910479602386217
MA1950.2,FLI1::FOXI1,0.4097094583022914,0,-0.1387264665678194,-0.1384767442639311,3892,7e,-0.20910479602386217
MA1630.3,ZNF281,0.8794272593673791,0,-0.137827898062312,-0.1378631393424691,2854,7e,-0.20910479602386217
MA0496.4,MAFK,0.5411868174350054,0,-0.1372818207938168,-0.1262845292828717,413,7e,-0.20910479602386217
MA1956.2,FOXO1::FLI1,0.4117319526296216,0,-0.1356507190788642,-0.1350671079105443,1607,7e,-0.20910479602386217
MA1974.2,ZNF211,0.2934591194968553,0,0.1356456570769973,0.1331424612876375,562,7e,-0.20910479602386217
MA1117.2,RELB,0.5650258280158007,0,-0.1338045043507289,-0.139061770226044,1083,7e,-0.20910479602386217
MA1957.1,HOXB2::ELK1,0.4816361353751977,1,-0.1307069222029004,-0.1284278358136146,719,7e,-0.20910479602386217
MA2333.1,ZNF35,0.1893271092734127,0,0.1303846102711989,0.1304254158600919,884,7e,-0.20910479602386217
MA1994.2,NKX2-1,0.4233428026138733,0,0.130186245259167,0.1274053204662072,754,7e,-0.20910479602386217
MA0039.5,KLF4,0.8196213587014941,0,-0.1292219957103811,-0.1306219447619143,3107,7e,-0.20910479602386217
MA1952.2,FOXJ2::ELF1,0.4212290770460807,0,-0.1284992169367576,-0.1300133477603271,4968,7e,-0.20910479602386217
MA0081.3,SPIB,0.468540686597944,0,-0.1279149318955508,-0.1208406470980849,939,7e,-0.20910479602386217
MA0103.4,ZEB1,0.6613263785394933,0,0.1276109433948867,0.1288614586692402,4522,7e,-0.20910479602386217
MA0107.1,RELA,0.5631578947368421,0,-0.1268932311921803,-0.1342966310771681,1034,7e,-0.20910479602386217
MA0732.2,EGR3,0.7898401688806693,2,-0.1260727974438647,-0.1247024728784221,1391,7e,-0.20910479602386217
MA0645.2,ETV6,0.5830577608710961,1,-0.1250305643713245,-0.1257120313636771,6768,7e,-0.20910479602386217
MA0870.1,SOX1,0.3020293873648655,0,0.1243392235315766,0.132216947056848,274,7e,-0.20910479602386217
MA0829.3,SREBF1,0.4566507980957714,0,0.1234412647236265,0.1256095445044893,502,7e,-0.20910479602386217
MA1726.2,ZNF331,0.6536395147313692,0,-0.1224841895310307,-0.1245667331307696,1033,7e,-0.20910479602386217
MA0653.1,IRF9,0.4162471610165993,2,-0.1221347901484647,-0.1314587365193121,212,7e,-0.20910479602386217
MA0763.2,ETV3,0.5332702870330333,1,-0.1220251231170417,-0.120663756630468,5256,7e,-0.20910479602386217
MA0059.2,MAX::MYC,0.6090909090909091,1,0.1214959206989537,0.1229508815366789,454,7e,-0.20910479602386217
MA0161.3,NFIC,0.5667827606576745,0,-0.1203000402778291,-0.1205819336818619,826,7e,-0.20910479602386217
MA0077.2,SOX9,0.3425324675324676,0,0.12014560508547,0.1206528008044032,3812,7e,-0.20910479602386217
MA1627.2,WT1,0.754006820119352,0,-0.1193784701898051,-0.1214208464938251,2096,7e,-0.20910479602386217
MA0527.2,ZBTB33,0.6447592067988669,2,0.1188151134715838,0.115354006373288,734,7e,-0.20910479602386217
MA1119.2,SIX2,0.3870637063706371,0,-0.1187205029799775,-0.1222011061414258,470,7e,-0.20910479602386217
MA0659.4,MAFG,0.546846264724887,0,-0.1183727749221119,-0.0987902419052062,210,7e,-0.20910479602386217
MA0009.2,TBXT,0.467843368243679,0,-0.1180464587248314,-0.1155589168109479,299,7e,-0.20910479602386217
MA1539.1,NR2F6,0.5314971301016163,0,0.1180080848411438,0.1141286716518404,480,7e,-0.20910479602386217
MA1938.2,ERF::NHLH1,0.6241321026619009,1,-0.1179217162090553,-0.1188937694910981,905,7e,-0.20910479602386217
MA0079.5,SP1,0.9132297147297148,1,-0.1176372810807739,-0.1178397086258745,3071,7e,-0.20910479602386217
MA0516.3,SP2,0.9005215786652911,1,-0.1171735090133678,-0.1175747452832153,4191,7e,-0.20910479602386217
MA0493.3,KLF1,0.8860898956333088,1,-0.1169292986063662,-0.1178998864606016,4287,7e,-0.20910479602386217
MA0471.3,E2F6,0.7415594126710777,1,-0.1165654851929168,-0.1191736222759386,2711,7e,-0.20910479602386217
MA1555.1,RXRB,0.579479060558734,0,0.1161933896413003,0.1157494424668768,540,7e,-0.20910479602386217
MA2122.1,EBF4,0.6829172638184141,0,-0.1157151921621669,-0.1136218696840522,676,7e,-0.20910479602386217
MA0080.7,SPI1,0.4634692344984267,0,-0.1151011579333614,-0.1078274235336162,583,7e,-0.20910479602386217
MA0139.2,CTCF,0.6872230007054639,1,-0.1148089066976038,-0.1145973847211324,2336,7e,-0.20910479602386217
MA0772.2,IRF7,0.3717313909765642,2,-0.1130372415327063,-0.1153166218203612,1004,7e,-0.20910479602386217
MA0785.2,POU2F1,0.2258113026620302,0,0.1127818336796548,0.1131577699200857,2171,7e,-0.20910479602386217
MA1722.2,ZSCAN31,0.5702427663305497,1,0.1121149147518171,0.1595133135668295,254,7e,-0.20910479602386217
MA1511.2,KLF10,0.9057168712857336,1,-0.111772631523977,-0.1110038949841003,4299,7e,-0.20910479602386217
MA1484.2,ETS2,0.600796370179681,1,-0.111401667569064,-0.1115163043314734,10012,7e,-0.20910479602386217
MA0146.3,ZFX,0.7577684128630706,1,0.1110874529399215,0.1118212964114716,4212,7e,-0.20910479602386217
MA1564.2,SP9,0.7713746101688603,1,-0.1109690783221642,-0.1118423452479053,5499,7e,-0.20910479602386217
MA1961.2,PATZ1,0.8980742991358125,1,-0.1105925182002098,-0.1097669840169972,4721,7e,-0.20910479602386217
MA0754.3,CUX1,0.2635080584079377,1,0.109841977594949,0.1112445185130539,1411,7e,-0.20910479602386217
MA0844.2,XBP1,0.5805839327554326,1,0.1092633418286487,0.1082325736958364,714,7e,-0.20910479602386217
MA1993.2,NEUROD2,0.6707727903748265,0,-0.1076628505631931,-0.1096942124137516,2286,7e,-0.20910479602386217
MA2341.1,FEZF2,0.7030075187969924,0,-0.1072386250503184,-0.1061522326842295,4622,7e,-0.20910479602386217
MA0014.4,PAX5,0.7213375796178344,1,0.1071516672651949,0.1088004097226118,1223,7e,-0.20910479602386217
MA0636.1,BHLHE41,0.5890457456352907,1,0.1068767949590594,0.1013177055481237,449,7e,-0.20910479602386217
MA1708.2,ETV7,0.5572555514717968,1,-0.1064818419266957,-0.1069860639685612,6917,7e,-0.20910479602386217
MA1150.2,RORB,0.4174138961836567,0,0.1041985234508839,0.1073336779313982,2099,7e,-0.20910479602386217
MA1540.3,NR5A1,0.4695969916276429,0,-0.1041689838795311,-0.1058693635091659,267,7e,-0.20910479602386217
MA1935.2,ERF::FOXI1,0.4774890539876101,0,-0.1032686511717877,-0.1038203548295173,10447,7e,-0.20910479602386217
MA0743.3,SCRT1,0.5104633781763827,0,0.1032615096072501,0.1036283966109166,792,7e,-0.20910479602386217
MA1513.2,KLF15,0.967150395778364,1,-0.1031501020618723,-0.1040633224155274,2949,7e,-0.20910479602386217
MA1607.2,FOXL2,0.2442658269804441,0,-0.102829928610887,-0.1016825191364368,1257,7e,-0.20910479602386217
MA1538.1,NR2F1,0.5387051876042962,0,0.101808202468999,0.1026851336983284,641,7e,-0.20910479602386217
MA0083.3,SRF,0.4187040645764868,0,-0.1017616487362121,-0.0827452778103309,203,7e,-0.20910479602386217
MA1945.2,ETV5::FIGLA,0.6186759115576171,1,-0.101460975959796,-0.1024784783996718,953,7e,-0.20910479602386217
MA0500.3,MYOG,0.6497394668575007,0,-0.1010958908628593,-0.0961689012682926,1491,7e,-0.20910479602386217
MA0835.3,BATF3,0.3908872758530121,0,-0.1005755369211698,-0.1043703259190559,1108,7e,-0.20910479602386217
MA0620.4,MITF,0.5136963228812492,1,0.1001385290845877,0.1180730787917899,443,7e,-0.20910479602386217
MA1928.2,BNC2,0.4133741280753443,0,-0.0990500525686671,-0.1063578020681128,743,7e,-0.20910479602386217
MA0092.2,HAND1::TCF3,0.4944444444444443,0,-0.0989457738423922,-0.0992405907546638,5028,7e,-0.20910479602386217
MA0725.2,VSX1,0.1762509717484776,0,0.0983028693724402,0.0980041704769621,2132,7e,-0.20910479602386217
MA0730.1,RARA,0.5001254612970015,0,-0.097939806541299,-0.0995478600972743,252,7e,-0.20910479602386217
MA0746.3,SP3,0.7839532838908422,1,-0.0977911375113206,-0.0985323061122132,5667,7e,-0.20910479602386217
MA0623.2,NEUROG1,0.4073204659565004,0,0.0976276012302386,0.0980166207462381,1811,7e,-0.20910479602386217
MA0726.2,VSX2,0.1637217926863646,0,0.0973610510799283,0.0972591572513391,1638,7e,-0.20910479602386217
MA0147.4,MYC,0.7017246611369614,1,0.0970240227303787,0.0992101983434586,798,7e,-0.20910479602386217
MA0678.1,OLIG2,0.3740223633641195,0,0.0957422794266685,0.0957487385924488,3008,7e,-0.20910479602386217
MA1530.2,NKX6-3,0.2931914380845869,0,0.0951998942460517,0.0954384973189699,3540,7e,-0.20910479602386217
MA0522.4,TCF3,0.7067663160203624,0,0.094859601944327,0.0929990242528172,2114,7e,-0.20910479602386217
MA0792.1,POU5F1B,0.2240429857973083,0,0.0947788020602448,0.0951914131405706,2362,7e,-0.20910479602386217
MA0136.4,ELF5,0.4324833321470093,0,-0.0947413352979129,-0.0968564242854974,2687,7e,-0.20910479602386217
MA1155.1,ZSCAN4,0.4764341351661855,0,-0.0945545457250947,-0.0960335466176166,635,7e,-0.20910479602386217
MA0685.2,SP4,0.883109848678711,1,-0.0945462474878242,-0.0946839569820987,3679,7e,-0.20910479602386217
MA0679.3,ONECUT1,0.173844601592914,0,0.094425908282925,0.0962011145183335,843,7e,-0.20910479602386217
MA1648.2,TCF12,0.7093023255813954,0,0.0942680661637605,0.0950525722285157,1837,7e,-0.20910479602386217
MA0865.3,E2F8,0.6921938826948842,1,-0.0942506248972997,-0.0933110621478309,3056,7e,-0.20910479602386217
MA0489.3,JUN,0.4026462743347785,0,-0.0941457743299609,-0.0985869394552526,905,7e,-0.20910479602386217
MA1548.2,PLAGL2,0.935909399630091,0,0.0941344278107744,0.0926175944356805,2874,7e,-0.20910479602386217
MA1944.2,ETV5::DRGX,0.4156691372298681,1,-0.0938495579339605,-0.0938351725214418,1495,7e,-0.20910479602386217
MA1107.3,KLF9,0.7104751581491221,0,-0.0937214085244164,-0.0960203951825164,1075,7e,-0.20910479602386217
MA1556.1,RXRG,0.59095903223273,0,0.0934856665189717,0.0905823473949464,1172,7e,-0.20910479602386217
MA1592.2,ZNF274,0.4741516392089568,1,0.0932432410700112,0.0920799987018362,3329,7e,-0.20910479602386217
MA1585.2,ZKSCAN1,0.4372552219321148,0,0.0931706609384413,0.0942518842057923,1394,7e,-0.20910479602386217
MA0599.1,KLF5,0.7921099030267411,1,-0.0930070110872115,-0.0929852274482129,11270,7e,-0.20910479602386217
MA1984.2,ZNF667,0.447413813459268,0,-0.0921039145359595,-0.0934356056496966,1145,7e,-0.20910479602386217
MA1717.2,ZNF784,0.5413668403221796,1,0.0910121013016108,0.0899297296321375,2343,7e,-0.20910479602386217
MA0748.3,YY2,0.697946663327908,1,0.0899187771435938,0.0810193288249869,1216,7e,-0.20910479602386217
MA0631.2,SIX3,0.4149803215615678,0,0.0894943192949389,0.0872748592556053,513,7e,-0.20910479602386217
MA1959.2,KLF7,0.9004157020624086,1,-0.0889657287009327,-0.0876013541623608,4427,7e,-0.20910479602386217
MA1943.2,ETV2::HOXB13,0.4150999796631108,1,-0.0877682226195376,-0.0895163295036842,2169,7e,-0.20910479602386217
MA0633.3,TWIST2,0.6707435019141648,0,-0.0876682461172274,-0.0895292482687783,2482,7e,-0.20910479602386217
MA0089.3,MAFG::NFE2L1,0.4628185338641103,0,-0.087577980532312,-0.0806788816879823,512,7e,-0.20910479602386217
MA0078.3,SOX17,0.38134765625,0,-0.0874166076886393,-0.0908546985155434,840,7e,-0.20910479602386217
MA0710.2,NOTO,0.1678128284466994,0,0.0873375550241352,0.0870847170752113,9033,7e,-0.20910479602386217
MA1971.2,ZBED2,0.5481510015408321,1,-0.0868585582454253,-0.0862832177582989,1091,7e,-0.20910479602386217
MA0029.2,MECOM,0.2613636363636363,0,-0.0867113365882812,-0.0987857227176733,524,7e,-0.20910479602386217
MA1495.2,HOXA1,0.1639905098343775,0,0.0865887709457161,0.0870055828492643,5245,7e,-0.20910479602386217
MA1997.2,OLIG2,0.673718441467816,0,-0.0864648335857487,-0.0882575011553088,2844,7e,-0.20910479602386217
MA1723.2,PRDM9,0.628877047952048,0,-0.0863354141465091,-0.0871622613107042,4206,7e,-0.20910479602386217
MA1990.2,GLI1,0.6301948051948052,0,0.0856673512297289,0.0781333644908144,780,7e,-0.20910479602386217
MA0483.2,GFI1B,0.4244608399545971,0,-0.0850552337277671,-0.0836263450819557,6083,7e,-0.20910479602386217
MA0741.1,KLF16,0.7840522593620908,1,-0.0849492870156475,-0.0856099930683958,5325,7e,-0.20910479602386217
MA0593.2,FOXP2,0.2844415471534115,0,-0.0848005637332635,-0.0851206579633567,3486,7e,-0.20910479602386217
MA0836.3,CEBPD,0.3626998554980655,0,-0.084661290824667,-0.0874330111489071,1402,7e,-0.20910479602386217
MA0621.2,MIX-A,0.0338612058030364,0,-0.0842641200558903,-0.0837552571124542,1027,7e,-0.20910479602386217
MA1934.2,ERF::FIGLA,0.6252081748867806,1,-0.0841233914463222,-0.0830731142591624,1264,7e,-0.20910479602386217
MA2326.1,IKZF2,0.5050021939447126,0,-0.0839703818235782,-0.0854859408594292,4030,7e,-0.20910479602386217
MA1646.2,OSR2,0.5365318387467082,0,-0.0838640577740022,-0.0821923254055237,1560,7e,-0.20910479602386217
MA1602.2,ZSCAN29,0.5631935673148099,2,0.0835698324222315,0.0828582691360711,2280,7e,-0.20910479602386217
MA1145.2,FOSL2::JUND,0.4363130723567849,1,0.0833998113404708,0.0821142894448465,454,7e,-0.20910479602386217
MA1623.2,STAT2,0.2831818181818182,0,-0.0832833772215789,-0.086167264759208,1199,7e,-0.20910479602386217
MA1624.2,STAT5A,0.3888888888888889,0,-0.0831577065301284,-0.0895123095581991,963,7e,-0.20910479602386217
MA0661.2,MEOX1,0.2239192642082378,0,0.0828833113313636,0.082851094100989,6239,7e,-0.20910479602386217
MA1932.2,ELK1::HOXB13,0.4494377394368335,1,-0.0825436114126458,-0.0780550408870828,1126,7e,-0.20910479602386217
MA1937.2,ERF::HOXB13,0.4113918304940763,2,-0.0824773693667209,-0.0819084438562352,2592,7e,-0.20910479602386217
MA0687.2,SPIC,0.4109900059761718,0,-0.0824253253807227,-0.0840622077479554,3661,7e,-0.20910479602386217
MA1149.2,RARA::RXRG,0.5530958805196213,0,0.0823051428584744,0.0864506185793345,1721,7e,-0.20910479602386217
MA0861.2,TP73,0.499199571244982,0,0.0819669927592614,0.081664194060797,566,7e,-0.20910479602386217
MA1948.2,ETV5::HOXA2,0.4344613597100713,1,-0.0819198995706118,-0.0823422616563606,2526,7e,-0.20910479602386217
MA0058.4,MAX,0.6577462439089322,1,0.0816304165165955,0.0826130312713446,3766,7e,-0.20910479602386217
MA0104.5,MYCN,0.7161417322834646,1,0.0815662639974506,0.0817631642307778,939,7e,-0.20910479602386217
MA0747.2,SP8,0.7093261188094248,1,-0.080827831710002,-0.080918054887338,6183,7e,-0.20910479602386217
MA1512.2,KLF11,0.7589444427844358,1,-0.0807883043294356,-0.0805417868820101,5711,7e,-0.20910479602386217
MA0150.3,NFE2L2,0.4762410904089033,0,-0.0806226783305911,-0.0782888470874801,853,7e,-0.20910479602386217
MA1949.2,FLI1::DRGX,0.4294530544306552,1,-0.0806182081264456,-0.074692504614459,901,7e,-0.20910479602386217
MA0778.2,NFKB2,0.7150621763125385,0,-0.0803208520900064,-0.0803787675742976,1207,7e,-0.20910479602386217
MA0823.1,HEY1,0.6872512856858088,1,0.0802132345082349,0.0800364024774568,1580,7e,-0.20910479602386217
MA1137.2,FOSL1::JUNB,0.3855588855588855,0,-0.0801228889768267,-0.082501347305565,1170,7e,-0.20910479602386217
MA1114.2,PBX3,0.5211478211335803,0,-0.0799521139369922,-0.0816004001647071,356,7e,-0.20910479602386217
MA0744.3,SCRT2,0.5276569477679047,0,0.0798872697176935,0.0823934836687014,730,7e,-0.20910479602386217
MA0482.3,GATA4,0.3458209777175294,0,-0.0797670631680853,-0.0797762779003283,1308,7e,-0.20910479602386217
MA0825.2,MNT,0.6492868137412908,1,0.0797284040077035,0.0799014585117086,3292,7e,-0.20910479602386217
MA1966.2,TFAP4::ETV1,0.6390394113093494,1,-0.0796067433467608,-0.0662316887923501,799,7e,-0.20910479602386217
MA0912.2,HOXD3,0.2563273942816481,0,0.0794179763071788,0.0804428643400302,2782,7e,-0.20910479602386217
MA0611.3,DUX,0.2489777171980562,0,0.0793002286787767,0.0783144142830234,442,7e,-0.20910479602386217
MA0885.3,DLX2,0.3332381016402258,0,0.0792427644428791,0.0796654929811512,1054,7e,-0.20910479602386217
MA0742.2,KLF12,0.9189551300329744,1,-0.079116146882365,-0.0796605097217799,3372,7e,-0.20910479602386217
MA1710.2,ZNF257,0.6538373801846855,0,-0.0789031282815757,-0.0797355305536828,6027,7e,-0.20910479602386217
MA0722.2,VAX1,0.2014973312168442,0,0.0788471770498813,0.0784556851223422,3899,7e,-0.20910479602386217
MA1136.1,FOSB::JUNB,0.4416786412190602,1,0.0786610523061208,0.0771002468728297,436,7e,-0.20910479602386217
MA0162.5,EGR1,0.7960227458413673,2,-0.0781980949575417,-0.0784437491030708,1510,7e,-0.20910479602386217
MA1463.2,ARGFX,0.1595526837070932,0,0.0781509460481866,0.0781286347550986,2528,7e,-0.20910479602386217
MA0043.4,HLF,0.2767542363243489,0,-0.0780511024819109,-0.0785680247497596,1039,7e,-0.20910479602386217
MA1651.2,ZFP42,0.5283908903418315,0,0.0779273954524927,0.0763610624692698,321,7e,-0.20910479602386217
MA1653.2,ZNF148,0.8422946428571428,0,-0.0765638121934594,-0.071064737617314,2154,7e,-0.20910479602386217
MA0477.3,FOSL1,0.3873642461156764,0,-0.0759584652939386,-0.080028553380201,699,7e,-0.20910479602386217
MA0071.1,RORA,0.4269230769230769,0,0.0754742988791392,0.0765537289578533,1151,7e,-0.20910479602386217
MA0017.3,NR2F1,0.5271555638239948,0,0.0752337593033538,0.0752821661800715,2579,7e,-0.20910479602386217
MA1154.2,ZNF282,0.509611319707214,1,-0.0751552231149768,-0.0635233084370074,483,7e,-0.20910479602386217
MA0163.1,PLAG1,0.781954887218045,0,0.0747028824921868,0.0750141801801219,757,7e,-0.20910479602386217
MA1466.2,ATF6,0.5781730866516437,1,0.074138412863453,0.0796047191698497,203,7e,-0.20910479602386217
MA1516.2,KLF3,0.8211884540970183,1,-0.0740896137189482,-0.0741325057925749,4581,7e,-0.20910479602386217
MA1987.2,ZNF701,0.6262240390817355,0,-0.0738862731826114,-0.0796410909497334,2147,7e,-0.20910479602386217
MA0625.3,NFATC3,0.4722413079313983,0,-0.073553611283003,-0.0735158708498834,11723,7e,-0.20910479602386217
MA1515.2,KLF2,0.8233034657929501,1,-0.0732542700338721,-0.0746694141285624,7960,7e,-0.20910479602386217
MA2002.2,ZFP335,0.615966386554622,0,-0.0729912947290971,-0.0696487071091594,4020,7e,-0.20910479602386217
MA1560.2,SOHLH2,0.6829824100215963,1,0.0729289427868904,0.0723309082763045,2115,7e,-0.20910479602386217
MA1476.3,DLX5,0.3247609122118685,0,0.0724860169656358,0.0722018215860729,1083,7e,-0.20910479602386217
MA1720.2,ZNF85,0.4045584045584046,0,-0.0722822623254766,-0.0732153458462069,658,7e,-0.20910479602386217
MA0514.3,SOX3,0.3792291271630114,0,0.0716656249885048,0.0711619240302689,2188,7e,-0.20910479602386217
MA0628.2,POU6F1,0.0484254601021068,0,-0.0715541420217467,-0.0724052563699913,1140,7e,-0.20910479602386217
MA0706.2,MEOX2,0.2592926283697544,0,0.0710391420702094,0.0711405449702387,3640,7e,-0.20910479602386217
MA1620.2,PTF1A,0.5563180139914496,0,0.0706090033793889,0.0700277726114982,1637,7e,-0.20910479602386217
MA0817.2,BHLHE23,0.3457828241084039,0,0.0704174970977169,0.0673452587552928,1578,7e,-0.20910479602386217
MA0093.4,USF1,0.5255968193729104,0,0.070357750079878,0.076722971920386,496,7e,-0.20910479602386217
MA0050.4,IRF1,0.2937007050235105,0,-0.0702186300942017,-0.0735303384858924,792,7e,-0.20910479602386217
MA0658.2,LHX6,0.2158926367269681,0,0.0700608539533158,0.0698372214326321,7501,7e,-0.20910479602386217
MA0102.5,CEBPA,0.334417244696471,0,-0.0698829502502436,-0.0693831435391703,868,7e,-0.20910479602386217
MA1980.1,ZNF418,0.4614712460526832,0,-0.0692603581604721,-0.0693309429747362,1186,7e,-0.20910479602386217
MA0664.2,MLXIPL,0.568228509973074,1,0.068681627763343,0.0703183230783884,2355,7e,-0.20910479602386217
MA0733.2,EGR4,0.7643261435963439,2,-0.0681964208651738,-0.066312859716877,2002,7e,-0.20910479602386217
MA0883.2,DMBX1,0.3854592312172394,1,-0.067664787312509,-0.0669083159942176,1837,7e,-0.20910479602386217
MA0528.3,ZNF263,0.6998755096245511,0,-0.0676162291794246,-0.0682158102438253,1958,7e,-0.20910479602386217
MA0709.2,MSX3,0.1301971336105674,0,0.0674960866957217,0.0689490386103734,3141,7e,-0.20910479602386217
MA0490.3,JUNB,0.3616694007204545,0,-0.0674136127965291,-0.0694114200022829,579,7e,-0.20910479602386217
MA0114.5,HNF4A,0.4493746192165717,0,0.0671140798451274,0.0743839938568438,747,7e,-0.20910479602386217
MA0786.2,POU3F1,0.2064829373566993,0,0.0668663083252438,0.0672534190885279,2566,7e,-0.20910479602386217
MA1632.2,ATF2,0.4053489350955468,0,0.0667281437526596,0.0627648794407288,743,7e,-0.20910479602386217
MA0019.2,DDIT3::CEBPA,0.4775,0,-0.0665317508397132,-0.0664554424413284,2195,7e,-0.20910479602386217
MA0507.3,POU2F2,0.2599881833149804,0,0.0664888789506227,0.0655257974600692,1523,7e,-0.20910479602386217
MA1940.2,ETV2::DRGX,0.3885738416752867,1,-0.0664692736621492,-0.0670834214755837,1053,7e,-0.20910479602386217
MA0122.4,NKX3-2,0.3337149006946483,0,-0.0663916338586728,-0.0660023719659499,1649,7e,-0.20910479602386217
MA0757.2,ONECUT3,0.1700469742051903,0,0.0663570712773545,0.063943353642692,704,7e,-0.20910479602386217
MA1580.1,ZBTB32,0.3447722251582359,0,-0.0662965075008872,-0.0679753151703666,1575,7e,-0.20910479602386217
MA0626.2,NPAS2,0.6142049825174825,1,0.0662323307302662,0.0643743843142994,2137,7e,-0.20910479602386217
MA1127.1,FOSB::JUN,0.4392730287313847,1,-0.0659176480550674,-0.0714308156969038,222,7e,-0.20910479602386217
MA1108.3,MXI1,0.5035602521656312,0,0.065644699072082,0.0650218834299718,3522,7e,-0.20910479602386217
MA1647.3,PRDM4,0.4595062298107983,0,-0.0656397559259454,-0.0676029776959845,869,7e,-0.20910479602386217
MA1960.2,MGA::EVX1,0.3675330819809746,0,-0.0650658358782315,-0.0637846225879627,1749,7e,-0.20910479602386217
MA0675.2,NKX6-2,0.1651992692044606,0,0.064775567009058,0.0650020004644928,6863,7e,-0.20910479602386217
MA1986.2,ZNF692,0.82107295737949,0,0.0646069838131688,0.0639626338577119,3906,7e,-0.20910479602386217
MA0159.1,RARA::RXRA,0.5330882352941176,1,0.0645960287645226,0.0682425359592061,852,7e,-0.20910479602386217
MA2098.1,ZNF766,0.3382280049566295,0,-0.0644071168171355,-0.0627922871627186,2096,7e,-0.20910479602386217
MA0642.3,EN2,0.2564890970674424,0,0.0639741652616756,0.067270820303358,5444,7e,-0.20910479602386217
MA0004.1,ARNT,0.6349206349206349,1,0.0639564107845646,0.0602635046011632,750,7e,-0.20910479602386217
MA1478.2,DMRTA2,0.3997440495074728,0,-0.0639355945547082,-0.0632603259800141,6949,7e,-0.20910479602386217
MA0789.1,POU3F4,0.2170518026637139,0,0.0636808459302897,0.0636843156974554,1631,7e,-0.20910479602386217
MA0841.2,NFE2,0.3983513505251793,0,-0.0633651618001565,-0.0628235033885442,841,7e,-0.20910479602386217
MA1500.2,HOXB6,0.2888693429762979,0,0.0628588669892491,0.0619974884756674,14325,7e,-0.20910479602386217
MA1546.2,PAX3,0.4709263089168704,2,-0.0625626679932113,-0.0612567611590528,711,7e,-0.20910479602386217
MA2125.1,ZFP809,0.6222822462318259,0,-0.0621222940642822,-0.0605817715348083,1820,7e,-0.20910479602386217
MA0512.2,RXRA,0.5092756241517341,0,0.0617848791117411,0.0713155259036481,239,7e,-0.20910479602386217
MA0715.1,PROP1,0.0845129751065555,0,0.0616620046512977,0.0609460812261367,1731,7e,-0.20910479602386217
MA1151.2,RORC,0.4334457775757176,0,0.0615278198312022,0.0618014296194348,3976,7e,-0.20910479602386217
MA0708.3,MSX2,0.1477255251105118,0,0.0615141181183733,0.0616225346984204,7555,7e,-0.20910479602386217
MA1505.2,HOXC8,0.1825567651684681,0,0.0606486539191426,0.0591382513019375,8922,7e,-0.20910479602386217
MA1146.2,NR1H4::RXRA,0.5150837215908611,0,0.0606099427871156,0.0535802087484909,365,7e,-0.20910479602386217
MA1519.2,LHX5,0.1686344368726774,0,0.0603033870830994,0.0602144029255543,3620,7e,-0.20910479602386217
MA1579.2,ZBTB26,0.4738175675675675,0,-0.0601311138602183,-0.0613632328365054,2156,7e,-0.20910479602386217
MA1524.3,MSGN1,0.4390423572744015,0,0.0599646115956052,0.0604803822862501,1659,7e,-0.20910479602386217
MA1468.1,ATOH7,0.4516576422490692,0,0.0599406129615956,0.0599035672272606,7372,7e,-0.20910479602386217
MA1593.2,ZNF317,0.4962600314026517,0,-0.0598569574933135,-0.0601171467401306,1018,7e,-0.20910479602386217
MA0666.3,MSX1,0.1332404051438408,0,0.0598070800558273,0.0597334625784626,5488,7e,-0.20910479602386217
MA0692.2,TFEB,0.5802645390134122,1,0.0595939774843274,0.0600812589585844,5279,7e,-0.20910479602386217
MA1941.2,ETV2::FIGLA,0.6178627343530193,1,-0.0595923007172843,-0.0638711128233212,392,7e,-0.20910479602386217
MA1576.2,THRB,0.512888354232157,1,-0.0593499187106935,-0.0606841832215155,784,7e,-0.20910479602386217
MA1496.2,HOXA4,0.2914939245325407,0,0.0591039599681928,0.0588959333955291,18180,7e,-0.20910479602386217
MA1421.1,TCF7L1,0.3545921330979424,0,0.0588086453956555,0.0629828119153259,1002,7e,-0.20910479602386217
MA0602.2,ARID5A,0.1526553096486119,0,0.0587261482949039,0.0598544423331283,2224,7e,-0.20910479602386217
MA0677.2,NR2F6,0.4945527991803043,0,-0.0585749068875804,-0.0597327807208119,353,7e,-0.20910479602386217
MA0680.3,PAX7,0.1395944967414916,0,0.0584924633480841,0.0615896418732511,426,7e,-0.20910479602386217
MA1629.2,ZIC2,0.6753309097688293,0,-0.0584172654679791,-0.0542552265274074,1382,7e,-0.20910479602386217
MA0111.1,SPZ1,0.5349650349650349,0,-0.0583530453333719,-0.0579712152392947,3100,7e,-0.20910479602386217
MA1570.1,TFAP4,0.4357230788730703,0,0.0581710526125935,0.0575960043480831,6193,7e,-0.20910479602386217
MA0643.2,ESRRG,0.4823802802841688,0,0.0579778262187267,0.0581221435706491,4816,7e,-0.20910479602386217
MA0101.1,REL,0.5555555555555556,0,-0.0577326035177753,-0.0602554620920616,2635,7e,-0.20910479602386217
MA0830.3,TCF4,0.7076079209936876,0,0.0576996765745295,0.0591797435419961,2400,7e,-0.20910479602386217
MA2119.1,HOXA3,0.2378261854229671,0,0.0576627961452281,0.0576965599559795,4544,7e,-0.20910479602386217
MA0881.2,DLX4,0.1487617429458944,0,0.0575706494283109,0.0572892092676938,3900,7e,-0.20910479602386217
MA0720.2,SHOX2,0.1034007985839773,0,0.0574051517714286,0.0576979460455824,5702,7e,-0.20910479602386217
MA0035.5,GATA1,0.2849654834995018,0,-0.0572061296472303,-0.0566019785591198,1673,7e,-0.20910479602386217
MA0674.2,NKX6-1,0.137648710571883,0,0.0571543292364984,0.0570114205173063,10544,7e,-0.20910479602386217
MA1125.2,ZNF384,0.0523058092922389,0,-0.0571467703670001,-0.0576296766797965,3577,7e,-0.20910479602386217
MA1499.2,HOXB4,0.1421417537846796,0,0.0571310447758508,0.0572602905512122,5497,7e,-0.20910479602386217
MA0713.1,PHOX2A,0.1648353996898326,0,0.057104723758712,0.0535566378374674,2799,7e,-0.20910479602386217
MA2123.1,HAND1,0.604944078603533,0,-0.0569407200027853,-0.0570700324967614,1795,7e,-0.20910479602386217
MA1652.2,ZKSCAN5,0.5843182425213675,0,-0.0566527484413776,-0.0542059617804243,1437,7e,-0.20910479602386217
MA1989.2,BCL11B,0.4047198208461779,0,-0.0564221975378223,-0.059186159995851,818,7e,-0.20910479602386217
MA1531.2,NR1D1,0.5493077642914216,0,0.0562987238240325,0.0566623716382547,2906,7e,-0.20910479602386217
MA1728.2,ZNF549,0.7360967274233637,0,-0.0562382009572745,-0.0519505366479276,2148,7e,-0.20910479602386217
MA1115.2,POU5F1,0.279565383149066,0,0.0559584068477732,0.0565373364311555,2180,7e,-0.20910479602386217
MA0768.3,LEF1,0.3665665434380776,0,-0.0559401435664792,-0.0545508614829777,1127,7e,-0.20910479602386217
MA0622.2,MLXIP,0.6665,1,0.0557783908077535,0.0529761886682887,713,7e,-0.20910479602386217
MA0704.2,LHX4,0.1116123331358946,0,0.0557577281751193,0.0554472800786453,11237,7e,-0.20910479602386217
MA0591.2,BACH1::MAFK,0.5260869565217391,0,-0.0556444180639254,-0.0581124263617834,608,7e,-0.20910479602386217
MA0701.3,LHX9,0.1874687508391364,0,0.0555590319207969,0.0552929150685367,3702,7e,-0.20910479602386217
MA0705.2,LHX8,0.1866596002020767,0,0.0554750119064338,0.0564975556107591,6228,7e,-0.20910479602386217
MA1118.2,SIX1,0.4124336238853822,0,0.0554279039154061,0.062984355737355,1168,7e,-0.20910479602386217
MA1418.2,IRF3,0.4319608756096468,2,0.0551516337772626,0.0515709854561066,276,7e,-0.20910479602386217
MA1502.2,HOXB8,0.2645808535069797,0,0.0549841724631077,0.0552124104101962,6140,7e,-0.20910479602386217
MA1542.2,OSR1,0.5675483979973409,0,-0.0549188952705909,-0.0548064128551561,6134,7e,-0.20910479602386217
MA1116.2,RBPJ,0.4891801914273824,0,0.0548998985190616,0.0556673405889815,3635,7e,-0.20910479602386217
MA0827.1,OLIG3,0.383127289934608,0,0.0548111705658154,0.054851847482848,6325,7e,-0.20910479602386217
MA0819.3,CLOCK,0.5789189063025787,1,0.0546924247553659,0.0543593355560846,4588,7e,-0.20910479602386217
MA0144.3,STAT3,0.4304123049093216,0,-0.0546234338517714,-0.0558830492180803,10923,7e,-0.20910479602386217
MA0630.2,SHOX,0.1332853812853812,0,0.0544961500171118,0.0552868370989456,3230,7e,-0.20910479602386217
MA0495.4,MAFF,0.3973380184337346,0,-0.0543723516856004,-0.0538698121133028,548,7e,-0.20910479602386217
MA0608.1,CREB3L2,0.6242918192918192,1,0.0543580742930487,0.0526829653532437,1196,7e,-0.20910479602386217
MA1122.2,TFDP1,0.733316733067729,1,-0.0542971918390335,-0.052309287010172,1603,7e,-0.20910479602386217
MA0910.3,HOXD8,0.2727332565579239,0,0.0542429252355486,0.0543635867732606,6444,7e,-0.20910479602386217
MA0509.3,RFX1,0.5372834146081911,2,-0.054087018368988,-0.0605766860543867,241,7e,-0.20910479602386217
MA0603.2,ARNTL,0.6083610607207164,1,0.0537961930139503,0.0521461605953531,1281,7e,-0.20910479602386217
MA1608.2,ISL1,0.3644022703086201,0,0.0535256479525501,0.0557891954753559,1538,7e,-0.20910479602386217
MA0501.2,MAF::NFE2,0.4772518956753604,0,-0.0534579617138654,-0.0533388343466006,1251,7e,-0.20910479602386217
MA0037.5,GATA3,0.293935220555712,0,-0.053419265624027,-0.0530172335634078,1277,7e,-0.20910479602386217
MA2324.1,BCL11A,0.5737198486161141,0,0.0529555925839154,0.0524044947562471,1411,7e,-0.20910479602386217
MA0158.2,HOXA5,0.3209802342098044,0,0.0528105356958406,0.0526681240232345,4846,7e,-0.20910479602386217
MA1946.2,ETV5::FOXI1,0.4691117168819914,0,-0.0525478313257942,-0.0525252866657056,5826,7e,-0.20910479602386217
MA0499.3,MYOD1,0.619355120841958,0,0.0523098655980446,0.0501371243976967,1721,7e,-0.20910479602386217
MA2339.1,NANOG,0.4065039980215975,0,0.0522932617307406,0.0512666399477303,1095,7e,-0.20910479602386217
MA0491.3,JUND,0.3706086119343817,0,-0.0522668087434864,-0.0558340980387151,522,7e,-0.20910479602386217
MA1481.2,DRGX,0.1147058192281365,0,0.0518192636969866,0.0521446715213233,5667,7e,-0.20910479602386217
MA0900.3,HOXA2,0.0669516626385746,0,0.0517034754047976,0.0518919654566477,3013,7e,-0.20910479602386217
MA0821.2,HES5,0.6980515591589694,1,0.0515926802318662,0.0520837038934086,1012,7e,-0.20910479602386217
MA0904.3,HOXB5,0.1363084358173447,0,0.050935942762464,0.0512881898060125,3689,7e,-0.20910479602386217
MA0787.1,POU3F2,0.2230529333148561,0,0.0508351397628497,0.050157243315086,2197,7e,-0.20910479602386217
MA1131.2,FOSL2::JUN,0.4261205190019561,1,0.0507993355819357,0.0500233152248374,520,7e,-0.20910479602386217
MA1631.2,ASCL1,0.6966961285586311,0,0.0507640657878726,0.0518807089962275,2047,7e,-0.20910479602386217
MA0780.1,PAX3,0.1499693471490682,1,0.05075959439649,0.0492745515167557,703,7e,-0.20910479602386217
MA2093.1,HOXB1,0.2671168378390685,0,0.0505866174536885,0.0505442532173038,9801,7e,-0.20910479602386217
MA0723.3,VAX2,0.1485948680170444,0,0.0505758995398614,0.0503527439334014,18183,7e,-0.20910479602386217
MA0667.1,MYF6,0.405964956254145,0,-0.050212198525166,-0.0513723258042423,1833,7e,-0.20910479602386217
MA1988.2,ATF3,0.3971610365390191,0,-0.0501972842411557,-0.0518489676456492,1114,7e,-0.20910479602386217
MA0782.3,PKNOX1,0.4802472225002502,0,-0.0501595906633934,-0.0487962754826102,486,7e,-0.20910479602386217
MA0476.2,FOS,0.3790948055924074,0,-0.0499466620989275,-0.0506132412316156,1625,7e,-0.20910479602386217
MA1947.2,ETV5::FOXO1,0.461705031859139,0,-0.0497716855820727,-0.0491124051204717,5643,7e,-0.20910479602386217
MA0783.1,PKNOX2,0.493800018723938,0,0.0494666280585791,0.0604683588952538,427,7e,-0.20910479602386217
MA0856.1,RXRG,0.5041430400177991,0,0.0494365168354122,0.0488599154418828,1040,7e,-0.20910479602386217
MA0719.2,RHOXF1,0.43714669433121,0,-0.0492406621055006,-0.0489318281126114,14251,7e,-0.20910479602386217
MA0898.2,HMX3,0.2476988287064001,0,0.0492007477293315,0.0516459179250278,1986,7e,-0.20910479602386217
MA0843.2,TEF,0.2757244813463537,1,-0.0491761893135685,-0.0496129707438097,4770,7e,-0.20910479602386217
MA0775.2,MEIS3,0.4478547603530802,0,0.0491572907160719,0.04932361355486,6837,7e,-0.20910479602386217
MA0259.2,ARNT::HIF1A,0.6447619047619048,1,0.0488042516329993,0.0485365896984806,1412,7e,-0.20910479602386217
MA0030.2,FOXF2,0.3124568668046928,1,-0.0487607834473548,-0.0489275196494437,1254,7e,-0.20910479602386217
MA0518.2,STAT4,0.4058803061934585,0,-0.0486529488301348,-0.0487163627212177,6556,7e,-0.20910479602386217
MA0519.2,STAT5A::STAT5B,0.398719139541771,0,-0.0481587901389916,-0.0492061296040202,10032,7e,-0.20910479602386217
MA0644.3,ESX1,0.1667667508189786,0,0.0481032971382141,0.0482718421850022,8797,7e,-0.20910479602386217
MA1719.2,ZNF816,0.6460151802656546,0,-0.0480650093939092,-0.0422449591559253,412,7e,-0.20910479602386217
MA2101.1,ZNF677,0.4018120522545301,0,-0.0480261366421627,-0.047681125408226,647,7e,-0.20910479602386217
MA1489.1,FOXN3,0.2592592592592592,0,-0.0479145432622935,-0.0657957610469173,255,7e,-0.20910479602386217
MA1625.2,STAT5B,0.4063543804579661,0,-0.0476186540340217,-0.0477267977885863,667,7e,-0.20910479602386217
MA0484.3,HNF4G,0.452886157298164,0,0.0471044367983249,0.0515242566851882,795,7e,-0.20910479602386217
MA0810.2,TFAP2A,0.7850872780223593,1,-0.0464897339465893,-0.0465223017649439,12001,7e,-0.20910479602386217
MA0671.2,NFIX,0.5897418036541072,0,-0.0463245052781397,-0.0463724068705341,12714,7e,-0.20910479602386217
MA0468.1,DUX4,0.2383610293103202,0,0.0461050424571816,0.0456895524833643,4914,7e,-0.20910479602386217
MA0154.5,EBF1,0.6977571915162722,0,-0.0458290271850414,-0.0395554026911597,800,7e,-0.20910479602386217
MA0464.3,BHLHE40,0.6123684884602769,1,0.0457763178597482,0.0495098701962294,1805,7e,-0.20910479602386217
MA1518.3,LHX1,0.3263736263736264,0,0.0457568251774004,0.0517006572017748,544,7e,-0.20910479602386217
MA1657.2,ZNF652,0.2961002460355943,0,-0.0456101468056254,-0.050344315118158,771,7e,-0.20910479602386217
MA1936.2,ERF::FOXO1,0.4481538269725647,0,-0.0456044254614034,-0.0459448402629024,11598,7e,-0.20910479602386217
MA0839.2,CREB3L1,0.578733180291612,1,0.0454884750198885,0.0482666027843644,397,7e,-0.20910479602386217
MA0635.2,BARHL2,0.2491896455033863,1,-0.0448685592862602,-0.0454058658754874,10834,7e,-0.20910479602386217
MA1472.3,BHLHA15,0.5617899347538441,0,-0.0448108514120307,-0.0396588154750109,1456,7e,-0.20910479602386217
MA2094.1,PAX8,0.6081022031943705,2,0.0446766948639128,0.044348973357116,2414,7e,-0.20910479602386217
MA1933.2,ELK1::SREBF2,0.602405171429988,2,-0.0445754044103855,-0.0559362248481269,366,7e,-0.20910479602386217
MA1970.2,TRPS1,0.2849759352439291,0,-0.044503854933433,-0.0432649030192247,1121,7e,-0.20910479602386217
MA1143.2,FOSL1::JUND,0.4384997779997779,1,0.0443992106977956,0.0438397409542345,956,7e,-0.20910479602386217
MA0478.2,FOSL2,0.466572664034593,0,-0.044368724151376,-0.0436575313816033,3092,7e,-0.20910479602386217
MA0887.2,EVX1,0.1522589606200858,0,0.0443352340405992,0.044220588369937,10322,7e,-0.20910479602386217
MA0492.2,JUND,0.3888707183634634,0,0.0441019514900589,0.0435587794462132,4508,7e,-0.20910479602386217
MA0151.1,ARID3A,0.0773809523809523,0,0.0440378090635956,0.0426697590737182,4229,7e,-0.20910479602386217
MA0880.2,DLX3,0.1563618651725758,0,0.0436142568835239,0.0439823182067564,2844,7e,-0.20910479602386217
MA0848.1,FOXO4,0.2687205434609013,0,-0.043590346588623,-0.043410770398114,6560,7e,-0.20910479602386217
MA1504.2,HOXC4,0.1658165776498955,0,0.0433513967298506,0.0428421295463833,5570,7e,-0.20910479602386217
MA1729.2,ZNF680,0.3725664832826268,0,0.0433209876304864,0.0468278246135894,980,7e,-0.20910479602386217
MA1491.3,GLI3,0.6632746464495175,2,0.0433055766349033,0.0410723091967297,564,7e,-0.20910479602386217
MA0124.3,NKX3-1,0.4145203026119635,0,-0.043279416011236,-0.0441167001447915,6101,7e,-0.20910479602386217
MA0116.1,ZNF423,0.6735294117647058,0,0.0427633270634612,0.0436792338291046,1918,7e,-0.20910479602386217
MA1147.2,NR4A2::RXRA,0.5580342247189323,0,0.0427016704873072,0.0443382740022438,953,7e,-0.20910479602386217
MA0027.3,EN1,0.1166179207662297,0,0.0425582464860384,0.0426802531261256,7597,7e,-0.20910479602386217
MA0505.3,NR5A2,0.4942194428983545,0,0.042502414553122,0.0541170782710759,790,7e,-0.20910479602386217
MA0524.3,TFAP2C,0.7593296986678483,0,-0.0423493385723081,-0.0422368334101835,5594,7e,-0.20910479602386217
MA0442.3,SOX10,0.3349546044098573,0,0.0420828306071004,0.0441925222806787,2974,7e,-0.20910479602386217
MA1498.3,HOXA7,0.2020813977845651,0,0.0419285715188195,0.0417850931984407,14447,7e,-0.20910479602386217
MA1599.2,ZNF682,0.7340973474117951,0,0.0418944880666834,0.0423220916512157,662,7e,-0.20910479602386217
MA0594.3,HOXA9,0.3887118920514471,1,0.0417441306892633,0.0417444906164455,10341,7e,-0.20910479602386217
MA0480.3,FOXO1,0.3113824264564507,0,-0.0417045835557308,-0.0421260279475728,1395,7e,-0.20910479602386217
MA0655.1,JDP2,0.3609619089100567,0,-0.0415359107079795,-0.0435637103378674,1018,7e,-0.20910479602386217
MA0627.3,POU2F3,0.2482608523211771,0,0.0415278116123866,0.0400721782994053,1339,7e,-0.20910479602386217
MA1503.2,HOXB9,0.3047548334624945,1,0.0414864399668571,0.041928835748906,1998,7e,-0.20910479602386217
MA0075.4,PRRX2,0.1603726554956509,0,0.0413824998123932,0.0406177130723341,2375,7e,-0.20910479602386217
MA0613.1,FOXG1,0.2254775849150849,0,-0.0413517514706778,-0.0411318732113737,1560,7e,-0.20910479602386217
MA0859.2,RARG,0.4383824054305866,0,0.0413149423921856,0.0406972957394826,523,7e,-0.20910479602386217
MA0073.2,RREB1,0.6162280701754386,0,0.0412659863995193,0.0455428558840037,709,7e,-0.20910479602386217
MA0651.3,HOXC11,0.3551617573968741,1,-0.0412263594534362,-0.042772350398935,1280,7e,-0.20910479602386217
MA0481.4,FOXP1,0.2690432534849617,0,0.0411847906409881,0.0419079721445592,1744,7e,-0.20910479602386217
MA0831.3,TFE3,0.557607061149602,1,0.040992393258969,0.0424061151961507,1083,7e,-0.20910479602386217
MA2095.1,SOX7,0.3882401315789474,0,-0.0409722267608312,-0.0444783218292398,980,7e,-0.20910479602386217
MA0879.3,DLX1,0.1731622349000546,0,0.0408326028632639,0.041365575859965,15526,7e,-0.20910479602386217
MA0502.3,NFYB,0.575713540502273,0,0.0407899405173942,0.0409666081358078,1155,7e,-0.20910479602386217
MA0882.2,DLX6,0.1295263863742937,0,0.0407667096563289,0.0407151868346228,7880,7e,-0.20910479602386217
MA1121.2,TEAD2,0.4360694554064719,0,-0.040762151376896,-0.04246109075137,1724,7e,-0.20910479602386217
MA1105.3,GRHL2,0.4033943026337783,0,-0.0406589703972789,-0.0387393262890165,1053,7e,-0.20910479602386217
MA0853.2,ALX4,0.293534588752993,1,0.0406272370400525,0.0418844628965213,1015,7e,-0.20910479602386217
MA1939.2,ERF::SREBF2,0.5217975286896408,2,0.0404260747518782,0.034567077348356,466,7e,-0.20910479602386217
MA0847.4,FOXD2,0.2145736580329386,0,-0.0404236152458617,-0.0407620383168619,7107,7e,-0.20910479602386217
MA0714.2,PITX3,0.329968623225024,0,-0.0403405057305696,-0.0414426164750107,5712,7e,-0.20910479602386217
MA0461.3,ATOH1,0.3814255398167261,0,0.0402757604816353,0.0408272500628819,5631,7e,-0.20910479602386217
MA0813.1,TFAP2B,0.7372799782906821,0,-0.040144717611577,-0.0399824535333912,2173,7e,-0.20910479602386217
MA1533.2,NR1I2,0.5222854304740951,1,0.0401069941217938,0.0398700984099258,1960,7e,-0.20910479602386217
MA2117.1,FOXP4,0.2883350035602204,0,-0.0400774906478498,-0.0388601667621597,1384,7e,-0.20910479602386217
MA1969.2,THRA,0.5437158469945356,0,-0.0400494849448169,-0.0343588538655979,420,7e,-0.20910479602386217
MA1981.2,ZNF530,0.6752745401162853,0,-0.0400335751535774,-0.0399946848159904,2012,7e,-0.20910479602386217
MA1126.2,FOS::JUN,0.4496804864795882,1,0.0399123310396929,0.0387187586992282,342,7e,-0.20910479602386217
MA0877.4,BARHL1,0.3059727345755219,1,-0.0398301785307703,-0.0398696460479208,5512,7e,-0.20910479602386217
MA1635.2,BHLHE22,0.6677470901200269,0,-0.0397473665782562,-0.0383220592068014,2706,7e,-0.20910479602386217
MA0036.4,GATA2,0.2738798769824519,0,-0.0396419949014662,-0.0384234735254217,2033,7e,-0.20910479602386217
MA0056.3,MZF1,0.5437037486352057,0,-0.0396066077207619,-0.0394317339871525,1583,7e,-0.20910479602386217
MA0888.2,EVX2,0.1517503793720316,0,0.039587438500559,0.0393266504114479,14033,7e,-0.20910479602386217
MA0745.3,SNAI2,0.6083904445948011,0,0.0395644696218773,0.0386503124863597,1600,7e,-0.20910479602386217
MA0815.1,TFAP2C,0.764941291666681,0,-0.0395341603014418,-0.0388393463108436,2151,7e,-0.20910479602386217
MA1571.1,TGIF2LX,0.5164268570514918,0,0.0391300993664664,0.0227782516885424,240,7e,-0.20910479602386217
MA0649.2,HEY2,0.670204038465497,1,0.039005618240416,0.0378465528924641,4169,7e,-0.20910479602386217
MA0113.4,NR3C1,0.4545622321190628,0,-0.0387611925715128,-0.0314674651074341,396,7e,-0.20910479602386217
MA0902.3,HOXB2,0.1608650533820657,0,0.0386740562751439,0.0387042278768783,6398,7e,-0.20910479602386217
MA2124.1,HMGA1,0.0422995698841399,0,0.0385023567060954,0.0334259151740583,1795,7e,-0.20910479602386217
MA0734.4,GLI2,0.6781878147702456,0,0.0384522452741732,0.0402806197597071,1504,7e,-0.20910479602386217
MA1638.2,HAND2,0.5163067406331177,0,-0.0384497661374891,-0.0411263739964446,3358,7e,-0.20910479602386217
MA0842.3,NRL,0.4401869137486169,1,-0.038332497875957,-0.03821550097994,2682,7e,-0.20910479602386217
MA0638.2,CREB3,0.5627487589726012,1,0.0382534348809988,0.0426178948340354,386,7e,-0.20910479602386217
MA0486.2,HSF1,0.3716637090007336,1,0.038175429413548,0.0368182151752255,481,7e,-0.20910479602386217
MA1568.2,TCF21,0.4726936936936289,0,0.0380947175557571,0.0389375129163136,6381,7e,-0.20910479602386217
MA0716.2,PRRX1,0.1209534010249656,0,0.0380660892225705,0.0373592688695205,4863,7e,-0.20910479602386217
MA0737.1,GLIS3,0.6799049668638432,1,-0.037821724555627,-0.0347897345862549,563,7e,-0.20910479602386217
MA1975.2,ZNF214,0.4272966108051322,0,0.0376885527941442,0.040115904637309,1223,7e,-0.20910479602386217
MA0781.2,PAX9,0.5844369183462431,2,0.0376633419536458,0.0407682052955683,455,7e,-0.20910479602386217
MA0828.3,SREBF2,0.4685353439135566,1,0.0373781410113854,0.0373071090503103,955,7e,-0.20910479602386217
MA1487.3,FOXE1,0.2207936701518706,0,-0.0372257392476286,-0.0374508591507235,6068,7e,-0.20910479602386217
MA1641.2,MYF5,0.5623940772455625,0,-0.0370467484887186,-0.0369426085391756,1209,7e,-0.20910479602386217
MA0669.1,NEUROG2,0.3992857564941161,0,0.0369194954794145,0.0366026953943806,2130,7e,-0.20910479602386217
MA1958.2,HOXD12::ELK1,0.4216666600460971,2,-0.0368613491627863,-0.0279820073082284,354,7e,-0.20910479602386217
MA0698.2,ZBTB18,0.4454202490259121,0,-0.0365039953787183,-0.0353988462266954,1806,7e,-0.20910479602386217
MA0091.2,TAL1::TCF3,0.4266666666666667,0,0.0364421289382444,0.0363973112926765,1627,7e,-0.20910479602386217
MA1514.2,KLF17,0.65839160061223,1,-0.0363520907007702,-0.0360106846354675,1141,7e,-0.20910479602386217
MA0006.2,AHR::ARNT,0.764,1,0.0362767596127902,0.0386991220989795,3859,7e,-0.20910479602386217
MA0040.2,FOXQ1,0.2,0,-0.0361286368774225,-0.0360377253331883,1675,7e,-0.20910479602386217
MA0084.2,SRY,0.2044334975369457,0,-0.0360666072764301,-0.0364995252994314,5713,7e,-0.20910479602386217
MA0852.3,FOXK1,0.2790241924584403,0,-0.0359641934116453,-0.0363602117528664,2145,7e,-0.20910479602386217
MA0868.3,SOX8,0.2475822084734214,0,0.0358320335073285,0.0345820931993252,8542,7e,-0.20910479602386217
MA0042.2,FOXI1,0.2682243210842864,0,-0.0357730102946644,-0.0357255982163456,6520,7e,-0.20910479602386217
MA1575.2,THRB,0.5407023873479625,0,0.0357450330536125,0.0343171621906978,1279,7e,-0.20910479602386217
MA0876.2,BSX,0.2077070225605607,0,-0.0357108434696271,-0.0362856589350701,5690,7e,-0.20910479602386217
MA0874.2,ARX,0.2206563774024461,0,0.0356947948919796,0.0348287736680038,1511,7e,-0.20910479602386217
MA1535.2,NR2C1,0.6086431063652376,0,0.0356155308304287,0.0357257165369273,9711,7e,-0.20910479602386217
MA0141.4,ESRRB,0.4363133100627483,0,0.0354867209360312,0.0365301566460739,842,7e,-0.20910479602386217
MA0739.2,HIC1,0.594606257586569,0,-0.0353187787956997,-0.0357016659836427,8220,7e,-0.20910479602386217
MA0526.5,USF2,0.5544755933380175,1,0.035166449652582,0.0362390033167009,671,7e,-0.20910479602386217
MA0727.2,NR3C2,0.4579976831563763,0,-0.0351398464126706,-0.0265214737455631,426,7e,-0.20910479602386217
MA0025.3,NFIL3,0.2353326279273142,0,-0.0351165039717437,-0.0312061871702014,968,7e,-0.20910479602386217
MA0703.3,LMX1B,0.0585789911971858,0,-0.0350007992272193,-0.0350624164876892,1277,7e,-0.20910479602386217
MA0647.2,GRHL1,0.4102099094547225,1,-0.0348171770145946,-0.028100981939558,851,7e,-0.20910479602386217
MA0143.5,SOX2,0.3706031301798312,0,0.0347913873186039,0.0341710962480099,2241,7e,-0.20910479602386217
MA1562.2,SOX14,0.3859038659056673,1,0.0346682966731698,0.0338056224591843,2205,7e,-0.20910479602386217
MA0721.2,UNCX,0.1420397484395546,0,0.0343283886953737,0.0350859892872567,3108,7e,-0.20910479602386217
MA1650.2,ZBTB14,0.8393249780123131,2,-0.0342171550076731,-0.0313172416903954,2232,7e,-0.20910479602386217
MA0811.2,TFAP2B,0.7624603435512441,0,-0.034113431311949,-0.03460226902707,9688,7e,-0.20910479602386217
MA0157.4,FOXO3,0.2828975273461536,0,-0.0340975792156375,-0.0340913686313768,1491,7e,-0.20910479602386217
MA2099.1,ZNF770,0.7347282305330728,1,0.0340813117486182,0.0339350139834496,2791,7e,-0.20910479602386217
MA0889.2,GBX1,0.1969807187906736,0,0.034064571064242,0.0343671061961264,3832,7e,-0.20910479602386217
MA0809.3,TEAD4,0.3919954665949517,0,-0.0340182480006424,-0.0375682630086273,1620,7e,-0.20910479602386217
MA1603.2,DMRT1,0.2616509983967351,0,0.0339459860906819,0.0325064155235059,1332,7e,-0.20910479602386217
MA1965.2,SP5,0.8345734486479522,0,-0.0338512968668311,-0.0334864656886705,7467,7e,-0.20910479602386217
MA0069.1,PAX6,0.4334415584415584,1,0.0333527622964778,0.0326637161124436,404,7e,-0.20910479602386217
MA0812.2,TFAP2B,0.8125356559290711,0,-0.0333307829352052,-0.0331440564937728,4902,7e,-0.20910479602386217
MA1517.2,KLF6,0.7373418871485546,1,-0.0332794265054941,-0.0337042246369777,5973,7e,-0.20910479602386217
MA0773.1,MEF2D,0.2253211051578216,0,0.0329791532374095,0.0327783354994794,1924,7e,-0.20910479602386217
MA0131.3,HINFP,0.794120906330354,2,-0.0329441355011904,-0.0340216490884445,4560,7e,-0.20910479602386217
MA0899.2,HOXA10,0.227558968855825,0,-0.0328035348872218,-0.0323642922205905,5114,7e,-0.20910479602386217
MA0018.5,CREB1,0.4027783015902948,0,0.0327808773123969,0.0271662160977834,639,7e,-0.20910479602386217
MA1109.2,NEUROD1,0.5470871660096364,0,0.0326102406050582,0.031770070378485,1821,7e,-0.20910479602386217
MA1998.2,PRDM14,0.502745268024852,0,0.0325210197284042,0.0333846346579595,1306,7e,-0.20910479602386217
MA0597.3,THAP1,0.706724271094806,0,0.0325093937124953,0.034030636207984,2751,7e,-0.20910479602386217
MA0837.3,CEBPE,0.4184943130790143,1,-0.0325039113288083,-0.0316302877451459,1374,7e,-0.20910479602386217
MA1113.3,PBX2,0.2110968454009978,0,-0.0320935420986062,-0.0285520286209707,907,7e,-0.20910479602386217
MA1120.2,SOX13,0.3743057952370493,0,0.032073073453267,0.0320884324272024,2029,7e,-0.20910479602386217
MA0632.3,TCFL5,0.7963094686520695,2,0.0320226990641861,0.0318326285445082,7344,7e,-0.20910479602386217
MA0818.2,BHLHE22,0.3969940815963517,0,0.0318968299396435,0.0322039190660201,2782,7e,-0.20910479602386217
MA0707.3,MNX1,0.1775067940794816,0,0.0313942336024476,0.0316394724447243,6318,7e,-0.20910479602386217
MA0090.4,TEAD1,0.4292650937276571,0,-0.0312258814179047,-0.0325648753176137,927,7e,-0.20910479602386217
MA0878.3,CDX1,0.2986796959401264,0,0.0311256728631846,0.0322387953492422,4183,7e,-0.20910479602386217
MA0802.2,TBR1,0.4419606695177057,0,-0.0311047793576948,-0.0285735289478281,2509,7e,-0.20910479602386217
MA0607.2,BHLHA15,0.422740826781728,0,0.0309816609059846,0.0314513902341579,2709,7e,-0.20910479602386217
MA2327.1,PGR,0.4009952192272634,0,-0.0309808147054053,-0.0311180297098146,1823,7e,-0.20910479602386217
MA1583.2,ZFP57,0.7308091403306941,1,0.0308737295031894,0.0345618113800205,1450,7e,-0.20910479602386217
MA1730.2,ZNF708,0.6190196078431374,0,0.0306661626899529,0.029495625325234,1538,7e,-0.20910479602386217
MA0108.3,TBP,0.0569597069597069,0,0.0305436195321503,0.0301852107775966,6287,7e,-0.20910479602386217
MA1601.2,ZNF75D,0.538873177720483,0,-0.0304463472759745,-0.029307364224903,822,7e,-0.20910479602386217
MA1596.1,ZNF460,0.7410105393676379,1,-0.0304382889970837,-0.0235389109358919,683,7e,-0.20910479602386217
MA0875.2,BARX1,0.2094557032592158,0,-0.0301766765533945,-0.0295724603138671,3764,7e,-0.20910479602386217
MA0893.3,GSX2,0.2851381522782619,0,0.0300915120593558,0.0297423093203394,14896,7e,-0.20910479602386217
MA0872.1,TFAP2A,0.7640501193753676,0,-0.0300635652013989,-0.0303524958659862,1801,7e,-0.20910479602386217
MA1545.2,OVOL2,0.4650649813301383,1,0.0299589930293051,0.0260009009340706,1831,7e,-0.20910479602386217
MA1634.2,BATF,0.3901851621118144,0,-0.0299309353167919,-0.0345741415025358,996,7e,-0.20910479602386217
MA1471.2,BARX2,0.1916361677688162,0,0.0299126560947195,0.0294245411853834,10653,7e,-0.20910479602386217
MA0690.3,TBX21,0.4472024749424165,0,-0.0297501884594348,-0.0308521011306178,1720,7e,-0.20910479602386217
MA2338.1,PPARA,0.4506494935286397,0,0.0297086655232756,0.0284191013767579,1965,7e,-0.20910479602386217
MA1507.2,HOXD4,0.1514410415009298,0,0.02969935722471,0.0293003738255449,5180,7e,-0.20910479602386217
MA1558.2,SNAI1,0.6285832590752082,0,0.0296288104538751,0.0297595670139507,7253,7e,-0.20910479602386217
MA1619.2,PTF1A,0.5741142817755722,0,-0.0295503197632517,-0.028735681082917,1456,7e,-0.20910479602386217
MA0112.4,ESR1,0.5790524578695455,1,0.0294932739394133,0.0289127218518555,267,7e,-0.20910479602386217
MA1581.2,ZBTB6,0.6436515060841812,0,-0.0293850760077961,-0.0268023892410323,1586,7e,-0.20910479602386217
MA1637.2,EBF3,0.708277306903967,0,0.0293328934776605,0.0436522729405852,1008,7e,-0.20910479602386217
MA1707.2,DMRTA1,0.3199333395368862,0,-0.0292061340472132,-0.030642632783866,7404,7e,-0.20910479602386217
MA1493.1,HES6,0.6194526128329164,1,0.02911401739619,0.0289276380954827,2183,7e,-0.20910479602386217
MA1985.1,ZNF669,0.6645021645021644,1,-0.0290086742518096,-0.0398150276675293,258,7e,-0.20910479602386217
MA0046.3,HNF1A,0.1987586884068163,0,-0.0289124655774573,-0.0304805444354582,1813,7e,-0.20910479602386217
MA0788.1,POU3F3,0.2070954872974587,0,0.0288816585732197,0.0288212281241017,1423,7e,-0.20910479602386217
MA0610.2,DMRT3,0.3477173667507285,0,0.028847735914159,0.0295089246547079,1399,7e,-0.20910479602386217
MA1587.1,ZNF135,0.6391690501279543,1,0.028831968124889,0.0330388780041848,985,7e,-0.20910479602386217
MA0600.3,RFX2,0.4784803076366773,0,-0.0287996427986878,-0.029075399174607,431,7e,-0.20910479602386217
MA1578.2,VEZF1,0.9818180680680682,0,0.028623451804214,0.0280542998113556,5733,7e,-0.20910479602386217
MA1584.2,ZIC5,0.7610511448953187,1,-0.0286227737721501,-0.0288028660434166,3351,7e,-0.20910479602386217
MA0673.2,NKX2-8,0.4703103727756577,0,0.0285586172221367,0.0283985406655592,25915,7e,-0.20910479602386217
MA0472.2,EGR2,0.7419945261484816,2,-0.0285504901055249,-0.0281904848809006,3874,7e,-0.20910479602386217
MA0903.2,HOXB3,0.1567105940399219,0,0.0285321696929991,0.0281716455545123,16458,7e,-0.20910479602386217
MA0634.2,ALX3,0.1290771100410746,0,0.0284875790381172,0.0284540742418997,3881,7e,-0.20910479602386217
MA0695.2,ZBTB7C,0.7094592315138564,1,0.0284264139725801,0.0283190105655845,5549,7e,-0.20910479602386217
MA0646.2,GCM1,0.6165021569086597,1,0.0283952165451065,0.0296317877513262,3833,7e,-0.20910479602386217
MA0770.1,HSF2,0.3643206204161167,1,-0.0282844338237165,-0.0312012833632576,1344,7e,-0.20910479602386217
MA1129.1,FOSL1::JUN,0.4262229287678389,1,-0.0282157157625334,-0.0260014056800197,276,7e,-0.20910479602386217
MA1709.2,ZIM3,0.3807322983038679,0,-0.0280460332582614,-0.029851102546776,1147,7e,-0.20910479602386217
MA1567.3,TBX6,0.4937612947040068,0,-0.0280009411338018,-0.0271233282000427,1467,7e,-0.20910479602386217
MA1600.2,ZNF684,0.5740313070296695,0,-0.0279076653327978,-0.022809136188598,369,7e,-0.20910479602386217
MA1474.2,CREB3L4,0.6095735742922803,1,0.0278383923382277,0.0238279127904293,1494,7e,-0.20910479602386217
MA1684.1,FOXN1,0.6752610134963076,1,-0.0278320430449665,-0.0277477235664917,10237,7e,-0.20910479602386217
MA1656.2,ZNF449,0.6307792716355567,0,0.0275359330639884,0.0287103095682627,1071,7e,-0.20910479602386217
MA0002.3,RUNX1,0.4939474707090899,0,-0.0274946933568296,-0.0267053407423974,9194,7e,-0.20910479602386217
MA0160.3,NR4A2,0.3971821913633798,0,0.0270613574951835,0.0272418223420429,4776,7e,-0.20910479602386217
MA1139.2,FOSL2::JUNB,0.4183816183816183,1,-0.0269149855920097,-0.0275490166114147,299,7e,-0.20910479602386217
MA1618.2,PTF1A,0.4550885534475065,0,-0.0268523361182706,-0.0281719746703662,1342,7e,-0.20910479602386217
MA1549.2,POU6F1,0.2616069681490487,0,0.0267475047160293,0.0266580722151775,9346,7e,-0.20910479602386217
MA0801.1,MGA,0.5152278527707365,0,-0.0266789058738358,-0.0263510579750878,3957,7e,-0.20910479602386217
MA1642.2,NEUROG2,0.539014471804074,0,-0.0265893747693209,-0.02572687229318,1765,7e,-0.20910479602386217
MA0807.1,TBX5,0.5244234948755482,0,-0.0265638235796508,-0.0264509285791195,6559,7e,-0.20910479602386217
MA2336.1,ZSCAN21,0.4304550934297769,0,-0.0264597656066001,-0.0264670743551624,1837,7e,-0.20910479602386217
MA1976.2,ZNF320,0.7125436663635766,1,0.0263805298391733,0.0183532774314257,833,7e,-0.20910479602386217
MA1615.2,PLAGL1,0.7526494277236118,0,0.0263343132096812,0.0261105971378206,1674,7e,-0.20910479602386217
MA0639.2,DBP,0.2816134924410209,1,-0.0263183176965783,-0.0245941681599514,1991,7e,-0.20910479602386217
MA0462.3,BATF::JUN,0.3920830447235898,0,-0.026254954785585,-0.0309996784272701,1055,7e,-0.20910479602386217
MA0258.2,ESR2,0.5813076176613294,0,0.026212960720396,0.0251260064967424,9785,7e,-0.20910479602386217
MA0153.2,HNF1B,0.2079673670213929,0,-0.0261418945415102,-0.028921187673749,835,7e,-0.20910479602386217
MA0909.4,HOXD13,0.1725015533145342,0,0.0261058723328351,0.0260224025724003,2194,7e,-0.20910479602386217
MA0697.3,ZIC3,0.7104898349024423,0,-0.0260723802963857,-0.0263686928547494,1492,7e,-0.20910479602386217
MA0838.1,CEBPG,0.426461517904756,1,-0.0259722292463804,-0.0245846598760407,2141,7e,-0.20910479602386217
MA0795.1,SMAD3,0.4707491533140766,1,0.0259548810979233,0.0241904951937129,679,7e,-0.20910479602386217
MA0800.2,EOMES,0.4642035935049938,0,-0.0259101521634274,-0.0247882849469119,1738,7e,-0.20910479602386217
MA1979.2,ZNF416,0.569364161849711,0,-0.025817009641287,-0.0270841475658885,1636,7e,-0.20910479602386217
MA1497.2,HOXA6,0.2643026146439348,0,0.0257999760424597,0.0256283578234848,10016,7e,-0.20910479602386217
MA0751.2,ZIC4,0.7388984273754348,1,-0.0257780755904618,-0.0273392479823786,3770,7e,-0.20910479602386217
MA0629.2,RHOX11,0.4043900860674302,1,-0.0257259968974924,-0.026314232729272,3943,7e,-0.20910479602386217
MA1528.2,NFIX,0.6215754534693074,1,-0.0255976521654282,-0.0250716176345027,1396,7e,-0.20910479602386217
MA1721.2,ZNF93,0.7631704837648747,2,-0.0254799036485014,-0.0214955592663158,600,7e,-0.20910479602386217
MA0070.2,PBX1,0.2777777777777778,0,0.0253236387036951,0.029756073745442,772,7e,-0.20910479602386217
MA0132.3,PDX1,0.1123611438169731,0,-0.025212916407984,-0.0257447605203347,3705,7e,-0.20910479602386217
MA1525.3,NFATC4,0.376178397731225,0,-0.0250699293629937,-0.024922925339937,3572,7e,-0.20910479602386217
MA1110.3,NR1H4,0.4929280135106608,0,0.0250676164138143,0.0235293999100139,4022,7e,-0.20910479602386217
MA2120.1,ZNF184,0.4300430300545456,0,0.0250106548546138,0.0249382512109642,3155,7e,-0.20910479602386217
MA0784.3,POU1F1,0.2534969675152723,0,0.0246745230360393,0.0255227538292347,759,7e,-0.20910479602386217
MA0892.2,GSX1,0.165738364304487,0,0.0245284749017895,0.0241851231827387,14370,7e,-0.20910479602386217
MA1509.1,IRF6,0.4620511625923263,1,-0.0244750314208963,-0.0241306150213118,2155,7e,-0.20910479602386217
MA0816.1,ASCL2,0.5841476135166939,0,-0.0243515879716594,-0.0233840231755393,2648,7e,-0.20910479602386217
MA1123.3,TWIST1,0.5124753054803541,0,-0.0242461543444878,-0.0252944009151441,1597,7e,-0.20910479602386217
MA0662.2,MIXL1,0.1489656397463062,0,0.0241762118277557,0.0239826274415974,7455,7e,-0.20910479602386217
MA0913.3,HOXD9,0.226855496677341,0,-0.0241102474056985,-0.0234176598800016,6130,7e,-0.20910479602386217
MA0826.1,OLIG1,0.3436255028714216,0,0.0240108581272204,0.0238109923141443,2865,7e,-0.20910479602386217
MA0901.3,HOXB13,0.1973822580758997,0,-0.0238993958528518,-0.0252408535117747,1628,7e,-0.20910479602386217
MA1978.2,ZNF354A,0.2922907182637721,0,0.0237345587526855,0.0245255185193452,679,7e,-0.20910479602386217
MA1951.2,FOS,0.4880015041913744,1,-0.0237093545291882,-0.0277856272425397,261,7e,-0.20910479602386217
MA0596.1,SREBF2,0.5395833333333334,0,0.0236443104420093,0.0240373385822981,1601,7e,-0.20910479602386217
MA0504.2,NR2C2,0.5914502164502163,0,-0.0234779092250472,-0.0234646625088381,7066,7e,-0.20910479602386217
MA0699.2,LBX2,0.1785975425063645,0,0.0234670993900264,0.0244718408414328,5818,7e,-0.20910479602386217
MA0164.2,NR2E3,0.3402777777777778,0,-0.0233046871127339,-0.0232039835493141,1377,7e,-0.20910479602386217
MA0467.3,CRX,0.3351792031995078,0,-0.0231539869867425,-0.0255028076558418,1747,7e,-0.20910479602386217
MA1973.2,ZKSCAN3,0.6513202437373055,0,0.0231039256748533,0.0151698766710459,249,7e,-0.20910479602386217
MA1464.2,ARNT2,0.6160929081571753,1,0.023073424730372,0.0239207172233352,2699,7e,-0.20910479602386217
MA0905.2,HOXC10,0.2758158360808038,1,-0.0230330638906058,-0.0222980350309451,5892,7e,-0.20910479602386217
MA1727.2,ZNF417,0.8416428571428571,1,-0.0228945561736045,-0.0184158451621192,1034,7e,-0.20910479602386217
MA2121.1,ZNF213,0.767078488372093,1,-0.0224267996024205,-0.0223659217361059,1613,7e,-0.20910479602386217
MA0063.3,NKX2-5,0.4046831955922864,0,0.0222994785018845,0.0228190728718154,1438,7e,-0.20910479602386217
MA0849.1,FOXO6,0.2788810608777823,0,0.0221788517831296,0.0221828201216742,7047,7e,-0.20910479602386217
MA0494.2,NR1H3::RXRA,0.4937499999999999,0,0.0220742472844456,0.0219116041791212,11097,7e,-0.20910479602386217
MA0711.2,OTX1,0.3294387784252812,0,-0.02181819287038,-0.0225669482989435,13491,7e,-0.20910479602386217
MA1138.2,FOSL2::JUNB,0.3817085396306953,0,-0.0216978084498734,-0.0223944608759339,1678,7e,-0.20910479602386217
MA0797.1,TGIF2,0.4878012791743517,0,0.021540468117239,0.0283237296016559,214,7e,-0.20910479602386217
MA1731.2,ZNF768,0.610550516239139,0,-0.0214790540468904,-0.023469898325662,3681,7e,-0.20910479602386217
MA0681.3,PHOX2B,0.1175388670786608,0,0.0214375548660047,0.0182841033872496,531,7e,-0.20910479602386217
MA1467.3,ATOH1,0.5353551142032379,0,0.0213219694057309,0.0213244342983752,1804,7e,-0.20910479602386217
MA0660.1,MEF2B,0.2553245631056533,0,0.0211418056350803,0.022793735384146,1470,7e,-0.20910479602386217
MA0845.1,FOXB1,0.1931672318833856,0,0.0210777202864717,0.0219335817797979,5081,7e,-0.20910479602386217
MA0776.1,MYBL1,0.4774508074594276,2,-0.0210178157530481,-0.0242975556425086,1135,7e,-0.20910479602386217
MA2330.1,ZBTB24,0.7215922798552473,0,0.0209694615962861,0.020804582420722,854,7e,-0.20910479602386217
MA0791.2,POU4F3,0.1670776165763391,0,0.0208725372687598,0.020570551865739,792,7e,-0.20910479602386217
MA0470.3,E2F4,0.5447757030368465,1,0.0205953256012345,0.0172957611501608,770,7e,-0.20910479602386217
MA1604.2,EBF2,0.6926378629028846,0,0.0205613030495715,0.0329489652255701,996,7e,-0.20910479602386217
MA1144.2,FOSL2::JUND,0.3931461871461871,0,-0.0205292384205853,-0.020753330166753,1845,7e,-0.20910479602386217
MA0137.4,STAT1,0.4285123966942148,0,-0.0201618683877826,-0.0210116424095836,6030,7e,-0.20910479602386217
MA1537.2,NR2F1,0.5080137990728675,0,0.0201171847001002,0.019535852879468,1980,7e,-0.20910479602386217
MA0718.2,RAX,0.0959542065053379,0,0.0200504251693464,0.0201823650837819,6440,7e,-0.20910479602386217
MA1628.2,ZIC1::ZIC2,0.7207910355085125,0,-0.0198444437353499,-0.018282117346308,4506,7e,-0.20910479602386217
MA0601.2,ARID3B,0.045192093620665,0,-0.0196792551129083,-0.0209158374051464,3837,7e,-0.20910479602386217
MA1968.2,TFCP2,0.4641009424965249,1,-0.0195665184962629,-0.0171243432297161,2338,7e,-0.20910479602386217
MA0684.3,RUNX3,0.4440426619913799,0,0.0194504839444291,0.0231634916369149,1623,7e,-0.20910479602386217
MA0896.2,HMX1,0.2601884208028646,0,0.0194366608212518,0.0219296899239168,1772,7e,-0.20910479602386217
MA2126.1,ZFP961,0.8408210007047217,1,-0.0193404832180662,-0.0182193795538112,1071,7e,-0.20910479602386217
MA1550.2,PPARD,0.4943796136322319,0,0.0192490543196617,0.0193732704065847,2040,7e,-0.20910479602386217
MA0864.3,E2F2,0.5525721571567966,1,0.0192201754084487,0.01784271491347,1191,7e,-0.20910479602386217
MA0914.2,ISL2,0.2822071244268624,0,-0.0192148684147196,-0.0190090883639064,5910,7e,-0.20910479602386217
MA0833.3,ATF4,0.3400156264086305,0,-0.0191837297723272,-0.0138461561542513,781,7e,-0.20910479602386217
MA0515.1,SOX6,0.4012,0,0.0191058740095889,0.0200383837556307,4530,7e,-0.20910479602386217
MA0771.1,HSF4,0.4181927276199372,1,0.0186952217866575,0.0180959502000669,1191,7e,-0.20910479602386217
MA0803.1,TBX15,0.5087411310475758,0,-0.0185490737408438,-0.0177025849431749,2760,7e,-0.20910479602386217
MA1962.1,POU2F1::SOX2,0.2898039845054024,0,0.0185343127257874,0.0091008947328442,602,7e,-0.20910479602386217
MA0871.3,TFEC,0.6142828615787711,1,0.0185030485596851,0.018370469852826,1397,7e,-0.20910479602386217
MA1522.2,MAZ,0.8410863648433351,0,0.018463245881505,0.0172616618010521,6099,7e,-0.20910479602386217
MA0105.4,NFKB1,0.6625957977444124,0,0.0184387794380339,0.021048540185691,479,7e,-0.20910479602386217
MA2096.1,ZNF524,0.6820458887692659,1,0.0184226157265942,0.0185745967085505,4133,7e,-0.20910479602386217
MA0702.3,LMX1A,0.0595680692154992,0,0.0183960372060368,0.0183330221327279,2548,7e,-0.20910479602386217
MA1606.2,FOXF1,0.2423552078159827,0,-0.0182887989383986,-0.0191489479278511,2085,7e,-0.20910479602386217
MA0769.3,TCF7,0.3043157242890487,0,-0.0177327318379181,-0.0173372950149866,2304,7e,-0.20910479602386217
MA0117.3,MAFB,0.4363604925862692,0,-0.0176064114251121,-0.0176941110172018,2126,7e,-0.20910479602386217
MA1544.2,OVOL1,0.387315054836958,1,0.0175971959017458,0.0184492729460413,881,7e,-0.20910479602386217
MA0595.1,SREBF1,0.5677966101694916,0,0.0175861221656401,0.0161036067193678,2225,7e,-0.20910479602386217
MA0860.1,RARG,0.4937264731396652,1,-0.0174792384238643,-0.0310243543244739,289,7e,-0.20910479602386217
MA0148.5,FOXA1,0.2655338068921079,0,-0.017447941271393,-0.0171270623960265,1327,7e,-0.20910479602386217
MA0466.4,CEBPB,0.4229296488804855,1,-0.0174472819729638,-0.0164889488052389,1342,7e,-0.20910479602386217
MA0003.5,TFAP2A,0.7537694560989696,0,-0.0172559906736515,-0.0150245584096054,1553,7e,-0.20910479602386217
MA1523.2,MSANTD3,0.4825649220649221,0,0.0172286071266329,0.017932511888491,6158,7e,-0.20910479602386217
MA1153.2,SMAD4,0.5335378906807479,0,-0.0171360762753402,-0.017693549373948,2642,7e,-0.20910479602386217
MA0693.4,VDR,0.4007490706113024,0,-0.0171034574366681,-0.0150960942697238,1736,7e,-0.20910479602386217
MA0891.2,GSC2,0.295803474499989,0,-0.0169682880562276,-0.0178060743160227,11681,7e,-0.20910479602386217
MA1152.2,SOX15,0.2968404311684893,0,0.0169156525115271,0.0170709948203499,6889,7e,-0.20910479602386217
MA0894.2,HESX1,0.0932887979171347,0,0.016798149225655,0.0166136805195989,6061,7e,-0.20910479602386217
MA1724.2,RFX6,0.5403201704803856,0,0.0167757518995804,0.0191810457671595,720,7e,-0.20910479602386217
MA0605.3,ATF3,0.4710012319006443,1,0.0167676629019181,0.0164277396456807,603,7e,-0.20910479602386217
MA1103.3,FOXK2,0.2729916067146283,0,-0.0167565851441385,-0.0167310329821336,1695,7e,-0.20910479602386217
MA0663.1,MLX,0.4933198990495356,1,0.0167044459256045,0.0173269238715962,379,7e,-0.20910479602386217
MA0463.3,BCL6,0.455553775224895,1,-0.0166741727459534,-0.0185364817555432,477,7e,-0.20910479602386217
MA0606.3,NFAT5,0.2888655462184874,0,0.016650529541145,0.0142206253132576,3082,7e,-0.20910479602386217
MA0897.2,HMX2,0.308116935222934,0,-0.0165208998757523,-0.0162763074492402,773,7e,-0.20910479602386217
MA1964.2,SMAD2,0.671588188347965,0,0.0164696411142889,0.0162056953826576,3967,7e,-0.20910479602386217
MA0087.3,SOX5,0.365,0,0.0164359654627976,0.0154066238473892,2320,7e,-0.20910479602386217
MA1529.2,NHLH2,0.6865811269225948,2,-0.0164301046787744,-0.0161202767533567,1500,7e,-0.20910479602386217
MA1104.3,GATA6,0.2784080181257474,0,-0.0161096882121825,-0.0157228212492704,1527,7e,-0.20910479602386217
MA1554.2,RFX7,0.5384164824891274,1,-0.0161018505541544,-0.0159597006086613,11024,7e,-0.20910479602386217
MA0041.3,FOXD3,0.2614138046764412,0,-0.0157962723589174,-0.0159175871686036,2392,7e,-0.20910479602386217
MA0523.2,TCF7L2,0.3369274024561682,0,-0.0157886790391406,-0.0159864717768438,9398,7e,-0.20910479602386217
MA1134.2,FOS::JUNB,0.3904152511936943,0,-0.0157747917716942,-0.0160450324205597,1243,7e,-0.20910479602386217
MA1725.2,ZNF189,0.5565414602537572,0,0.0154037350932379,0.0148717619295756,1181,7e,-0.20910479602386217
MA0088.2,ZNF143,0.4947523328011756,0,-0.0151871274603255,-0.0133550590123652,701,7e,-0.20910479602386217
MA0884.2,DUXA,0.2318217554642807,0,0.0148362123740297,0.0155530174853011,1402,7e,-0.20910479602386217
MA2337.1,NR1H3,0.5723530934506861,0,0.0146951561078821,0.0138044329657189,4577,7e,-0.20910479602386217
MA0511.2,RUNX2,0.5016140393891109,1,0.0146231261789306,0.0166695572251641,4194,7e,-0.20910479602386217
MA0052.5,MEF2A,0.2027903235785436,0,0.0146079994944226,0.0132267473247291,1442,7e,-0.20910479602386217
MA0886.2,EMX2,0.0714305402533719,0,-0.0145498708667472,-0.014911057579143,2809,7e,-0.20910479602386217
MA1563.2,SOX18,0.3150588082801505,0,0.0145191904262184,0.0145623412652217,10525,7e,-0.20910479602386217
MA1639.2,MEIS1,0.2771675490244586,0,0.0144001899622765,0.0185498061775356,1035,7e,-0.20910479602386217
MA1099.3,HES1,0.7416739454687202,1,0.0142899481641894,0.014599815741494,5698,7e,-0.20910479602386217
MA0850.1,FOXP3,0.2930772647095777,0,-0.0141910591508773,-0.0151532715403119,14786,7e,-0.20910479602386217
MA0700.3,LHX2,0.1606146721397748,0,-0.0138652470891108,-0.0129414653426595,2366,7e,-0.20910479602386217
MA1133.2,JUN::JUNB,0.4568078545479199,1,-0.0137557922134183,-0.0128170250125489,321,7e,-0.20910479602386217
MA0683.2,POU4F2,0.2287849552373819,0,-0.0137527455752093,-0.0183542731261384,334,7e,-0.20910479602386217
MA0520.2,STAT6,0.3658391797085806,0,-0.0134625275691541,-0.0129745357224324,4035,7e,-0.20910479602386217
MA0152.3,NFATC2,0.3148533950617284,0,0.0134243909439212,0.0114265425325429,1449,7e,-0.20910479602386217
MA0498.3,MEIS1,0.4449240765228177,0,-0.0133757235604076,-0.0139436483267209,21038,7e,-0.20910479602386217
MA0774.1,MEIS2,0.5059208884493729,0,-0.0133483085064848,-0.0148021788809588,3895,7e,-0.20910479602386217
MA0895.2,HMBOX1,0.2493927975867545,0,0.0130640450543651,0.0131144872328751,7066,7e,-0.20910479602386217
MA0668.3,NEUROD2,0.537354360094666,0,0.0129999847693776,0.0141106968464859,1759,7e,-0.20910479602386217
MA0618.2,LBX1,0.2305812758669901,0,0.0129990486312009,0.0144919826014016,4584,7e,-0.20910479602386217
MA1112.3,NR4A1,0.3697968985434455,0,-0.0128613632570544,-0.0124983319901915,1682,7e,-0.20910479602386217
MA1135.2,FOSB::JUNB,0.3894652143155137,0,-0.0128067792047471,-0.0132320469373015,1908,7e,-0.20910479602386217
MA0060.4,NFYA,0.4901315789473684,0,0.0127192935414213,0.0123103613365958,1423,7e,-0.20910479602386217
MA1633.2,BACH1,0.3762901503739637,0,-0.0126028125540456,-0.0100278626774116,2469,7e,-0.20910479602386217
MA0654.2,ISX,0.0881112596112446,0,0.0125984457801749,0.0125204319698472,6406,7e,-0.20910479602386217
MA0024.3,E2F1,0.5810083041154829,1,-0.0125910991664158,-0.0133076428573981,1005,7e,-0.20910479602386217
MA2097.1,ZNF75A,0.5019106782765905,0,-0.0121443434149026,-0.0120096850816329,1107,7e,-0.20910479602386217
MA1712.2,ZNF454,0.757706937772806,2,0.0120119101558551,0.0120638913215312,1764,7e,-0.20910479602386217
MA0031.2,FOXD1,0.2891156462585034,0,-0.0119721741788584,-0.0116948975495977,1795,7e,-0.20910479602386217
MA0488.2,JUN,0.3649625637846344,0,0.0118837218023623,0.0116851744752366,4232,7e,-0.20910479602386217
MA0717.2,RAX2,0.1533843757390111,0,0.0118716275971862,0.0119491682474888,3437,7e,-0.20910479602386217
MA0135.2,LHX3,0.1111111111111111,0,0.011868317222729,0.0132577587492539,1376,7e,-0.20910479602386217
MA0612.3,EMX1,0.0734212879091564,0,0.0117315961204522,0.0117781802341994,4066,7e,-0.20910479602386217
MA0814.3,TFAP2C,0.768129087653915,0,-0.011678897796931,-0.007972084505733,1758,7e,-0.20910479602386217
MA0724.1,VENTX,0.3166432128132078,1,-0.0115339403177588,-0.0116797844502962,5043,7e,-0.20910479602386217
MA0140.3,GATA1::TAL1,0.4347374543037554,0,0.0114415582377622,0.0106717623843978,2418,7e,-0.20910479602386217
MA0099.4,FOS::JUN,0.3984348984348984,0,-0.01140523863002,-0.0117592688780402,1703,7e,-0.20910479602386217
MA0125.2,NOBOX,0.141025641025641,0,-0.0111961487138802,-0.0115008463184218,3548,7e,-0.20910479602386217
MA0665.1,MSC,0.4626664809518569,0,0.011171016488433,0.0095104239343651,1508,7e,-0.20910479602386217
MA0753.3,ZNF740,0.8510916377910454,0,-0.0111516738173237,-0.0124197514242862,1874,7e,-0.20910479602386217
MA0779.2,PAX1,0.5735551172367319,2,-0.0111444125658316,-0.0132723138762863,2071,7e,-0.20910479602386217
MA0908.2,HOXD11,0.2778643720416767,1,-0.0110526135512834,-0.0115946799088951,3741,7e,-0.20910479602386217
MA1101.3,BACH2,0.4605801600517261,0,-0.0108668313724985,-0.0116005324792081,1363,7e,-0.20910479602386217
MA1649.2,ZBTB12,0.5194900527325025,0,-0.0107713294748424,-0.0144109467223764,1543,7e,-0.20910479602386217
MA0906.2,HOXC12,0.3389162369495737,1,0.0106432996985833,0.0108916522282412,2898,7e,-0.20910479602386217
MA0682.3,PITX1,0.3348524489264477,0,-0.010637485140792,-0.014415044462642,3283,7e,-0.20910479602386217
MA0851.2,FOXJ3,0.2166536163420263,0,-0.0105987420118372,-0.0108526783697234,2822,7e,-0.20910479602386217
MA0738.2,HIC2,0.6652541680045564,0,-0.0103694628970707,-0.0102393048193359,17590,7e,-0.20910479602386217
MA0832.2,TCF21,0.4406082923321656,0,0.0103183327004089,0.0124478522290419,521,7e,-0.20910479602386217
MA0869.3,SOX11,0.3875378085666894,0,-0.0102932065847269,-0.0084898073822872,2119,7e,-0.20910479602386217
MA0592.4,ESRRA,0.4786056829255782,0,-0.0102780301339969,0.0009594119068251,571,7e,-0.20910479602386217
MA0497.2,MEF2C,0.2486836692719045,0,0.0102391514115437,0.0099471588060033,7256,7e,-0.20910479602386217
MA0142.1,POU5F1::SOX2,0.3079156109600345,0,-0.010226609606791,-0.0142804469254534,646,7e,-0.20910479602386217
MA0007.4,AR,0.5199482483102034,1,-0.0101584637169081,-0.0034032653596812,555,7e,-0.20910479602386217
MA0855.1,RXRB,0.5148305133902953,0,0.0101270785665538,0.0065244865816758,562,7e,-0.20910479602386217
MA0656.2,JDP2,0.4436404361640864,1,0.010061438535401,0.0111064172052427,628,7e,-0.20910479602386217
MA0047.4,FOXA2,0.2612462522029036,0,0.0098572878550967,0.0109264471224949,1777,7e,-0.20910479602386217
MA1616.2,PRDM15,0.4793443821593955,0,0.0096445303925183,0.014236959016721,766,7e,-0.20910479602386217
MA0067.3,PAX2,0.5897927507997753,2,0.0094263181154909,0.0094876389039743,1137,7e,-0.20910479602386217
MA0068.2,PAX4,0.250426385872654,0,0.0094036054155805,0.0114218347497271,2358,7e,-0.20910479602386217
MA1141.2,FOS::JUND,0.3975131591628597,0,-0.0091441725110111,-0.0094109304546335,1953,7e,-0.20910479602386217
MA0100.4,MYB,0.5169066317626527,0,0.0091320009591928,0.0090008834393759,3734,7e,-0.20910479602386217
MA0033.2,FOXL1,0.2251255500045994,0,0.0089696138576311,0.0089639585979195,13240,7e,-0.20910479602386217
MA0907.2,HOXC13,0.318179010062913,1,0.0087586638978164,0.0088182907888078,1281,7e,-0.20910479602386217
MA0616.3,HES2,0.7225959726439455,1,-0.0086638688676165,-0.0067659342054667,2308,7e,-0.20910479602386217
MA1972.1,ZFP14,0.6313033181057134,0,0.0085373045886218,0.0081694278922449,3788,7e,-0.20910479602386217
MA0619.2,LIN54,0.1410734979306407,0,0.0083504340562295,0.0085011269650297,3674,7e,-0.20910479602386217
MA0862.1,GMEB2,0.4127388379689408,1,-0.0082830933459753,-0.0072057537680657,1300,7e,-0.20910479602386217
MA0479.2,FOXH1,0.3198672674135411,0,-0.0082236334931672,-0.0090111385923844,4179,7e,-0.20910479602386217
MA1485.1,FERD3L,0.5929711414751838,0,-0.008200179878477,-0.0080537964823742,2255,7e,-0.20910479602386217
MA0615.2,GMEB1,0.5482915938652689,1,-0.0081450498085863,-0.0068404240330577,1953,7e,-0.20910479602386217
MA0624.3,NFATC1,0.3421080964685616,0,-0.0081266528791376,-0.0056686646274746,2806,7e,-0.20910479602386217
MA1102.3,CTCFL,0.8288543630114202,0,0.0079039857646179,0.0085834971160971,2586,7e,-0.20910479602386217
MA1111.2,NR2F2,0.4336572724327826,0,-0.0078787636217385,-0.0091061189889575,1600,7e,-0.20910479602386217
MA1501.2,HOXB7,0.2395626656449251,0,0.0078580847186636,0.0079633379376433,8280,7e,-0.20910479602386217
MA1566.3,TBX3,0.4685389250246937,0,-0.0076334267626049,-0.0060527442730814,2553,7e,-0.20910479602386217
MA1569.2,TFAP2E,0.860575875604231,0,-0.0076217228050648,-0.0077685376891011,4828,7e,-0.20910479602386217
MA1644.2,NFYC,0.4404525855285935,0,-0.0073878730744739,-0.0070287815430523,1292,7e,-0.20910479602386217
MA1713.2,ZNF610,0.8369501466275662,2,0.0072632609824226,0.0080455488660421,1250,7e,-0.20910479602386217
MA2328.1,ZBED4,0.8818456883509833,2,-0.0069972866692102,-0.0150752206010714,1305,7e,-0.20910479602386217
MA0820.2,FIGLA,0.6601096358346622,0,-0.0069918350019556,-0.0067013039212893,11103,7e,-0.20910479602386217
MA0676.1,NR2E1,0.2996792086397569,0,-0.0067356838472646,-0.0073448355833753,5726,7e,-0.20910479602386217
MA1142.2,FOSL1::JUND,0.3906788264131078,0,-0.0067311989087703,-0.0060746439937228,2567,7e,-0.20910479602386217
MA0790.2,POU4F1,0.1676510383506723,0,-0.0066879540299802,-0.0087158915958679,951,7e,-0.20910479602386217
MA0657.2,KLF13,0.5876851138356993,1,0.0066244885282762,0.0149306683945052,759,7e,-0.20910479602386217
MA2325.1,EPAS1,0.6594730455884902,2,-0.0065768546479337,-0.0062498877568534,942,7e,-0.20910479602386217
MA0766.3,GATA5,0.3361658690576761,0,0.0065723015181537,0.0065116375118482,4031,7e,-0.20910479602386217
MA0038.3,GFI1,0.4263776104865211,0,-0.0061614418897614,-0.0058481083467333,4048,7e,-0.20910479602386217
MA1574.2,THRB,0.5153122268784391,0,-0.0060897529218032,-0.0059009647819826,2811,7e,-0.20910479602386217
MA0650.4,HOXA13,0.2397675227549423,0,0.0060778272152706,0.0085048342352045,2019,7e,-0.20910479602386217
MA1711.2,ZNF343,0.674297427808414,2,-0.0059511321195254,-0.0067947298482877,1391,7e,-0.20910479602386217
MA0465.3,CDX2,0.2457418740437755,0,0.0058611073082253,0.0046202225169092,1392,7e,-0.20910479602386217
MA1559.2,SNAI3,0.5900542007225605,0,-0.005833670459208,-0.0057422366154194,6352,7e,-0.20910479602386217
MA1132.2,JUN::JUNB,0.4280667417662178,0,0.0057856434075133,0.0060444456034079,1801,7e,-0.20910479602386217
MA0691.1,TFAP4,0.4671996044850434,0,0.0056871741988886,0.0038170394592016,1511,7e,-0.20910479602386217
MA0890.2,GBX2,0.1127108532467637,0,0.0055642268180002,0.0053621625416922,4545,7e,-0.20910479602386217
MA0688.2,TBX2,0.4630034702894825,0,0.0055068591033141,0.0073819978077161,4996,7e,-0.20910479602386217
MA1996.2,NR1H2,0.4963033140139694,0,-0.0055041269858015,-0.0041085067109959,2401,7e,-0.20910479602386217
MA0155.1,INSM1,0.66,1,-0.0053557156310952,-0.0053993061105471,3181,7e,-0.20910479602386217
MA0806.1,TBX4,0.4991601381985079,0,0.0053463926094947,0.0051533381065871,7001,7e,-0.20910479602386217
MA0508.4,PRDM1,0.4310394104651702,0,-0.0051030394122218,-0.0025860254165313,1817,7e,-0.20910479602386217
MA2118.1,FOXS1,0.2733333333333333,0,-0.0050406018757862,-0.002242763399476,1210,7e,-0.20910479602386217
MA0694.2,ZBTB7B,0.6987650821223805,2,0.0050020641250386,0.0048112375225521,3237,7e,-0.20910479602386217
MA0032.2,FOXC1,0.2043614665641308,0,0.004991106745272,0.0047357402210039,6419,7e,-0.20910479602386217
MA1100.3,ASCL1,0.6529351406215579,0,0.0048787376508972,0.0057255369873759,7152,7e,-0.20910479602386217
MA0805.1,TBX1,0.4920723605673691,0,0.0048248343565655,0.0055155728394276,2787,7e,-0.20910479602386217
MA0808.1,TEAD3,0.4427572460827015,0,-0.0047647257117726,-0.005004052412794,4675,7e,-0.20910479602386217
MA2003.2,NKX2-4,0.4908830568571514,0,0.0045252614590738,0.0045646992804955,9617,7e,-0.20910479602386217
MA1475.2,CREB3L4,0.5191643890231812,1,-0.0045247626518182,-0.0038751344082476,1878,7e,-0.20910479602386217
MA0846.2,FOXC2,0.2332515932128,0,-0.0045070400462352,-0.0037634086758616,3901,7e,-0.20910479602386217
MA1506.2,HOXD10,0.3400452904307804,1,-0.0042313655950632,-0.0047981982452265,2857,7e,-0.20910479602386217
MA1128.2,FOSL1::JUN,0.3968631169229971,0,-0.0040568443690411,-0.0047434983505642,1499,7e,-0.20910479602386217
MA0130.1,ZNF354C,0.6078431372549019,0,-0.0039885491712502,-0.0049781343192271,7055,7e,-0.20910479602386217
MA0648.2,GSC,0.2915269542160675,0,0.0039192138827505,0.0037210477120931,5597,7e,-0.20910479602386217
MA0485.3,HOXC9,0.3052141644505354,1,-0.0037449161579373,-0.0029305339656746,1884,7e,-0.20910479602386217
MA0065.3,PPARG::RXRA,0.547418433950916,0,0.0036943176582129,0.0033214358401855,3302,7e,-0.20910479602386217
MA1480.2,DPRX,0.3749838725137315,0,-0.0035241566407647,-0.0057836411608927,4037,7e,-0.20910479602386217
MA0689.1,TBX20,0.4300508987420242,0,-0.0035220283900246,-0.0030136143760271,2096,7e,-0.20910479602386217
MA1683.2,FOXA3,0.2776121973575895,0,-0.0035205157425757,-0.0039280840372332,1308,7e,-0.20910479602386217
MA0873.2,HOXD12,0.332078957101206,1,0.0035133747497786,0.003273958684229,2331,7e,-0.20910479602386217
MA1479.2,DMRTC2,0.2951392277444388,0,0.0034561576099592,0.0023311935591752,3228,7e,-0.20910479602386217
MA1636.2,CEBPG,0.327515609507731,0,-0.0031878135801416,-0.0046758096920099,828,7e,-0.20910479602386217
MA1977.2,ZNF324,0.4747350863422291,0,0.0031365862892688,0.0074031549685493,1410,7e,-0.20910479602386217
MA1640.2,MEIS2,0.2188653161935604,0,0.0031092730916601,0.008220206836577,925,7e,-0.20910479602386217
MA1714.2,ZNF675,0.5077267213299359,0,0.0029475328516932,0.0074910038294361,380,7e,-0.20910479602386217
MA1982.2,ZNF574,0.6830484884377099,1,-0.0028698759146843,-0.0031768023723739,1676,7e,-0.20910479602386217
MA1645.2,NKX2-2,0.5103173993237012,0,0.0026453981207645,0.0042850633925039,1654,7e,-0.20910479602386217
MA1536.2,NR2C2,0.5604891912143293,0,0.0026310059924015,0.0025646042347348,24490,7e,-0.20910479602386217
MA2001.2,SIX4,0.4015610438024231,0,0.0024578965097092,0.0019893138759595,1420,7e,-0.20910479602386217
MA1963.2,SATB1,0.1573390378795784,0,-0.0023202402822429,0.0005060769377851,1148,7e,-0.20910479602386217
MA0614.1,FOXJ2,0.2468551448551448,0,-0.0021491889408085,-0.0025288927211466,4974,7e,-0.20910479602386217
MA0604.1,ATF1,0.4757366510734774,1,0.002008166507369,0.0049603265397972,2830,7e,-0.20910479602386217
MA0840.2,CREB5,0.4175817217451436,1,0.0018851448112835,0.0017101765988338,879,7e,-0.20910479602386217
MA1561.2,SOX12,0.4254483110698672,1,-0.0018511357584797,-0.0027987467911149,1261,7e,-0.20910479602386217
MA1655.2,ZNF341,0.5779339526936835,0,-0.001810588395851,-7.774083906655411e-05,1535,7e,-0.20910479602386217
MA0794.1,PROX1,0.462539839934819,1,0.0016102449206395,0.0022439758905532,1012,7e,-0.20910479602386217
MA1130.2,FOSL2::JUN,0.3982147260590374,0,-0.0015217270797931,-0.001797041498265,1865,7e,-0.20910479602386217
MA0736.1,GLIS2,0.751418879469884,2,0.00148237492069,0.0004855394571556,2559,7e,-0.20910479602386217
MA1532.2,NR1D2,0.4976254161154205,0,0.0013548712045722,0.0013707785667087,872,7e,-0.20910479602386217
MA0911.2,HOXA11,0.3082943891862644,1,0.001338130848302,0.0013166898225224,4788,7e,-0.20910479602386217
MA0834.2,ATF7,0.4258184953775153,1,0.001296726774323,0.00219710216559,359,7e,-0.20910479602386217
MA0672.2,NKX2-3,0.4658775803492171,0,0.0012907594276322,0.0014076886843624,8959,7e,-0.20910479602386217
MA1565.2,TBX18,0.5019861188354712,0,0.0012907413326229,0.0010586348804581,2777,7e,-0.20910479602386217
MA1572.1,TGIF2LY,0.5108873309595695,0,0.0011694930853942,-0.0025823180191422,302,7e,-0.20910479602386217
MA0048.3,NHLH1,0.6905034151361126,1,-0.0010090152996111,-0.0010135963038267,3661,7e,-0.20910479602386217
MA1148.2,PPARA::RXRA,0.460955024487078,0,0.0009446874473203,0.0045490683630884,483,7e,-0.20910479602386217
MA1716.2,ZNF76,0.5639510658060625,2,0.0008488843006484,-0.0041893076714083,802,7e,-0.20910479602386217
MA1534.2,NR1I3,0.3380179837465685,0,0.0008031508702987,0.0008239644349014,13110,7e,-0.20910479602386217
MA0793.2,POU6F2,0.2948937483347399,0,-0.0007001802052343,-0.0003948744417788,3491,7e,-0.20910479602386217
MA0712.3,OTX2,0.3534690326246509,0,0.0006460750470743,-0.0037523193660403,1893,7e,-0.20910479602386217
MA1106.2,HIF1A,0.6369351002378525,1,0.0005477211999677,0.0034710611089994,1038,7e,-0.20910479602386217
MA1991.2,HNF1A,0.39376,0,-0.0004293804434057,-0.0014805455299057,1209,7e,-0.20910479602386217
MA0854.2,ALX1,0.1312252475247524,0,0.0004017824861076,0.0002380921122505,1371,7e,-0.20910479602386217
MA1557.1,SMAD5,0.5034002918667388,0,0.0003735147765925,0.0003293421756045,1162,7e,-0.20910479602386217
MA0696.1,ZIC1,0.76301954190471,1,0.0002903350011627,-0.0007860647348658,2468,7e,-0.20910479602386217
MA1577.2,TLX2,0.0820161246188343,0,0.0002529638868804,-0.0010457240943373,2820,7e,-0.20910479602386217
MA1547.2,PITX2,0.3846049113330641,0,-0.0002359665206809,0.0001600709171953,2811,7e,-0.20910479602386217
MA1473.2,CDX4,0.2487636827893122,0,-0.000221285902533,-0.0013031236497696,2880,7e,-0.20910479602386217
MA0510.3,RFX5,0.4848179595157463,0,0.0002128557317057,0.0036529283112148,281,7e,-0.20910479602386217
MA0867.3,SOX4,0.3590491064280613,0,-0.00019577995886,-6.928763357600752e-05,7029,7e,-0.20910479602386217
MA0767.2,GCM2,0.648322988432496,1,-0.0001510392483307,0.0002293890626227,6701,7e,-0.20910479602386217
MA0521.3,TCF12,0.6578779033100889,0,-3.4023848010994056e-05,-0.0050201595249839,1802,7e,-0.20910479602386217
