panel,model,seed,n_loci,n_blocks,spearman,ci_low,ci_high,pearson,plotted_point,plotted_bar,uncertainty
6d,fusion,42,26570,257,0.4865078749034125,0.4691712453448095,0.502578268335981,0.3541656357365972,mean over seeds 42-44,range over seeds 42-44,per-seed 1 Mb block-bootstrap interval in ci_low/ci_high; not the bar drawn in the panel
6d,fusion,43,26570,257,0.4810690419421081,0.4641999657288918,0.497135089516328,0.3558074023591134,mean over seeds 42-44,range over seeds 42-44,per-seed 1 Mb block-bootstrap interval in ci_low/ci_high; not the bar drawn in the panel
6d,fusion,44,26570,257,0.5050167500071586,0.4885513046072351,0.5224060033381794,0.3546591729711414,mean over seeds 42-44,range over seeds 42-44,per-seed 1 Mb block-bootstrap interval in ci_low/ci_high; not the bar drawn in the panel
6d,sequence,42,26570,257,0.4999045444166326,0.4846171406630385,0.5148368691114447,0.3566933346539454,mean over seeds 42-44,range over seeds 42-44,per-seed 1 Mb block-bootstrap interval in ci_low/ci_high; not the bar drawn in the panel
6d,sequence,43,26570,257,0.5013683843691201,0.4852159638837894,0.5181514044100781,0.3520851570710567,mean over seeds 42-44,range over seeds 42-44,per-seed 1 Mb block-bootstrap interval in ci_low/ci_high; not the bar drawn in the panel
6d,sequence,44,26570,257,0.5097446942648264,0.4920336382841351,0.5270629986869192,0.3472317567162916,mean over seeds 42-44,range over seeds 42-44,per-seed 1 Mb block-bootstrap interval in ci_low/ci_high; not the bar drawn in the panel
6d,epi,42,26570,257,0.3256577871547086,0.3093047360207588,0.3421728627724803,0.1800078673454174,mean over seeds 42-44,range over seeds 42-44,per-seed 1 Mb block-bootstrap interval in ci_low/ci_high; not the bar drawn in the panel
6d,epi,43,26570,257,0.2979758943727289,0.2822043192311431,0.3126794630549742,0.1829894230884544,mean over seeds 42-44,range over seeds 42-44,per-seed 1 Mb block-bootstrap interval in ci_low/ci_high; not the bar drawn in the panel
6d,epi,44,26570,257,0.2978441170045205,0.2838863351889029,0.3109053054755566,0.1959319114201203,mean over seeds 42-44,range over seeds 42-44,per-seed 1 Mb block-bootstrap interval in ci_low/ci_high; not the bar drawn in the panel
