model,coverage_bin,n_loci,beta_mae,beta_rmse,m_mae,m_rmse,roc_auc,panel
sequence,1-48,503,0.1452028235016949,0.2097790720374552,1.2466075407418886,1.629280895472889,0.8984843205574913,S1b
sequence,49-77,904,0.1038972525486508,0.1741403941794151,0.9430317569998468,1.3729745973802692,0.9478565842931814,S1b
sequence,78-92,1028,0.1232438010493373,0.1957379510209959,1.123878278447259,1.58869533132589,0.9305800789364352,S1b
sequence,93-96,1181,0.1091317767987089,0.1785575058591572,1.0560752894779846,1.5123037790994398,0.9451721532295156,S1b
sequence,97,22954,0.1077409562888861,0.174331661067824,1.2036705955658986,1.6466454442984633,0.9603702172461924,S1b
fusion,1-48,503,0.1265777227715042,0.177014766688373,1.0916617984696482,1.377741822351713,0.9208710801393728,S1b
fusion,49-77,904,0.087874371311174,0.1401847065853534,0.8247885085728361,1.133824795447043,0.9683264835752796,S1b
fusion,78-92,1028,0.1016712854634463,0.1561772155862062,0.9562776580687108,1.3029021787581387,0.9544124774961916,S1b
fusion,93-96,1181,0.0920586149680612,0.1441022075274106,0.910077035387664,1.2347145555139811,0.967031342400946,S1b
fusion,97,22954,0.086962886526284,0.1363283398852703,1.023367127634789,1.354668860553436,0.9786393166358496,S1b
epi,1-48,503,0.1506637764083699,0.2164949605737196,1.2737081639883414,1.6672980590452533,0.8612020905923345,S1b
epi,49-77,904,0.109853472643062,0.1742476383757746,1.0289737557962977,1.4094742792243151,0.9415536309597304,S1b
epi,78-92,1028,0.1165590982536281,0.1834473093420023,1.1077857931918675,1.510601445578564,0.9311989336656972,S1b
epi,93-96,1181,0.1068787245698128,0.1729387360072202,1.067703560901574,1.4595289969423912,0.9385012155857808,S1b
epi,97,22954,0.0999494954363091,0.156695626305477,1.1879877129207703,1.5363094258497605,0.9701898232898089,S1b
