panel_file,n_rows,n_columns,sha256
fig2ab_heldout_accuracy.csv,7,12,35e2cd5477b70d7751c55768ff0389123826cb1ab349df9fec4716922ec3bf8e
fig2c_calibration.csv,1,8,d9d67164a4555f761aeacf2b93f8c90afa8c3922875752268570cd44a0ef4a10
fig2d_error_by_level.csv,30,6,cf30aa78e647329c94975b56ca965f9fbe4b2aae0f57b071fc30fdd2481e7049
fig2e_transfer_error.csv,10,14,31d42ad76bb03f1ec3c904e275db7e5b7ce28e85e1116429bea62bba347d6e7a
fig2f_chromosome_splits.csv,4,9,40a546524e69b629f9eecfcde6cfb6697fe169dc9bbfbc321acb767d52c5f052
fig2g_relative_context_benefit.csv,32,10,a310036865a477b072e5f0ea2b53e2b689149be47d3e01e5474f4de012adf40b
fig3a_volcano.csv,42866,16,0aebe57ce6d6752c36892832bf2430cee590377427da254c96e62c3abeb01400
fig3bc_rank_agreement.csv,4455,12,0cb9776588fe3adb23aecb9a4bd9398c1efd79c7f1021a551625904af015f142
fig3d_distance_control.csv,10,12,f18e473d747414c6e65a46df47b5eb290bb70a97ca9865e5dc8ca88e6cb97177
fig3e_distance_bins.csv,12,9,4a00a3a9855c9e37e9a4e45afe7884b8e4973df48fc76f33d4449c33229ecf76
fig3f_association_strength.csv,14,10,c0a895e8fd0ae0261cd69609c515f290bbf00b9dfa7af61542e2c889659684d0
fig3g_asm.csv,12,10,01d1bef49612a6e0b07de60f86953f50a6621fcecaf65ef12655c15f48114bd8
fig4b_gate_allocation.csv,76893,7,abeffaba362fd32e0abadac4308439bb11abf60ee0df11c88441b17559d8146a
fig4c_context_swap.csv,153786,6,3acd824fab5efe5c6efb9bce907a69130f89cc505c61eedc8dfcfadacb876aa9
fig5a_ncoa2_locus.csv,1,16,d398edfbe0ed6cdd03cc477934f342de83d5f4f816778697dedfe4c52a6afd58
fig5b_matched_background.csv,66,14,20e6f60cb4816ac1a5bb3fd8944d1a44f361f86b058ec6579f3c0823f58e738c
fig5c_stk11.csv,3,7,01652f0771d246f6dad926a2c15053cdfa7b2e4f569eeac03c2d7add8ea526c4
fig5d_gwas_control.csv,2,16,6b0f32a55c8ee6a42052b2aff3696a83789850155f61747025a37ba47e020e4b
figS1a_coverage.csv,26570,3,13d8862fa48bf38c13f0b84c60494af44e749026fe1fc7a5bc7f3c1e42d584fd
figS1b_coverage_bins.csv,15,9,aede6335473cb213284f7a59e5b60b09654c77f13e04b9bfdbf308a491be883a
figS1c_splits.csv,3,7,83b4de26d083a6fc684073ced4e7048effe295e8e16107280826ea13a5b6d784
figS2a_positive_control.csv,6,13,93fc8c9c2e6904c8e45a0ff316e286843005434da35c4f8472941ddd842ef78d
figS2b_matched_negative.csv,4,16,92424f006363ab385634c3a8b3ab94618c654af3065fd911e307bbd25bc6961b
figS2c_asm_subsets.csv,4,12,f3b801c4c83ac998543fbcf166238a8d8f0446ec55ac8182e518c37ea5b5d6c7
figS3a_scale_dependence.csv,18,10,843142c4c2e5fa049f646321ff24c5349873bc73c4c1d4105a441c0bc4d4e252
figS3b_motif_discrimination.csv,2,12,89774bd7fe7482854cfb9c58968cd644ac2535ead3d76d520ee9396b3db01a67
figS4a_estimator_comparison.csv,15,9,2e5e3bcf2c4df220aac8906b3eddb824a77defc088be4676e39e394346c0dd92
figS4b_risk_coverage.csv,95,8,768691b91294ce67ad664913b366f63a3a8a78392bd4646c77388e96cac1425d
figS4c_disagreement_vs_error_raw.csv,26570,7,45961e306bf5a771aa6424834ca206698c6d2d36e5f16a5ddaa0a1ccf6ec4a09
figS4d_disagreement_vs_error.csv,9,12,664cd07ae1f5cea0539120baa49f54e5d6d550f9da783ffa6ad06b9deaccbc3b
figS5abc_motif_coupling.csv,28,15,ed6d10b262c1ba8de47ffb3f17cc33ec222ed4c88c3e53e3eae8aac0ef88f863
figS5d_motif_vs_background.csv,3,9,e2f71f8977c4ef751325e331193d6357cb47026b1f34f29ea7edbb6ce0d4cfea
figS5e_gc_confound.csv,831,9,0f3d3516f57913a72dcea1286e38a6852f2d56a71c72641a97f3cf88a6aca85c
