reference,comparison,metric,n,difference,ci_low,ci_high,interval_excludes_zero
fusion,deepcpg,"AUROC, distance-matched",8074,0.019084307411828205,0.005016480497317958,0.033039226577446644,True
fusion,cpgenie,"AUROC, distance-matched",8074,0.005093828335113515,-0.01256055807451743,0.0214145874160036,False
fusion,deepcpg,signed rho (significant),4037,0.010894675529810605,-0.032497491329917944,0.05213844957480143,False
fusion,cpgenie,signed rho (significant),4037,0.020598409135340917,-0.026050289815094236,0.06345767886335853,False
fusion,deepcpg,direction agreement,4037,0.007926678226405692,-0.013976008448851851,0.0290041875940137,False
fusion,cpgenie,direction agreement,4037,0.007926678226405692,-0.011225321403875202,0.0273758613831137,False
fusion,deepcpg,"tail enrichment, top 0.1%",42866,0.16279069767441856,-0.025690789473684177,0.3488372093023256,False
fusion,cpgenie,"tail enrichment, top 0.1%",42866,0.1395348837209302,-0.09344173441734416,0.4,False
fusion,deepcpg,"tail enrichment, top 0.5%",42866,0.060747663551401876,-0.015426249008723237,0.14924318507890952,False
fusion,cpgenie,"tail enrichment, top 0.5%",42866,0.09813084112149531,0.020292320779522085,0.1905835750743583,True
fusion,deepcpg,"tail enrichment, top 1%",42866,0.034965034965034975,-0.025216833054417444,0.10571870441406883,False
fusion,cpgenie,"tail enrichment, top 1%",42866,0.0885780885780886,0.024196779659210778,0.13450830598851518,True
fusion,deepcpg,"tail enrichment, top 5%",42866,0.021931871208586085,0.0018785487449562489,0.044114285714285724,True
fusion,cpgenie,"tail enrichment, top 5%",42866,0.013065795613625752,-0.00920515287696016,0.03200742386008715,False
