Variant_UID,Gene,GDC_Genomic_DNA_Change,Target_CpG,Mutation_Window_Index_0based,Signed_Offset_From_Target_CpG_C,Absolute_Distance_From_Target_CpG,Ref,Alt,Substitution,Trinucleotide_Context,Canonical_SBS6,Canonical_SBS96,Transition_Transversion,CpG_Effect,Source_Row_Index,Predicted_WT_M,Predicted_Mutant_M,Predicted_WT_Beta,Predicted_Mutant_Beta,Predicted_Delta_Beta,Absolute_Delta_Beta,Matched_Null_Tier,Matched_Control_Count,Matched_Control_Count_Below_Minimum,Matched_Null_Mean,Matched_Null_Median,Matched_Null_STD,Matched_Null_Absolute_Effect_Percentile,Matched_Empirical_P,Matched_BH_Q,Absolute_Delta_Beta_Rank
chr8:g.10428264C>T|cg14264678,MSRA,chr8:g.10428264C>T,cg14264678,30,-469,469,C,T,C>T,GCG,C>T,G[C>T]G,transition,destroyed,1170,0.1429443359375,1.7236328125,0.524750121227204,0.7675861718203307,0.24283605059312674,0.24283605059312674,T5_SBS6_CpG_distance250,30,False,-0.0041564938642780274,0.00016433473240301533,0.03543462119578614,100.0,0.03225806451612903,0.9613919227838457,1
chr7:g.50543912G>A|cg05346287,DDC,chr7:g.50543912G>A,cg05346287,225,-274,274,G,A,G>A,CGT,C>T,A[C>T]G,transition,destroyed,1132,1.9599609375,0.6669921875,0.7955225343778757,0.6135652902516199,-0.1819572441262558,0.1819572441262558,T4_SBS6_CpG_distance100,27,False,0.0023949627341472014,-7.800215990683146e-05,0.012018541737600807,100.0,0.03571428571428571,0.9613919227838457,2
chr1:g.6128067C>T|cg12135344,CHD5,chr1:g.6128067C>T,cg12135344,506,7,7,C,T,C>T,CCA,C>T,C[C>T]A,transition,unchanged,4,-0.0986328125,-1.072265625,0.4829148902354888,0.3222965114804512,-0.1606183787550376,0.1606183787550376,T4_SBS6_CpG_distance100,191,False,-0.0014053796017961416,0.0003070405869895973,0.019195484654497982,100.0,0.005208333333333333,0.9613919227838457,3
chr19:g.4048232C>T|cg21206277,ZBTB7A,chr19:g.4048232C>T,cg21206277,654,155,155,C,T,C>T,TCA,C>T,T[C>T]A,transition,unchanged,589,4.21484375,2.2265625,0.9488994249219813,0.8239490885159377,-0.12495033640604358,0.12495033640604358,T2_SBS96_CpG_distance50,40,False,-0.006012436482226933,-0.0005488667340214741,0.023937066141675418,100.0,0.024390243902439025,0.9613919227838457,4
chr3:g.122922265G>A|cg10783060,SEMA5B,chr3:g.122922265G>A,cg10783060,467,-32,32,G,A,G>A,AGA,C>T,T[C>T]T,transition,unchanged,919,0.61572265625,-0.0179290771484375,0.6051060354482283,0.49689316766660346,-0.10821286778162481,0.10821286778162481,T2_SBS96_CpG_distance50,37,False,-0.0031422690249002638,0.0002606713451371867,0.022987717499282828,100.0,0.02631578947368421,0.9613919227838457,5
chr8:g.31032390C>T|cg02006610,PURG,chr8:g.31032390C>T,cg02006610,687,188,188,C,T,C>T,TCA,C>T,T[C>T]A,transition,unchanged,1179,2.017578125,1.20703125,0.8019423525960492,0.6977592634509231,-0.10418308914512608,0.10418308914512608,T2_SBS96_CpG_distance50,33,False,-0.006330110544466445,-8.652194524805257e-05,0.02446323664479709,96.96969696969697,0.058823529411764705,0.9613919227838457,6
chr1:g.27551615G>A|cg23931121,AHDC1,chr1:g.27551615G>A,cg23931121,531,32,32,G,A,G>A,AGA,C>T,T[C>T]T,transition,unchanged,28,1.6181640625,0.90673828125,0.7542901717880567,0.6521499634107497,-0.10214020837730697,0.10214020837730697,T2_SBS96_CpG_distance50,37,False,-0.003306394954746691,0.0002606713451371867,0.023724054632826702,97.29729729729729,0.05263157894736842,0.9613919227838457,7
chr11:g.64207400C>T|cg20136100,FERMT3,chr11:g.64207400C>T,cg20136100,511,12,12,C,T,C>T,TCG,C>T,T[C>T]G,transition,destroyed,208,2.916015625,1.884765625,0.8830079281766032,0.7869134722020926,-0.0960944559745106,0.0960944559745106,T3_SBS96_CpG_distance100,21,False,-0.004729678865988634,0.0,0.024434541830011255,100.0,0.045454545454545456,0.9613919227838457,8
chr9:g.122226983C>T|cg21213617,LHX6,chr9:g.122226983C>T,cg21213617,520,21,21,C,T,C>T,CCT,C>T,C[C>T]T,transition,unchanged,1236,-1.4765625,-0.908203125,0.2643510395682304,0.34761973911940824,0.08326869955117783,0.08326869955117783,T4_SBS6_CpG_distance100,209,False,-0.0028434854839724196,0.00028971467077733987,0.02122799600114023,98.56459330143541,0.01904761904761905,0.9613919227838457,9
chr11:g.64297154C>T|cg13881637,KCNK4,chr11:g.64297154C>T,cg13881637,398,-101,101,C,T,C>T,GCG,C>T,G[C>T]G,transition,destroyed,210,1.8193359375,2.642578125,0.7792098302240057,0.8619635943901828,0.08275376416617708,0.08275376416617708,T3_SBS96_CpG_distance100,20,False,0.009279231936669808,0.0006584277967466301,0.02593539223840476,100.0,0.047619047619047616,0.9613919227838457,10
