model,coverage_subset,minimum_observed,n_loci,beta_mae,beta_rmse,m_mae,m_rmse,roc_auc,fraction_of_test
epi,all,1,26570,0.10219716461307705,0.16051067673286545,1.175750814638139,1.5304326119473417,0.9658027966449174,1.0
epi,>=49/97,49,26067,0.10126193210711043,0.1592369284724972,1.1738605876567774,1.5276710140819298,0.9672995621130795,0.9810688746706813
epi,>=78/97,78,25163,0.1009532744492596,0.1586712348208098,1.1790657577875994,1.5317476132949457,0.9679149250610545,0.9470455400828002
epi,>=88/97,88,24617,0.10058110145555817,0.15799482350754,1.1809056745910245,1.5321133815461898,0.9687001016518714,0.926496048174633
epi,>=93/97,93,24135,0.10028856399262438,0.1575294292760065,1.1821018383181323,1.5326418295641087,0.969077668732807,0.9083552879187053
epi,97/97,97,22954,0.09994949543630917,0.156695626305477,1.1879877129207703,1.5363094258497605,0.9701898232898089,0.8639066616484757
sequence,all,1,26570,0.10898100500784416,0.17612439583713338,1.1859680443755345,1.6297641052394987,0.9576486134272373,1.0
sequence,>=49/97,49,26067,0.10828205327951305,0.17541149132485054,1.1847979186736017,1.6297734280532419,0.9586666782802087,0.9810688746706813
sequence,>=78/97,78,25163,0.1084395805958386,0.17545698510811916,1.1934835527455756,1.6382502439504538,0.9589123805617878,0.9470455400828002
sequence,>=88/97,88,24617,0.10801111518433336,0.17481286201098895,1.1947825586203764,1.6390142468249211,0.9596081890227637,0.926496048174633
sequence,>=93/97,93,24135,0.1078090134267399,0.17454082545496138,1.1964483019470948,1.6403277325526817,0.9598568959808231,0.9083552879187053
sequence,97/97,97,22954,0.10774095628888614,0.17433166106782408,1.2036705955658986,1.6466454442984633,0.9603702172461925,0.8639066616484757
fusion,all,1,26570,0.08853942150084283,0.1385084012549078,1.010272418343865,1.3410794963064385,0.976516133213212,1.0
fusion,>=49/97,49,26067,0.08780541814260664,0.13765947972659953,1.0087018939949461,1.3403621823849874,0.9772954084722061,0.9810688746706813
fusion,>=78/97,78,25163,0.08780294094734435,0.13756789646698872,1.0153091228794824,1.3471931118281515,0.9774985280438168,0.9470455400828002
fusion,>=88/97,88,24617,0.08739116622728105,0.13695533725538128,1.0162052102914194,1.3476674077347617,0.9780897200549943,0.926496048174633
fusion,>=93/97,93,24135,0.0872122362378953,0.1367190251813763,1.0178234939515964,1.3490473414340693,0.9782306789549962,0.9083552879187053
fusion,97/97,97,22954,0.086962886526284,0.1363283398852703,1.023367127634789,1.354668860553436,0.9786393166358496,0.8639066616484757
