model,coverage_bin,n_loci,beta_mae,beta_rmse,m_mae,m_rmse,roc_auc
epi,1-48,503,0.15066377640836992,0.21649496057371964,1.2737081639883414,1.6672980590452533,0.8612020905923345
epi,49-77,904,0.10985347264306208,0.1742476383757746,1.0289737557962977,1.4094742792243153,0.9415536309597305
epi,78-92,1028,0.11655909825362816,0.18344730934200237,1.1077857931918675,1.510601445578564,0.9311989336656973
epi,93-96,1181,0.1068787245698128,0.17293873600722023,1.067703560901574,1.4595289969423912,0.9385012155857809
epi,97,22954,0.09994949543630917,0.156695626305477,1.1879877129207703,1.5363094258497605,0.9701898232898089
sequence,1-48,503,0.14520282350169497,0.20977907203745522,1.2466075407418886,1.629280895472889,0.8984843205574913
sequence,49-77,904,0.10389725254865083,0.17414039417941513,0.9430317569998468,1.3729745973802692,0.9478565842931814
sequence,78-92,1028,0.12324380104933731,0.19573795102099592,1.123878278447259,1.58869533132589,0.9305800789364352
sequence,93-96,1181,0.10913177679870893,0.1785575058591572,1.0560752894779846,1.5123037790994398,0.9451721532295156
sequence,97,22954,0.10774095628888614,0.17433166106782408,1.2036705955658986,1.6466454442984633,0.9603702172461925
fusion,1-48,503,0.12657772277150428,0.177014766688373,1.0916617984696482,1.377741822351713,0.9208710801393728
fusion,49-77,904,0.08787437131117402,0.14018470658535348,0.8247885085728361,1.133824795447043,0.9683264835752797
fusion,78-92,1028,0.10167128546344631,0.15617721558620626,0.9562776580687109,1.3029021787581387,0.9544124774961916
fusion,93-96,1181,0.0920586149680612,0.14410220752741068,0.910077035387664,1.2347145555139813,0.9670313424009461
fusion,97,22954,0.086962886526284,0.1363283398852703,1.023367127634789,1.354668860553436,0.9786393166358496
