n_loci,n_blocks,spearman_disagreement_vs_error,spearman_ci_lo,spearman_ci_hi,pearson_disagreement_vs_error,mean_rc_disagreement,mean_absolute_error,disagreement_over_error_ratio,model,seed,spearman_gate_disagreement_vs_error
26570,257,0.4999045444166326,0.48461714066303857,0.5148368691114447,0.3566933346539454,0.05533418551306102,0.10898100500784413,0.5077415601836139,sequence,42,
26570,257,0.5013683843691201,0.48521596388378946,0.5181514044100781,0.3520851570710567,0.05858242736977207,0.11031664326363919,0.5310388862156493,sequence,43,
26570,257,0.5097446942648264,0.4920336382841351,0.5270629986869192,0.34723175671629164,0.06409356975447741,0.11039312983723547,0.5805938272515463,sequence,44,
26570,257,0.4865078749034125,0.4691712453448095,0.502578268335981,0.3541656357365972,0.043733204133446876,0.08853942150084279,0.4939404774971405,fusion,42,0.3553832888106434
26570,257,0.4810690419421081,0.4641999657288918,0.497135089516328,0.35580740235911346,0.04113478827485475,0.09005136916539735,0.4567924802931367,fusion,43,0.21725702664251398
26570,257,0.5050167500071586,0.48855130460723517,0.5224060033381794,0.35465917297114147,0.05206063944996413,0.0956232145608998,0.5444351530015563,fusion,44,0.30947920912864574
26570,257,0.32565778715470867,0.30930473602075886,0.3421728627724803,0.18000786734541746,0.0012470025696788554,0.10219716461307703,0.012201929225728152,epi,42,
26570,257,0.2979758943727289,0.2822043192311431,0.31267946305497424,0.1829894230884544,0.0014853917166035473,0.10221867807467819,0.014531509745394678,epi,43,
26570,257,0.29784411700452057,0.2838863351889029,0.31090530547555667,0.1959319114201203,0.0013241349731031827,0.10226457553889738,0.012948129556353894,epi,44,
