Variant_UID,Gene,probeID,Predictive_Split,Deterministic_Delta_Beta,Deterministic_Absolute_Rank
chr1:g.1331929C>T|cg06802641,TAS1R3,cg06802641,train,0.00244140625,437
chr1:g.1544993C>T|cg03941625,SSU72,cg03941625,train,-0.00048828125,675
chr1:g.3625459C>T|cg22697657,TPRG1L,cg22697657,test,-0.003143310546875,383
chr1:g.6128067C>T|cg12135344,CHD5,cg12135344,test,-0.16064453125,3
chr1:g.6212368C>T|cg01517656,RNF207,cg01517656,validation,-0.00927734375,203
chr1:g.13782466C>G|cg27544405,PRDM2,cg27544405,train,0.054931640625,20
chr1:g.15660969T>C|cg15998773,RSC1A1,cg15998773,train,0.00048828125,676
chr1:g.16986484G>A|cg20792826,ATP13A2,cg20792826,train,-0.005859375,279
chr1:g.20190655C>T|cg14285308,UBXN10,cg14285308,train,-0.00244140625,433
chr1:g.21847812G>A|cg02459271,HSPG2,cg02459271,train,-0.0009765625,590
chr1:g.22576513G>A|cg23242509,EPHA8,cg23242509,train,0.0,757
chr1:g.22600969C>A|cg20991983,EPHA8,cg20991983,train,0.00048828125,678
chr1:g.26346316C>T|cg00830850,CRYBG2,cg00830850,train,0.0009765625,591
chr1:g.26863230G>T|cg13466284,SFN,cg13466284,train,-0.01171875,168
chr1:g.27551615G>A|cg23931121,AHDC1,cg23931121,test,-0.10205078125,7
chr1:g.31006009G>A|cg18327385,PUM1,cg18327385,train,-0.00439453125,332
chr1:g.34761653G>C|cg13963693,GJB4,cg13963693,train,0.00048828125,667
chr1:g.43619297G>A|cg15086746,PTPRF,cg15086746,validation,0.00244140625,441
chr1:g.46043841G>T|cg01008154,PIK3R3,cg01008154,train,0.0048828125,320
chr1:g.48239435G>C|cg25469314,SLC5A9,cg25469314,train,0.00390625,350
chr1:g.92836195C>G|cg08661164,RPL5,cg08661164,validation,-0.00048828125,671
chr1:g.100539143C>T|cg16007456,GPR88,cg16007456,train,0.000244140625,692
chr1:g.109490285G>T|cg03525254,ATXN7L2,cg03525254,train,0.0048828125,321
chr1:g.110604093G>A|cg02076848,KCNA2,cg02076848,validation,0.0,720
chr1:g.117368303C>G|cg11819305,MAN1A2,cg11819305,train,-0.012451171875,162
chr1:g.145996261C>A|cg10713626,TXNIP,cg10713626,train,0.00091552734375,600
chr1:g.150556329C>T|cg15107203,ADAMTSL4,cg15107203,train,-0.0029296875,394
chr1:g.151520256C>T|cg24398933,CGN,cg24398933,train,-0.01904296875,98
chr1:g.153638310G>A|cg02482497,CHTOP,cg02482497,test,-0.01416015625,143
chr1:g.154869641G>A|cg01963297,KCNN3,cg01963297,train,0.052734375,23
chr1:g.154946660G>C|cg06969521,PBXIP1,cg06969521,train,-0.0146484375,141
chr1:g.159943407C>T|cg26913306,IGSF9,cg26913306,train,-0.00634765625,268
chr1:g.160213258G>A|cg23208909,PEA15,cg23208909,train,-0.0009765625,546
chr1:g.161099669G>A|cg00058923,KLHDC9,cg00058923,train,-0.005859375,280
chr1:g.161100107G>A|cg27582585,KLHDC9,cg27582585,train,0.00244140625,436
chr1:g.161505494G>A|cg27470554,FCGR2A,cg27470554,validation,0.01513671875,131
chr1:g.175077427C>G|cg13386070,TNN,cg13386070,train,0.00390625,349
chr1:g.181089808C>A|cg11496811,IER5,cg11496811,train,0.00262451171875,415
chr1:g.201808720G>A|cg02616186,NAV1,cg02616186,train,0.0048828125,311
chr1:g.201999943C>T|cg20674658,RNPEP,cg20674658,test,0.01513671875,132
chr1:g.202123503C>G|cg16257215,GPR37L1,cg16257215,train,-0.0009765625,547
chr1:g.202349083C>T|cg08990198,PPP1R12B,cg08990198,train,0.00079345703125,603
chr1:g.203483487G>A|cg20961782,PRELP,cg20961782,test,-0.0263671875,70
chr1:g.204455996G>A|cg27047255,PIK3C2B,cg27047255,train,0.02099609375,90
chr1:g.205770789G>A|cg05364141,RAB29,cg05364141,train,-0.00048828125,633
chr1:g.209607913C>T|cg20994118,CAMK1G,cg20994118,train,0.003173828125,381
chr1:g.223752883G>A|cg12129117,CAPN2,cg12129117,train,0.00927734375,201
chr1:g.226986569C>A|cg21157446,COQ8A,cg21157446,validation,-0.00537109375,292
chr1:g.226986479C>T|cg21157446,COQ8A,cg21157446,validation,-0.00830078125,223
chr1:g.227733581G>A|cg00788170,JMJD4,cg00788170,train,-0.001953125,483
chr1:g.228059111C>T|cg09075558,WNT3A,cg09075558,validation,0.00390625,348
chr1:g.228307494A>T|cg19746567,OBSCN,cg19746567,train,0.00927734375,202
chr1:g.228321541C>T|cg08794084,OBSCN,cg08794084,train,-0.00048828125,677
chr1:g.228341190C>T|cg00532451,OBSCN,cg00532451,train,0.0029296875,388
chr1:g.230249239G>A|cg03961853,GALNT2,cg03961853,train,-0.0283203125,65
chr1:g.235993778G>A|cg07578215,NID1,cg07578215,train,-0.009765625,198
chr1:g.236744762C>T|cg15578091,ACTN2,cg15578091,train,-0.001953125,478
chr1:g.237783787T>C|cg23087876,RYR2,cg23087876,train,-0.009765625,199
chr1:g.240123297C>T|cg00816406,FMN2,cg00816406,test,-0.030029296875,59
chr1:g.240493440C>G|cg00081729,GREM2,cg00081729,train,0.01123046875,175
chr1:g.241635374G>A|cg17461214,CHML,cg17461214,test,-0.00048828125,673
chr1:g.248099903C>T|cg16717532,OR2L13,cg16717532,train,0.0009765625,592
chr10:g.814793G>A|cg15213732,LARP4B,cg15213732,train,-0.00146484375,500
chr10:g.7818760C>A|cg04234156,TAF3,cg04234156,validation,-0.0013427734375,540
chr10:g.12069090C>G|cg14461963,DHTKD1,cg14461963,train,0.000579833984375,610
chr10:g.13209286T>A|cg02730843,MCM10,cg02730843,train,0.0078125,232
chr10:g.43387534T>A|cg27564137,HNRNPF,cg27564137,train,0.00244140625,434
chr10:g.48451079C>T|cg16696043,ARHGAP22,cg16696043,test,0.0166015625,118
chr10:g.48451013G>A|cg16696043,ARHGAP22,cg16696043,test,0.029296875,63
chr10:g.73498662G>A|cg08971769,USP54,cg08971769,train,0.0,754
chr10:g.73517363A>C|cg08958656,USP54,cg08958656,train,0.00537109375,305
chr10:g.73791488C>T|cg05869392,ZSWIM8,cg05869392,train,-0.01025390625,186
chr10:g.73801426G>A|cg17694069,ZSWIM8,cg17694069,validation,0.0,755
chr10:g.75029366G>A|cg05791881,KAT6B,cg05791881,train,0.0,752
chr10:g.91630479C>T|cg18354248,PPP1R3C,cg18354248,train,-0.00537109375,308
chr10:g.92692378A>C|cg03330490,HHEX,cg03330490,train,-0.026611328125,69
chr10:g.99330752G>A|cg15019541,CNNM1,cg15019541,train,-0.0458984375,32
chr10:g.101829188C>T|cg04368939,KCNIP2,cg04368939,test,-0.0634765625,16
chr10:g.102108153G>A|cg09828580,LDB1,cg09828580,test,0.001953125,462
chr10:g.102644815G>A|cg14603406,TRIM8,cg14603406,train,0.00225830078125,451
chr10:g.104314999C>T|cg03588966,ITPRIP,cg03588966,test,-0.0009765625,581
chr10:g.111079229C>T|cg05329352,ADRA2A,cg05329352,test,0.000457763671875,683
chr10:g.116979301G>A|cg13467135,SHTN1,cg13467135,train,0.03466796875,48
chr10:g.124994589G>A|cg08203849,CTBP2,cg08203849,train,-0.00390625,352
chr10:g.133293184C>T|cg24861866,TUBGCP2,cg24861866,validation,0.0224609375,86
chr11:g.209670G>A|cg09320717,RIC8A,cg09320717,validation,-0.0029296875,395
chr11:g.315068C>G|cg23570810,IFITM1,cg23570810,train,0.02880859375,64
chr11:g.499131G>C|cg15210314,RNH1,cg15210314,train,0.0,739
chr11:g.640489C>G|cg02762115,DRD4,cg02762115,train,-0.0048828125,326
chr11:g.792901C>T|cg19262958,SLC25A22,cg19262958,train,0.0,741
chr11:g.1254852C>G|cg24433043,MUC5B,cg24433043,validation,-0.0107421875,180
chr11:g.1445598C>T|cg19494188,BRSK2,cg19494188,train,0.00537109375,291
chr11:g.1558979G>A|cg02248763,DUSP8,cg02248763,validation,-0.01953125,96
chr11:g.1841186C>T|cg05258834,TNNI2,cg05258834,train,-0.0126953125,161
chr11:g.2847967G>C|cg07464423,KCNQ1,cg07464423,train,-0.0009765625,582
chr11:g.4653331C>T|cg23632744,OR51E1,cg23632744,train,-0.0029296875,396
chr11:g.7653161C>T|cg06416026,PPFIBP2,cg06416026,test,0.00244140625,418
chr11:g.12162260C>G|cg07706558,MICAL2,cg07706558,train,0.0,738
chr11:g.26994820G>T|cg13694680,FIBIN,cg13694680,train,0.00341796875,378
chr11:g.34139425C>T|cg09508189,NAT10,cg09508189,test,0.00244140625,439
chr11:g.34139416C>T|cg09508189,NAT10,cg09508189,test,-0.0107421875,177
chr11:g.47848229G>C|cg02577203,NUP160,cg02577203,test,0.0014495849609375,538
chr11:g.57301894T>C|cg11414415,TNKS1BP1,cg11414415,train,0.03076171875,54
chr11:g.57485117G>A|cg09888840,SLC43A1,cg09888840,train,-0.00439453125,333
chr11:g.57543035G>A|cg04766618,SMTNL1,cg04766618,train,0.01611328125,121
chr11:g.57546641C>T|cg10280756,SMTNL1,cg10280756,train,-0.0009765625,579
chr11:g.57659635G>A|cg14746813,CLP1,cg14746813,train,0.0,737
chr11:g.62690663C>T|cg13835337,BSCL2,cg13835337,train,-0.01953125,94
chr11:g.62690862C>T|cg13835337,BSCL2,cg13835337,train,0.01513671875,136
chr11:g.64207400C>T|cg20136100,FERMT3,cg20136100,train,-0.095703125,8
chr11:g.64297154C>T|cg13881637,KCNK4,cg13881637,train,0.08251953125,10
chr11:g.64854369C>T|cg13067095,EHD1,cg13067095,train,-0.00341796875,365
chr11:g.64859966G>A|cg01151584,EHD1,cg01151584,train,0.00537109375,306
chr11:g.65131489G>C|cg05300538,SYVN1,cg05300538,train,0.0,740
chr11:g.65584318C>G|cg18757468,EHBP1L1,cg18757468,train,-0.01806640625,106
chr11:g.65617286C>G|cg22712403,PCNX3,cg22712403,train,0.0009765625,583
chr11:g.66368601G>C|cg22125754,SLC29A2,cg22125754,train,0.00146484375,506
chr11:g.66592365G>A|cg20158826,CCDC87,cg20158826,validation,0.0419921875,35
chr11:g.66707582G>C|cg02700161,SPTBN2,cg02700161,train,0.00390625,357
chr11:g.66848950C>T|cg08924969,PC,cg08924969,train,-0.00244140625,440
chr11:g.66858311C>T|cg01667185,LRFN4,cg01667185,train,-0.005859375,282
chr11:g.67404337C>T|cg11600161,TBC1D10C,cg11600161,validation,0.0078125,241
chr11:g.67429165G>A|cg26457823,RPS6KB2,cg26457823,train,-0.00213623046875,453
chr11:g.67502566C>T|cg10122252,PITPNM1,cg10122252,train,0.00048828125,643
chr11:g.69087920G>C|cg25042173,TPCN2,cg25042173,train,-0.0029296875,397
chr11:g.71474481C>T|cg07617163,NADSYN1,cg07617163,train,-0.0029296875,398
chr11:g.76661470G>C|cg09418673,LRRC32,cg09418673,train,0.00146484375,525
chr11:g.76861057G>C|cg21166317,ACER3,cg21166317,train,0.000946044921875,599
chr11:g.78676380G>T|cg07233109,TENM4,cg07233109,train,0.00146484375,505
chr11:g.82997238G>T|cg01250845,RAB30,cg01250845,train,-0.00390625,354
chr11:g.94799670G>A|cg11429960,AMOTL1,cg11429960,train,0.00048828125,636
chr11:g.116957017C>T|cg19006628,SIK3,cg19006628,train,0.0,744
chr11:g.117191990C>G|cg10040495,SIDT2,cg10040495,train,0.00146484375,531
chr11:g.117780620G>A|cg01877524,DSCAML1,cg01877524,train,-0.00537109375,303
chr11:g.119342680C>T|cg21504757,MFRP,cg21504757,train,0.0,743
chr11:g.121130174C>T|cg13892828,TECTA,cg13892828,test,0.00537109375,304
chr11:g.122851829G>A|cg01659052,CRTAM,cg01659052,train,0.013671875,147
chr11:g.125626790G>A|cg00554702,CHEK1,cg00554702,train,0.000213623046875,693
chr11:g.126292931C>T|cg21117426,TIRAP,cg21117426,train,-0.0009765625,577
chr11:g.134234916G>T|cg09845666,VPS26B,cg09845666,train,-0.0029296875,390
chr12:g.3648514C>G|cg14021714,CRACR2A,cg14021714,train,-0.00732421875,247
chr12:g.6621081C>T|cg16119239,LPAR5,cg16119239,train,-0.0078125,238
chr12:g.7128270G>A|cg14672128,RBP5,cg14672128,train,-0.0009765625,595
chr12:g.7689986A>G|cg18607010,GDF3,cg18607010,test,-0.00146484375,527
chr12:g.9681020T>G|cg19646204,CLEC2D,cg19646204,train,0.001953125,469
chr12:g.12465632G>A|cg06534724,BORCS5,cg06534724,train,0.0029296875,402
chr12:g.13563485C>G|cg14351692,GRIN2B,cg14351692,train,0.00048828125,635
chr12:g.41573437G>A|cg15235614,PDZRN4,cg15235614,train,0.00439453125,329
chr12:g.46370827C>T|cg20830447,SLC38A2,cg20830447,train,-0.00262451171875,414
chr12:g.49742250C>G|cg12879423,TMBIM6,cg12879423,train,0.00225830078125,452
chr12:g.51497064C>G|cg21422475,SLC4A8,cg21422475,test,0.00146484375,526
chr12:g.52433232C>T|cg04918314,KRT75,cg04918314,test,-0.00244140625,442
chr12:g.53985574C>G|cg00699029,HOXC10,cg00699029,train,0.00872802734375,216
chr12:g.54000353C>T|cg25456468,HOXC9,cg25456468,validation,0.0018463134765625,488
chr12:g.56131078G>A|cg02268674,ESYT1,cg02268674,train,0.0009765625,584
chr12:g.57225741C>T|cg05441768,NXPH4,cg05441768,train,0.07177734375,13
chr12:g.57475607C>T|cg05584759,ARHGAP9,cg05584759,test,-0.00030517578125,686
chr12:g.67657270G>A|cg12694689,DYRK2,cg12694689,train,0.0,735
chr12:g.101830636G>A|cg06554542,GNPTAB,cg06554542,train,-0.0020751953125,454
chr12:g.112869775G>A|cg02305353,RPH3A,cg02305353,train,0.0263671875,71
chr12:g.117330785G>A|cg11854928,NOS1,cg11854928,train,-0.0009765625,586
chr12:g.120098838G>A|cg02227969,RAB35,cg02227969,train,0.00244140625,444
chr12:g.120325944C>A|cg20313400,PLA2G1B,cg20313400,train,0.0059814453125,275
chr12:g.120498117G>A|cg01168339,DYNLL1,cg01168339,train,-0.013427734375,149
chr12:g.120766278C>T|cg02419362,SPPL3,cg02419362,train,0.04150390625,38
chr12:g.121229022C>G|cg08409335,P2RX4,cg08409335,train,0.00146484375,529
chr12:g.121248633G>C|cg26426437,CAMKK2,cg26426437,validation,-0.0068359375,260
chr12:g.121509621C>T|cg20395646,KDM2B,cg20395646,train,-0.03173828125,53
chr12:g.121748434G>A|cg22917372,TMEM120B,cg22917372,train,0.009765625,194
chr12:g.122848554C>G|cg13657970,HIP1R,cg13657970,train,-0.0029296875,403
chr12:g.128814957G>A|cg24410690,SLC15A4,cg24410690,train,-0.01806640625,107
chr12:g.130163956C>T|cg22347212,FZD10,cg22347212,train,0.05322265625,22
chr12:g.130436950C>A|cg25577202,RIMBP2,cg25577202,train,-0.00390625,356
chr12:g.131939241C>T|cg14510688,PUS1,cg14510688,train,0.00146484375,528
chr12:g.132643852G>A|cg22138822,POLE,cg22138822,train,-0.00390625,355
chr13:g.26759489C>T|cg15726245,GPR12,cg15726245,train,0.013427734375,148
chr13:g.36125982G>A|cg16766613,DCLK1,cg16766613,test,0.0546875,21
chr13:g.44575877C>A|cg18028711,TSC22D1,cg18028711,train,0.0008697509765625,602
chr13:g.45194211G>A|cg21457147,KCTD4,cg21457147,train,-0.005859375,277
chr13:g.51771287G>A|cg07285641,DHRS12,cg07285641,train,-0.00048828125,644
chr13:g.83879762G>A|cg21448057,SLITRK1,cg21448057,test,0.0059814453125,274
chr13:g.85796263A>G|cg16103732,SLITRK6,cg16103732,train,-0.00048828125,631
chr13:g.98688302G>A|cg20568691,SLC15A1,cg20568691,test,-0.0048828125,314
chr13:g.100515456C>T|cg22432024,PCCA,cg22432024,validation,0.005859375,284
chr13:g.106567653C>T|cg20524972,ARGLU1,cg20524972,train,0.000457763671875,682
chr13:g.112826873C>A|cg15077546,ATP11A,cg15077546,train,-0.0224609375,87
chr13:g.113326000C>T|cg26133126,GRTP1,cg26133126,train,-0.05126953125,25
chr14:g.21022396G>C|cg10078898,NDRG2,cg10078898,validation,0.00390625,346
chr14:g.22845320A>G|cg04219048,MMP14,cg04219048,train,0.0,749
chr14:g.22987392C>T|cg04789056,C14orf93,cg04789056,train,0.00048828125,630
chr14:g.23349325C>A|cg13974427,SLC22A17,cg13974427,train,0.0107421875,176
chr14:g.23373364C>T|cg07258507,IL25,cg07258507,train,0.001953125,471
chr14:g.24367141A>C|cg26705574,NFATC4,cg26705574,train,-0.00286865234375,412
chr14:g.24411385C>G|cg10039281,NYNRIN,cg10039281,train,0.00146484375,517
chr14:g.51094229G>A|cg06601633,TRIM9,cg06601633,test,0.00152587890625,492
chr14:g.75280062T>G|cg12061886,FOS,cg12061886,train,0.0081787109375,228
chr14:g.77708144G>C|cg21974996,SLIRP,cg21974996,train,0.00347900390625,362
chr14:g.78645382C>T|cg02326285,NRXN3,cg02326285,train,-0.00341796875,368
chr14:g.80211371G>A|cg00217795,DIO2,cg00217795,train,0.0048828125,316
chr14:g.89412237G>A|cg10976706,FOXN3,cg10976706,test,0.00048828125,641
chr14:g.96241012G>A|cg14032667,BDKRB2,cg14032667,validation,0.00927734375,205
chr14:g.96241309C>T|cg05050072,BDKRB2,cg05050072,train,-0.00146484375,516
chr14:g.99398754G>C|cg19947357,SETD3,cg19947357,train,0.01904296875,101
chr14:g.99652469C>T|cg26055840,HHIPL1,cg26055840,validation,-0.001953125,472
chr14:g.103132761G>A|cg08301307,TNFAIP2,cg08301307,train,-0.025390625,73
chr14:g.103337214C>G|cg05340482,EIF5,cg05340482,train,-0.0009765625,585
chr15:g.22823780C>T|cg15159661,NIPA1,cg15159661,train,0.0,751
chr15:g.22916598G>A|cg13051607,CYFIP1,cg13051607,train,0.0,750
chr15:g.23645282G>A|cg04014889,MAGEL2,cg04014889,train,0.01171875,169
chr15:g.39593172C>T|cg15161296,THBS1,cg15161296,train,-0.0068359375,261
chr15:g.40368662C>T|cg27072603,DISP2,cg27072603,test,0.02685546875,68
chr15:g.40900234C>T|cg23775236,VPS18,cg23775236,train,-0.0029296875,409
chr15:g.41505290G>A|cg18168740,LTK,cg18168740,train,-0.00830078125,218
chr15:g.41900921G>C|cg00767886,EHD4,cg00767886,train,-0.001953125,459
chr15:g.42401756G>A|cg20309061,CAPN3,cg20309061,test,-0.0166015625,116
chr15:g.42730735C>T|cg11163383,CDAN1,cg11163383,test,0.02392578125,80
chr15:g.45114644G>A|cg02550961,DUOXA2,cg02550961,train,-0.0322265625,51
chr15:g.45403363C>A|cg05785653,SPATA5L1,cg05785653,train,-0.00042724609375,684
chr15:g.63277677C>T|cg19574017,APH1B,cg19574017,train,0.0020294189453125,455
chr15:g.68291209C>T|cg02389877,FEM1B,cg02389877,validation,0.0048828125,319
chr15:g.74175356C>T|cg16926502,ISLR,cg16926502,train,-0.00048828125,681
chr15:g.74176028C>G|cg09664357,ISLR,cg09664357,train,0.0,736
chr15:g.74195374G>A|cg10085741,STRA6,cg10085741,train,0.0,748
chr15:g.75676390C>T|cg00683665,CSPG4,cg00683665,train,0.0009765625,596
chr15:g.84784325G>T|cg02454053,ZNF592,cg02454053,train,0.001953125,470
chr15:g.89483184G>A|cg24382063,RHCG,cg24382063,train,0.01708984375,113
chr15:g.90067857C>G|cg22460443,ZNF710,cg22460443,train,-0.00048828125,628
chr15:g.101721269C>T|cg14588686,TARS3,cg14588686,test,0.00732421875,244
chr16:g.293607G>A|cg01444501,AXIN1,cg01444501,train,-0.00244140625,422
chr16:g.672563G>A|cg27336518,RHOT2,cg27336518,train,0.00390625,344
chr16:g.685944G>A|cg26750188,WDR24,cg26750188,train,0.0048828125,315
chr16:g.727584G>T|cg02574319,HAGHL,cg02574319,validation,0.00018310546875,695
chr16:g.1450620G>A|cg01852063,CLCN7,cg01852063,validation,0.00244140625,419
chr16:g.1507646C>T|cg04517903,TELO2,cg04517903,train,0.01513671875,130
chr16:g.1673943C>T|cg05337607,CRAMP1,cg05337607,train,0.0107421875,178
chr16:g.2055459T>C|cg00500602,TSC2,cg00500602,train,0.01318359375,151
chr16:g.2281099C>T|cg02124920,ABCA3,cg02124920,train,-0.0009765625,598
chr16:g.2586864G>A|cg00976532,PDPK1,cg00976532,train,-0.01904296875,99
chr16:g.3582492C>T|cg02981752,SLX4,cg02981752,validation,-0.001953125,475
chr16:g.3966693C>T|cg09152120,ADCY9,cg09152120,train,-0.0126953125,160
chr16:g.3983263G>A|cg07628416,ADCY9,cg07628416,train,-0.02294921875,85
chr16:g.4335104C>G|cg16570634,GLIS2,cg16570634,train,0.00146484375,513
chr16:g.8796351C>T|cg05869585,TMEM186,cg05869585,train,-0.001953125,486
chr16:g.15047865C>T|cg08371685,NTAN1,cg08371685,train,0.0,747
chr16:g.19872621G>A|cg02384338,GPRC5B,cg02384338,train,0.0029296875,411
chr16:g.20418118C>T|cg27514874,ACSM5,cg27514874,train,-0.02001953125,93
chr16:g.23087175G>A|cg08340023,USP31,cg08340023,train,-0.00048828125,617
chr16:g.23679229C>A|cg11470399,PLK1,cg11470399,train,-0.0069580078125,252
chr16:g.23710991G>A|cg05532980,ERN2,cg05532980,train,0.0,701
chr16:g.27749939C>G|cg03245155,KATNIP,cg03245155,train,0.00048828125,680
chr16:g.28873450C>T|cg06932837,SH2B1,cg06932837,train,0.009765625,195
chr16:g.30583379C>T|cg08103107,ZNF785,cg08103107,train,0.00390625,347
chr16:g.30583151G>A|cg08103107,ZNF785,cg08103107,train,-0.0009765625,569
chr16:g.30585171G>T|cg00966098,ZNF785,cg00966098,train,0.001739501953125,489
chr16:g.30783209C>T|cg09928813,ZNF629,cg09928813,train,0.0009765625,570
chr16:g.31062238C>T|cg01509715,ZNF668,cg01509715,train,-0.0068359375,257
chr16:g.48187335G>C|cg09827812,ABCC11,cg09827812,train,-0.0029296875,408
chr16:g.49635849G>A|cg00205786,ZNF423,cg00205786,test,0.0009765625,560
chr16:g.50310770G>A|cg06490627,ADCY7,cg06490627,train,-0.00048828125,616
chr16:g.57984764C>T|cg07844931,TEPP,cg07844931,test,-0.0001373291015625,699
chr16:g.66922316G>A|cg15482422,RRAD,cg15482422,train,-0.04833984375,28
chr16:g.67163040G>A|cg03456938,FBXL8,cg03456938,train,0.08056640625,11
chr16:g.67378687G>A|cg02210621,LRRC36,cg02210621,train,0.0,707
chr16:g.67395027C>G|cg13973436,ZDHHC1,cg13973436,train,-0.03662109375,44
chr16:g.72098961C>T|cg16558253,DHX38,cg16558253,train,0.00048828125,615
chr16:g.72796733G>A|cg04101363,ZFHX3,cg04101363,train,0.0,708
chr16:g.87851755G>A|cg05911082,SLC7A5,cg05911082,train,-0.01171875,171
chr16:g.88826776C>G|cg03381007,GALNS,cg03381007,train,-0.00048828125,622
chr16:g.89180223G>A|cg09076877,CDH15,cg09076877,train,-0.00439453125,338
chr16:g.89737822C>T|cg02099410,ZNF276,cg02099410,train,0.0,709
chr17:g.1010754G>C|cg17780682,ABR,cg17780682,train,-0.0009765625,568
chr17:g.1109063C>T|cg01555791,ABR,cg01555791,train,0.000152587890625,697
chr17:g.1479679G>C|cg26169845,MYO1C,cg26169845,train,0.00146484375,511
chr17:g.1480545G>A|cg13049862,MYO1C,cg13049862,train,0.00048828125,614
chr17:g.2324241C>T|cg22556056,TSR1,cg22556056,train,0.0,702
chr17:g.4691401T>A|cg10698255,PELP1,cg10698255,train,0.01806640625,110
chr17:g.4934468C>T|cg04970434,GP1BA,cg04970434,train,0.009765625,196
chr17:g.7017264G>A|cg17415576,C17orf49,cg17415576,train,0.015625,128
chr17:g.7220827C>T|cg19217955,ACADVL,cg19217955,train,0.001220703125,541
chr17:g.7241444G>A|cg19646165,GABARAP,cg19646165,validation,-0.0087890625,215
chr17:g.7284294C>T|cg27067158,SLC2A4,cg27067158,train,0.00146484375,515
chr17:g.7441532G>A|cg05513300,FGF11,cg05513300,train,-0.0087890625,209
chr17:g.7447082C>T|cg19440264,CHRNB1,cg19440264,train,-0.025390625,74
chr17:g.10632005G>A|cg11239366,MYH3,cg11239366,train,-0.00146484375,512
chr17:g.18246397G>A|cg09922349,FLII,cg09922349,train,-0.00830078125,227
chr17:g.28494407G>A|cg27562840,SLC13A2,cg27562840,train,-0.00341796875,373
chr17:g.28725373G>A|cg09479241,TLCD1,cg09479241,train,0.00140380859375,539
chr17:g.30090616G>A|cg02947670,EFCAB5,cg02947670,train,0.00732421875,246
chr17:g.33013971G>C|cg27391921,ASIC2,cg27391921,train,-0.0078125,240
chr17:g.38562842G>A|cg19409060,SRCIN1,cg19409060,test,-0.0048828125,312
chr17:g.39665443G>A|cg08345719,TCAP,cg08345719,train,0.01953125,95
chr17:g.40016261A>G|cg07584981,CSF3,cg07584981,train,-0.0078125,239
chr17:g.42784054C>T|cg05614735,WNK4,cg05614735,train,0.01611328125,123
chr17:g.47733877C>T|cg03639783,TBX21,cg03639783,train,0.005157470703125,309
chr17:g.50170292G>A|cg26501664,SGCA,cg26501664,test,0.0009765625,565
chr17:g.50170235G>A|cg26501664,SGCA,cg26501664,test,-0.0009765625,566
chr17:g.50479754G>A|cg06900229,RSAD1,cg06900229,train,-0.057373046875,19
chr17:g.50606056G>A|cg17319889,CACNA1G,cg17319889,train,-0.00146484375,497
chr17:g.57120312C>T|cg26749844,AKAP1,cg26749844,train,0.0009765625,564
chr17:g.58278059G>T|cg07110356,MPO,cg07110356,train,-0.015625,126
chr17:g.58279384G>A|cg08058156,MPO,cg08058156,train,0.000732421875,605
chr17:g.58279879C>T|cg02668773,MPO,cg02668773,train,0.04150390625,39
chr17:g.59210231G>T|cg16822173,SMG8,cg16822173,train,0.003173828125,382
chr17:g.59211350G>A|cg18145340,SMG8,cg18145340,train,0.00048828125,621
chr17:g.59213007G>T|cg10421011,SMG8,cg10421011,train,-0.01513671875,134
chr17:g.59682694C>T|cg22624697,CLTC,cg22624697,train,0.00244140625,429
chr17:g.63534125C>T|cg18975662,KCNH6,cg18975662,test,0.005859375,286
chr17:g.63542416C>A|cg04937794,KCNH6,cg04937794,train,-0.01318359375,155
chr17:g.63832958G>A|cg11885555,SMARCD2,cg11885555,train,0.005859375,285
chr17:g.64212577C>T|cg15785379,TEX2,cg15785379,train,0.001953125,485
chr17:g.65902182T>C|cg21388553,CEP112,cg21388553,test,0.037109375,43
chr17:g.68420268T>C|cg03815657,ARSG,cg03815657,validation,-0.00634765625,267
chr17:g.69314364G>A|cg07372195,ABCA5,cg07372195,train,0.0,712
chr17:g.70175732C>T|cg12204395,KCNJ2,cg12204395,train,-0.0009765625,563
chr17:g.74920615G>A|cg04585822,USH1G,cg04585822,train,-0.00390625,358
chr17:g.76002055C>G|cg14056306,CDK3,cg14056306,validation,-0.00927734375,207
chr17:g.76015335C>T|cg01013054,EVPL,cg01013054,train,-0.00830078125,225
chr17:g.76476898C>T|cg27605355,RHBDF2,cg27605355,train,-0.00390625,343
chr17:g.76643570G>C|cg15503752,ST6GALNAC1,cg15503752,train,-0.00830078125,226
chr17:g.76736996G>A|cg26815021,SRSF2,cg26815021,train,-0.00164794921875,490
chr17:g.78571301G>A|cg09687005,DNAH17,cg09687005,train,-0.00244140625,432
chr17:g.78993577C>A|cg16337457,CANT1,cg16337457,train,0.0009765625,567
chr17:g.79835694C>A|cg14329275,CBX4,cg14329275,train,-0.00244140625,428
chr17:g.80221704G>A|cg07675682,SLC26A11,cg07675682,train,-0.0302734375,56
chr17:g.80344012G>A|cg22194904,RNF213,cg22194904,train,-0.0302734375,57
chr17:g.81282258C>T|cg00248875,SLC38A10,cg00248875,train,-0.02978515625,60
chr17:g.82052444T>C|cg15257096,GPS1,cg15257096,train,-0.006927490234375,253
chr17:g.82085049G>A|cg01565083,FASN,cg01565083,validation,0.0009765625,562
chr17:g.83085034C>G|cg01502876,METRNL,cg01502876,train,-0.00244140625,431
chr18:g.3879238G>A|cg25693099,DLGAP1,cg25693099,train,-0.01318359375,156
chr18:g.9887586C>A|cg02711020,TXNDC2,cg02711020,train,-0.00341796875,371
chr18:g.48040016C>T|cg24352393,ZBTB7C,cg24352393,train,0.0029296875,406
chr18:g.60372131C>T|cg02037013,MC4R,cg02037013,train,0.0419921875,36
chr18:g.62979185G>A|cg13381110,PHLPP1,cg13381110,train,-0.02490234375,77
chr18:g.80159825G>A|cg13590055,PARD6G,cg13590055,train,0.021484375,89
chr19:g.810754C>A|cg17821750,PTBP1,cg17821750,train,-0.00048828125,648
chr19:g.900926G>T|cg05368115,R3HDM4,cg05368115,train,-0.001953125,473
chr19:g.1073549C>T|cg06679209,ARHGAP45,cg06679209,train,0.0009765625,572
chr19:g.1083182G>A|cg19307500,ARHGAP45,cg19307500,train,0.0068359375,259
chr19:g.1482993G>A|cg01091751,PCSK4,cg01091751,train,0.01611328125,120
chr19:g.1799951G>T|cg07788437,ATP8B3,cg07788437,train,0.00146484375,514
chr19:g.3575620G>A|cg13437146,HMG20B,cg13437146,train,0.0380859375,41
chr19:g.3638914C>T|cg03540494,PIP5K1C,cg03540494,train,-0.0009765625,571
chr19:g.3813857G>C|cg10214132,ZFR2,cg10214132,train,-0.00048828125,652
chr19:g.3977870G>C|cg24204847,EEF2,cg24204847,train,0.0078125,231
chr19:g.4048232C>T|cg21206277,ZBTB7A,cg21206277,train,-0.125,4
chr19:g.4054876C>T|cg27301596,ZBTB7A,cg27301596,train,-0.0634765625,15
chr19:g.4445606C>G|cg24419436,UBXN6,cg24419436,train,0.001953125,474
chr19:g.4652139C>T|cg22754389,TNFAIP8L1,cg22754389,train,0.00439453125,336
chr19:g.5914680G>A|cg16992787,CAPS,cg16992787,train,0.03271484375,49
chr19:g.6007770G>A|cg25793425,RFX2,cg25793425,train,0.00341796875,366
chr19:g.7934224G>A|cg17682949,TIMM44,cg17682949,train,-0.0322265625,50
chr19:g.7967597T>G|cg23254334,ELAVL1,cg23254334,test,0.01806640625,109
chr19:g.8066180G>A|cg15742116,FBN3,cg15742116,train,0.025390625,76
chr19:g.8522729C>A|cg15155376,MYO1F,cg15155376,train,-0.00634765625,269
chr19:g.9160218G>A|cg01914743,ZNF317,cg01914743,train,0.00048828125,647
chr19:g.10567151G>A|cg17491564,CDKN2D,cg17491564,train,-0.0185546875,104
chr19:g.11178623G>T|cg20953257,KANK2,cg20953257,train,-0.00146484375,499
chr19:g.11236494C>G|cg05718253,DOCK6,cg05718253,train,-0.00146484375,494
chr19:g.12663773C>T|cg12085704,MAN2B1,cg12085704,train,0.0,717
chr19:g.12706250G>C|cg08258350,TNPO2,cg08258350,validation,0.00048828125,653
chr19:g.12792650C>T|cg23443660,JUNB,cg23443660,train,0.0006103515625,608
chr19:g.14610075C>T|cg24838240,CLEC17A,cg24838240,validation,0.00341796875,372
chr19:g.14972733G>A|cg06192619,SLC1A6,cg06192619,train,-0.00146484375,498
chr19:g.15113783C>T|cg20100671,SYDE1,cg20100671,test,-0.0078125,229
chr19:g.16893183G>C|cg15159987,CPAMD8,cg15159987,train,0.00830078125,219
chr19:g.17228886C>T|cg13782532,OCEL1,cg13782532,validation,-0.025390625,75
chr19:g.17376980C>A|cg18102633,PLVAP,cg18102633,train,-0.029296875,62
chr19:g.17577268C>T|cg05355764,COLGALT1,cg05355764,train,-0.00244140625,427
chr19:g.18436363G>A|cg04304033,ISYNA1,cg04304033,train,0.0029296875,410
chr19:g.19640549G>A|cg16253989,GMIP,cg16253989,train,-0.00439453125,339
chr19:g.31279298G>A|cg03555203,TSHZ3,cg03555203,train,-0.00146484375,496
chr19:g.32980029G>A|cg22062383,RHPN2,cg22062383,validation,0.07666015625,12
chr19:g.35141166C>T|cg10351808,FXYD1,cg10351808,validation,0.000244140625,691
chr19:g.35511585G>A|cg19785918,DMKN,cg19785918,train,0.005859375,290
chr19:g.35673255C>G|cg21289919,UPK1A,cg21289919,validation,-0.00048828125,620
chr19:g.35841755G>T|cg03147184,NPHS1,cg03147184,train,0.0029296875,387
chr19:g.37669336G>C|cg24851318,ZNF781,cg24851318,train,0.00048828125,650
chr19:g.37669660G>A|cg24851318,ZNF781,cg24851318,train,-0.0029296875,400
chr19:g.37669729C>T|cg24851318,ZNF781,cg24851318,train,0.00048828125,651
chr19:g.38469085C>A|cg22846876,RYR1,cg22846876,test,-0.00439453125,340
chr19:g.39498980C>T|cg21718857,DLL3,cg21718857,test,0.00360107421875,360
chr19:g.39872229C>T|cg00398728,FCGBP,cg00398728,test,0.01611328125,122
chr19:g.40217314G>C|cg13944099,TTC9B,cg13944099,train,0.00537109375,296
chr19:g.40383885G>A|cg01644518,HIPK4,cg01644518,train,-0.0048828125,317
chr19:g.40389540G>C|cg06933064,HIPK4,cg06933064,train,-0.00048828125,649
chr19:g.40395792G>A|cg10684794,PRX,cg10684794,train,-0.00830078125,220
chr19:g.41268275C>T|cg13596036,HNRNPUL1,cg13596036,train,0.0029296875,407
chr19:g.42095557C>T|cg06178887,POU2F2,cg06178887,train,-0.013671875,145
chr19:g.42225963G>T|cg09605212,ZNF526,cg09605212,validation,-0.001953125,476
chr19:g.45494665C>T|cg19038042,RTN2,cg19038042,test,0.00146484375,508
chr19:g.45584738C>G|cg01990304,OPA3,cg01990304,train,0.002532958984375,416
chr19:g.45711756G>C|cg27347412,FBXO46,cg27347412,train,0.0087890625,214
chr19:g.45712707G>A|cg00756648,FBXO46,cg00756648,train,-0.0234375,83
chr19:g.45816512G>A|cg15455864,SYMPK,cg15455864,train,-0.00537109375,295
chr19:g.47353348C>T|cg15725639,DHX34,cg15725639,train,-0.00537109375,294
chr19:g.48282400G>A|cg00843019,ZNF114,cg00843019,train,0.00048828125,619
chr19:g.48450382C>T|cg21481320,GRWD1,cg21481320,train,0.00341796875,367
chr19:g.48626010C>T|cg19429827,SPHK2,cg19429827,validation,0.00048828125,618
chr19:g.48807036C>G|cg27061836,BCAT2,cg27061836,validation,-0.01708984375,114
chr19:g.49128886C>T|cg15031763,PPFIA3,cg15031763,train,0.0040283203125,341
chr19:g.49808614C>T|cg19856145,FUZ,cg19856145,test,-0.00537109375,293
chr19:g.51368536G>A|cg22065498,CLDND2,cg22065498,train,-0.0146484375,138
chr19:g.51945539G>A|cg13657593,ZNF613,cg13657593,test,0.00146484375,510
chr19:g.53892569G>A|cg08391709,PRKCG,cg08391709,train,-0.0458984375,31
chr19:g.54201277G>T|cg22155111,RPS9,cg22155111,train,0.00115966796875,543
chr19:g.54939196C>T|cg18778097,NLRP7,cg18778097,train,-0.02001953125,92
chr19:g.55165945T>C|cg12018403,DNAAF3,cg12018403,train,-0.00238037109375,450
chr19:g.57455917C>T|cg08023175,VN1R1,cg08023175,train,0.0,713
chr2:g.1209219G>A|cg13049247,SNTG2,cg13049247,train,-0.0107421875,182
chr2:g.1676937G>A|cg24767423,PXDN,cg24767423,train,0.01123046875,172
chr2:g.10058928C>T|cg00283742,CYS1,cg00283742,train,-0.0009765625,573
chr2:g.24079462C>G|cg10884103,TP53I3,cg10884103,train,0.0,715
chr2:g.27309931C>T|cg23967616,MPV17,cg23967616,train,0.00146484375,507
chr2:g.31580649C>A|cg19502744,SRD5A2,cg19502744,train,0.0130615234375,158
chr2:g.33134839C>T|cg14102437,LTBP1,cg14102437,train,0.0,716
chr2:g.37274581A>G|cg09697978,PRKD3,cg09697978,test,0.0009765625,574
chr2:g.37274608G>T|cg09697978,PRKD3,cg09697978,test,-0.0009765625,575
chr2:g.38070998G>A|cg14407177,CYP1B1,cg14407177,test,-0.00732421875,249
chr2:g.48581437C>T|cg25061755,STON1,cg25061755,train,0.0,714
chr2:g.65344845G>T|cg07588875,SPRED2,cg07588875,train,-0.04150390625,37
chr2:g.70150383G>A|cg14475620,C2orf42,cg14475620,train,-0.001953125,468
chr2:g.74250415G>A|cg01272428,SLC4A5,cg01272428,train,-0.01318359375,153
chr2:g.74515651C>T|cg19656282,TLX2,cg19656282,train,-0.017578125,112
chr2:g.88067960C>T|cg03704645,SMYD1,cg03704645,train,0.015625,129
chr2:g.88091035C>T|cg18115724,SMYD1,cg18115724,validation,-0.00048828125,627
chr2:g.96327222C>A|cg06827611,ITPRIPL1,cg06827611,train,-0.01513671875,135
chr2:g.113059447G>C|cg21378206,IL36RN,cg21378206,train,-0.0029296875,405
chr2:g.120951351C>T|cg12928622,GLI2,cg12928622,train,-0.0009765625,554
chr2:g.127559734C>T|cg14302612,MYO7B,cg14302612,train,-0.04931640625,27
chr2:g.127590136C>T|cg23898305,MYO7B,cg23898305,train,-0.03515625,47
chr2:g.132417639C>T|cg13954965,GPR39,cg13954965,train,0.0009765625,553
chr2:g.135808876G>T|cg25344623,LCT,cg25344623,train,0.00341796875,376
chr2:g.135809944G>A|cg15123519,LCT,cg15123519,validation,-0.0234375,82
chr2:g.136115730C>T|cg07784959,CXCR4,cg07784959,train,-0.00244140625,448
chr2:g.157443877C>T|cg12177677,CYTIP,cg12177677,train,0.0302734375,58
chr2:g.159175090A>G|cg15677985,TANC1,cg15677985,test,0.001953125,460
chr2:g.174571878C>T|cg16707641,WIPF1,cg16707641,train,0.02587890625,72
chr2:g.177230932G>C|cg13344867,NFE2L2,cg13344867,train,-0.0009765625,555
chr2:g.178722127C>T|cg20701897,TTN,cg20701897,train,0.0,734
chr2:g.190962956C>T|cg24607686,GLS,cg24607686,train,0.0,704
chr2:g.190998253G>C|cg20173260,STAT1,cg20173260,train,0.0,703
chr2:g.191836049T>G|cg02894966,CAVIN2,cg02894966,train,-0.001953125,456
chr2:g.191836181C>T|cg19699264,CAVIN2,cg19699264,train,0.00439453125,335
chr2:g.197408427C>G|cg11988203,SF3B1,cg11988203,train,-0.00048828125,663
chr2:g.206176528G>A|cg23627076,GPR1,cg23627076,train,0.0,733
chr2:g.213284519G>C|cg24664861,SPAG16,cg24664861,train,-0.000579833984375,611
chr2:g.215384891C>T|cg25099021,FN1,cg25099021,train,0.00537109375,302
chr2:g.219218581G>T|cg23547073,ABCB6,cg23547073,train,-0.0159912109375,125
chr2:g.228018157G>T|cg09505145,SPHKAP,cg09505145,train,0.0009765625,556
chr2:g.230046367G>A|cg21540962,SLC16A14,cg21540962,train,-0.00341796875,374
chr2:g.233450935G>A|cg11612905,DGKD,cg11612905,train,0.00244140625,445
chr2:g.233693151C>A|cg23874600,UGT1A6,cg23874600,train,0.0,731
chr2:g.235930772C>A|cg03447424,AGAP1,cg03447424,train,-0.00146484375,533
chr2:g.237371793G>T|cg17725364,COL6A3,cg17725364,train,-0.00048828125,657
chr2:g.237374800C>T|cg14556851,COL6A3,cg14556851,train,-0.01611328125,119
chr2:g.237540503A>G|cg26753393,MLPH,cg26753393,train,0.01318359375,154
chr2:g.241210521C>T|cg19838074,ANO7,cg19838074,train,0.0,732
chr20:g.396414C>G|cg12017057,TRIB3,cg12017057,train,0.00927734375,208
chr20:g.885235C>T|cg15229481,ANGPT4,cg15229481,train,0.0517578125,24
chr20:g.1181190G>T|cg14905105,TMEM74B,cg14905105,train,-0.00732421875,248
chr20:g.2794235C>T|cg21603679,CPXM1,cg21603679,train,-0.0126953125,159
chr20:g.3234309C>T|cg21907993,SLC4A11,cg21907993,train,0.00341796875,375
chr20:g.3234770G>C|cg21907993,SLC4A11,cg21907993,train,0.0,729
chr20:g.4699925C>T|cg23362473,PRNP,cg23362473,train,-0.00048828125,662
chr20:g.17970015C>T|cg26273886,MGME1,cg26273886,validation,0.0001220703125,700
chr20:g.18316702C>G|cg16549153,ZNF133,cg16549153,train,0.00048828125,664
chr20:g.19935149G>A|cg04466743,RIN2,cg04466743,train,0.00445556640625,327
chr20:g.32010481G>A|cg24691461,CCM2L,cg24691461,train,-0.0068359375,258
chr20:g.34993393C>T|cg22762088,MYH7B,cg22762088,train,-0.0048828125,324
chr20:g.35542892A>G|cg08632001,ERGIC3,cg08632001,train,-0.0003662109375,685
chr20:g.38161439G>A|cg26604799,TGM2,cg26604799,train,0.005859375,287
chr20:g.43726434C>T|cg23727943,GTSF1L,cg23727943,train,-0.009765625,193
chr20:g.44051473G>A|cg22457287,TOX2,cg22457287,train,0.0205078125,91
chr20:g.46008941G>A|cg10505873,MMP9,cg10505873,train,0.0093994140625,200
chr20:g.46563483G>A|cg12760968,SLC13A3,cg12760968,train,0.01416015625,142
chr20:g.49257606G>A|cg01332882,ZNFX1,cg01332882,train,-0.0087890625,213
chr20:g.49270996G>A|cg06122230,ZNFX1,cg06122230,train,-0.00048828125,658
chr20:g.57524125C>T|cg14264994,CTCFL,cg14264994,train,0.00537109375,301
chr20:g.58854229C>G|cg21988465,GNAS,cg21988465,train,0.0625,17
chr20:g.58855113C>T|cg21625881,GNAS,cg21625881,train,0.0029296875,391
chr20:g.59939101G>A|cg00400263,PPP1R3D,cg00400263,train,-0.01123046875,173
chr20:g.61773086C>T|cg15445037,CDH4,cg15445037,train,-0.0087890625,211
chr20:g.62216651G>A|cg04752263,HRH3,cg04752263,train,0.015625,127
chr20:g.62330600G>A|cg01847620,LAMA5,cg01847620,train,0.0,730
chr20:g.62334264G>A|cg02498702,LAMA5,cg02498702,train,-0.00732421875,245
chr20:g.62911130C>T|cg11152033,DIDO1,cg11152033,test,0.00341796875,364
chr20:g.63566068G>C|cg00599914,HELZ2,cg00599914,train,-0.0009765625,558
chr20:g.63735481G>T|cg19841423,ZGPAT,cg19841423,train,0.00146484375,502
chr20:g.63775832C>T|cg12840850,ZBTB46,cg12840850,train,0.005859375,281
chr21:g.26572875G>C|cg21282630,CYYR1,cg21282630,train,0.00360107421875,361
chr21:g.28992794C>T|cg08249556,LTN1,cg08249556,train,0.0002899169921875,688
chr21:g.30215554G>A|cg04052038,CLDN8,cg04052038,train,-0.009765625,189
chr21:g.30215821G>A|cg04052038,CLDN8,cg04052038,train,0.0009765625,549
chr21:g.31671762G>A|cg03524836,SCAF4,cg03524836,test,0.00244140625,447
chr21:g.37714719T>C|cg16435782,KCNJ6,cg16435782,test,0.0078125,237
chr21:g.41836116G>A|cg08073527,PRDM15,cg08073527,train,-0.00048828125,665
chr21:g.44323825C>T|cg03257916,PFKL,cg03257916,train,-0.0029296875,392
chr21:g.46125789G>A|cg12329404,COL6A2,cg12329404,test,0.0009765625,550
chr22:g.19973012C>T|cg22906524,ARVCF,cg22906524,train,0.00439453125,330
chr22:g.24433551G>A|cg21584430,ADORA2A,cg21584430,train,-0.00927734375,204
chr22:g.26499377G>A|cg00365963,TFIP11,cg00365963,test,0.001953125,464
chr22:g.36816985C>G|cg25625146,PVALB,cg25625146,validation,0.001220703125,542
chr22:g.37207471G>A|cg07002295,SSTR3,cg07002295,train,0.0,724
chr22:g.37375094G>A|cg01403811,ELFN2,cg01403811,train,-0.0009765625,552
chr22:g.39743763C>T|cg11757326,ENTHD1,cg11757326,train,-0.0029296875,393
chr22:g.41437040C>T|cg09503194,TOB2,cg09503194,train,-0.001953125,463
chr22:g.46258469G>A|cg19805062,PKDREJ,cg19805062,test,-0.00048828125,666
chr22:g.46289513C>T|cg04392554,TTC38,cg04392554,validation,0.0009765625,551
chr22:g.46534699G>A|cg07223632,CELSR1,cg07223632,train,0.00048828125,670
chr22:g.49884145G>A|cg05080787,ZBED4,cg05080787,validation,0.00146484375,537
chr22:g.49884259C>T|cg05080787,ZBED4,cg05080787,validation,0.00146484375,535
chr22:g.50177606G>A|cg06357843,PANX2,cg06357843,test,-0.00146484375,536
chr22:g.50281953G>A|cg00243272,PLXNB2,cg00243272,train,-0.00439453125,331
chr22:g.50288761G>A|cg03883640,PLXNB2,cg03883640,train,0.00244140625,438
chr22:g.50312184G>A|cg22016859,DENND6B,cg22016859,train,-0.06884765625,14
chr22:g.50528599G>A|cg06345736,TYMP,cg06345736,train,0.0146484375,137
chr3:g.10234521C>T|cg18716706,IRAK2,cg18716706,test,-0.00341796875,377
chr3:g.13879760G>C|cg00625653,WNT7A,cg00625653,train,-0.002532958984375,417
chr3:g.14820097C>T|cg21068907,FGD5,cg21068907,train,-0.0087890625,210
chr3:g.15074684G>A|cg04428799,RBSN,cg04428799,train,0.0068359375,264
chr3:g.25720045T>G|cg12469257,NGLY1,cg12469257,train,0.0,705
chr3:g.32570741G>A|cg18602811,DYNC1LI1,cg18602811,train,0.0031280517578125,384
chr3:g.38141265C>G|cg01351089,MYD88,cg01351089,train,-0.01123046875,174
chr3:g.45759911C>G|cg09251680,SLC6A20,cg09251680,train,0.0,728
chr3:g.46408286C>G|cg14749678,CCRL2,cg14749678,train,-0.01220703125,164
chr3:g.48990898C>G|cg09610987,P4HTM,cg09610987,train,-0.03570556640625,45
chr3:g.49012281G>A|cg15559979,WDR6,cg15559979,train,-0.0009765625,557
chr3:g.50182954G>A|cg19929403,SEMA3F,cg19929403,validation,0.0,727
chr3:g.50320319C>G|cg00467652,HYAL2,cg00467652,train,-0.013671875,146
chr3:g.50355466T>C|cg18354370,TMEM115,cg18354370,train,-0.00048828125,659
chr3:g.52372956G>A|cg14092988,DNAH1,cg14092988,train,-0.02783203125,66
chr3:g.52529249G>T|cg14886990,NT5DC2,cg14886990,train,-0.00048828125,669
chr3:g.52690608G>A|cg00447581,GNL3,cg00447581,train,-0.00048828125,661
chr3:g.56755032G>A|cg12835118,ARHGEF3,cg12835118,train,0.02197265625,88
chr3:g.57110268C>A|cg22870661,IL17RD,cg22870661,train,0.01318359375,157
chr3:g.66380818C>T|cg00503690,LRIG1,cg00503690,test,0.0029296875,399
chr3:g.98532234G>A|cg19859270,GPR15,cg19859270,train,0.00146484375,504
chr3:g.114351793G>A|cg03015144,ZBTB20,cg03015144,train,0.00439453125,328
chr3:g.119227025G>C|cg13527974,B4GALT4,cg13527974,train,0.0,725
chr3:g.119660073C>T|cg09411212,POPDC2,cg09411212,train,-0.00048828125,660
chr3:g.122922265G>A|cg10783060,SEMA5B,cg10783060,train,-0.108154296875,5
chr3:g.123734093C>T|cg17787502,MYLK,cg17787502,train,0.04345703125,33
chr3:g.137999033A>T|cg17574958,CLDN18,cg17574958,train,0.0146484375,139
chr3:g.139476406C>T|cg17778120,RBP2,cg17778120,train,-0.00146484375,503
chr3:g.141443168G>A|cg03582793,ZBTB38,cg03582793,train,0.0,726
chr3:g.141778644G>A|cg27638148,GRK7,cg27638148,train,0.0009765625,559
chr3:g.141778662C>T|cg27638148,GRK7,cg27638148,train,-0.01611328125,124
chr3:g.155853587G>A|cg21538020,SLC33A1,cg21538020,train,0.0,723
chr3:g.157495290G>T|cg13698542,VEPH1,cg13698542,train,0.00537109375,300
chr3:g.160565253T>C|cg15062281,KPNA4,cg15062281,test,0.001495361328125,493
chr3:g.169769470G>T|cg10350352,ACTRT3,cg10350352,test,-0.006317138671875,272
chr3:g.170084314G>C|cg19939732,GPR160,cg19939732,train,0.0,722
chr3:g.183492095C>A|cg12326526,KLHL6,cg12326526,validation,-0.001953125,467
chr3:g.185586497G>A|cg02872623,SENP2,cg02872623,test,-0.000640869140625,607
chr3:g.187236347C>A|cg04126095,MASP1,cg04126095,train,0.0,721
chr3:g.192917724G>A|cg07933199,MB21D2,cg07933199,train,0.002960205078125,385
chr3:g.196323892C>T|cg27088176,TM4SF19,cg27088176,train,0.00537109375,297
chr3:g.197522698G>A|cg09610644,BDH1,cg09610644,train,-0.01806640625,108
chr4:g.684519G>A|cg01881828,SLC49A3,cg01881828,train,0.0078125,230
chr4:g.877710C>G|cg02423659,GAK,cg02423659,train,0.00634765625,270
chr4:g.1113419T>G|cg11118359,RNF212,cg11118359,train,0.012451171875,163
chr4:g.1167616C>G|cg14525473,SPON2,cg14525473,train,-0.01214599609375,166
chr4:g.3233330C>T|cg06609182,HTT,cg06609182,train,-0.00048828125,654
chr4:g.15442469T>A|cg03672066,C1QTNF7,cg03672066,train,-0.00048828125,656
chr4:g.40438135G>A|cg16642517,RBM47,cg16642517,train,-0.00244140625,420
chr4:g.41260715C>T|cg09270434,UCHL1,cg09270434,test,0.0322265625,52
chr4:g.48341832G>A|cg13323912,SLAIN2,cg13323912,train,-0.00054931640625,612
chr4:g.78446768C>T|cg27328469,FRAS1,cg27328469,train,0.00146484375,509
chr4:g.80267097C>G|cg11580948,FGF5,cg11580948,train,0.00103759765625,544
chr4:g.114623048C>G|cg25892041,UGT8,cg25892041,train,0.0029296875,401
chr4:g.133152765C>T|cg06667761,PCDH10,cg06667761,train,-0.039794921875,40
chr4:g.139511684G>A|cg24475272,SETD7,cg24475272,train,-0.00048828125,626
chr4:g.154612169T>A|cg16747973,FGG,cg16747973,train,-0.0029296875,404
chr4:g.154744575C>T|cg23303074,LRAT,cg23303074,train,0.0048828125,325
chr4:g.186707944T>A|cg08100122,FAT1,cg08100122,train,-0.00048828125,655
chr5:g.447583C>T|cg18430034,EXOC3,cg18430034,train,-0.00732421875,242
chr5:g.1073669G>A|cg05636015,SLC12A7,cg05636015,test,-0.01708984375,115
chr5:g.1479654C>T|cg05145573,LPCAT1,cg05145573,train,0.013916015625,144
chr5:g.33936923G>A|cg02305687,RXFP3,cg02305687,train,0.03515625,46
chr5:g.34042967C>T|cg03934354,C1QTNF3,cg03934354,train,-0.00732421875,243
chr5:g.34043039C>T|cg03934354,C1QTNF3,cg03934354,train,-0.0009765625,576
chr5:g.37370888G>A|cg07841463,NUP155,cg07841463,train,0.006591796875,265
chr5:g.38949849C>T|cg07148370,RICTOR,cg07148370,train,0.00048828125,624
chr5:g.42801008G>C|cg18050233,SELENOP,cg18050233,train,0.00244140625,425
chr5:g.53886606C>T|cg24663090,ARL15,cg24663090,train,-0.00048828125,623
chr5:g.55133512G>C|cg16506432,CDC20B,cg16506432,train,-0.00048828125,625
chr5:g.97094892G>T|cg24555286,LIX1,cg24555286,train,0.01904296875,97
chr5:g.100902905C>T|cg13320626,ST8SIA4,cg13320626,train,-0.00018310546875,694
chr5:g.131988132G>A|cg24786495,ACSL6,cg24786495,train,0.00048828125,646
chr5:g.132866923G>A|cg05040447,UQCRQ,cg05040447,validation,0.0002899169921875,689
chr5:g.134893597C>T|cg21247757,TXNDC15,cg21247757,train,0.005859375,283
chr5:g.135008969C>T|cg07335603,CATSPER3,cg07335603,train,-0.001953125,477
chr5:g.138345517G>A|cg01099252,FAM53C,cg01099252,train,0.0,711
chr5:g.140342661C>T|cg26306638,HBEGF,cg26306638,train,0.01171875,167
chr5:g.140567835C>G|cg27337021,SLC35A4,cg27337021,test,-0.0029296875,389
chr5:g.140643929G>A|cg27658391,TMCO6,cg27658391,train,0.0048828125,313
chr5:g.140850166C>T|cg24792717,PCDHA9,cg24792717,train,-0.01904296875,100
chr5:g.141101204T>C|cg01925738,PCDHB3,cg01925738,validation,-0.0078125,236
chr5:g.141136316C>T|cg24958687,PCDHB5,cg24958687,train,-0.001953125,482
chr5:g.141173516C>T|cg01228941,PCDHB7,cg01228941,train,0.046630859375,30
chr5:g.141344471G>A|cg04438558,PCDHGA3,cg04438558,train,0.0234375,81
chr5:g.141355542G>T|cg05043461,PCDHGA4,cg05043461,train,0.01318359375,152
chr5:g.141388712G>A|cg09570348,PCDHGB4,cg09570348,train,-0.00146484375,495
chr5:g.141489618C>T|cg22082176,PCDHGC5,cg22082176,train,0.005859375,288
chr5:g.141511158G>A|cg15004405,PCDHGA12,cg15004405,train,-0.0185546875,105
chr5:g.149374591G>A|cg19424122,IL17B,cg19424122,train,-0.0107421875,181
chr5:g.152392422C>T|cg07429087,NMUR2,cg07429087,train,0.00146484375,518
chr5:g.159316772G>A|cg18060742,IL12B,cg18060742,train,0.00146484375,501
chr5:g.160349684G>A|cg00549609,C1QTNF2,cg00549609,validation,0.0,710
chr5:g.168883282G>A|cg05457620,SLIT3,cg05457620,train,0.00830078125,222
chr5:g.170378857C>T|cg16425489,KCNMB1,cg16425489,train,0.0009765625,561
chr5:g.171456682G>A|cg13396201,FGF18,cg13396201,test,-0.001953125,481
chr5:g.177455157C>T|cg00971676,PRR7,cg00971676,test,-0.001556396484375,491
chr5:g.179121659A>G|cg25554190,ADAMTS2,cg25554190,train,-0.006103515625,273
chr5:g.179853390C>T|cg01213455,MRNIP,cg01213455,train,-0.0068359375,255
chr5:g.180899355A>G|cg03723845,BTNL8,cg03723845,train,0.00146484375,524
chr5:g.181234694C>T|cg08956008,TRIM41,cg08956008,train,-0.04931640625,26
chr6:g.1930136T>C|cg01465824,GMDS,cg01465824,train,-0.00341796875,370
chr6:g.10398698A>G|cg08401657,TFAP2A,cg08401657,test,0.00048828125,645
chr6:g.10409905A>G|cg15732658,TFAP2A,cg15732658,train,0.00244140625,424
chr6:g.10410135C>T|cg02181847,TFAP2A,cg02181847,train,-0.008453369140625,217
chr6:g.16327991G>A|cg00436183,ATXN1,cg00436183,train,0.00537109375,298
chr6:g.26055880C>T|cg07750111,H1-2,cg07750111,train,0.002410888671875,449
chr6:g.27810226G>A|cg15410276,H3C10,cg15410276,validation,0.00018310546875,696
chr6:g.28125653G>C|cg22896917,ZSCAN16,cg22896917,train,0.005859375,278
chr6:g.33200447G>A|cg18144707,RXRB,cg18144707,train,-0.0006103515625,609
chr6:g.33286842G>C|cg10629123,WDR46,cg10629123,train,-0.0009765625,593
chr6:g.33679986C>T|cg18842187,ITPR3,cg18842187,test,0.01806640625,111
chr6:g.35797238T>C|cg25107791,CLPS,cg25107791,train,-0.009765625,197
chr6:g.36368953G>A|cg20447038,ETV7,cg20447038,validation,0.00732421875,250
chr6:g.40432561G>A|cg24851166,LRFN2,cg24851166,train,0.01220703125,165
chr6:g.41736858G>A|cg23678165,PGC,cg23678165,train,-0.0185546875,102
chr6:g.47253397G>A|cg16901727,TNFRSF21,cg16901727,train,-0.0009765625,594
chr6:g.47286542G>A|cg11209008,TNFRSF21,cg11209008,test,0.00048828125,679
chr6:g.52504751G>T|cg14279151,TRAM2,cg14279151,validation,0.010009765625,188
chr6:g.52504700G>A|cg14279151,TRAM2,cg14279151,validation,0.0068359375,262
chr6:g.54019088G>T|cg13281868,MLIP,cg13281868,train,0.00244140625,423
chr6:g.56620404A>C|cg11102354,DST,cg11102354,train,-0.0048828125,318
chr6:g.56900577C>T|cg07800670,DST,cg07800670,train,-0.00390625,345
chr6:g.75151966G>T|cg25290482,COL12A1,cg25290482,train,0.0009765625,597
chr6:g.100449390G>A|cg26099134,SIM1,cg26099134,train,0.04296875,34
chr6:g.107069202C>T|cg14658630,BEND3,cg14658630,test,-0.037109375,42
chr6:g.132734486C>A|cg22825487,VNN3,cg22825487,train,-0.00048828125,629
chr6:g.134949937C>T|cg02396253,ALDH8A1,cg02396253,train,0.01025390625,185
chr6:g.138335101G>A|cg20291636,ARFGEF3,cg20291636,train,0.0068359375,254
chr6:g.158502492G>T|cg22846966,TULP4,cg22846966,test,-0.0029296875,386
chr6:g.159819002C>T|cg21162003,PNLDC1,cg21162003,train,0.00244140625,426
chr6:g.159819269G>T|cg22248441,PNLDC1,cg22248441,train,-0.00537109375,299
chr6:g.160079645A>G|cg02396797,IGF2R,cg02396797,train,-0.00439453125,337
chr6:g.160122004C>T|cg13466809,SLC22A1,cg13466809,train,0.0107421875,183
chr6:g.165661969C>T|cg04326854,PDE10A,cg04326854,test,-0.0101318359375,187
chr6:g.169248813G>A|cg16806245,THBS2,cg16806245,validation,-0.0009765625,578
chr7:g.195707C>T|cg24504854,FAM20C,cg24504854,train,0.0048828125,323
chr7:g.1487927C>T|cg23689004,INTS1,cg23689004,train,-0.00146484375,532
chr7:g.1493863C>T|cg01705214,INTS1,cg01705214,train,0.00341796875,369
chr7:g.1500350C>T|cg22245752,INTS1,cg22245752,train,0.001953125,457
chr7:g.2578493G>C|cg14554438,IQCE,cg14554438,train,0.00390625,342
chr7:g.2646906C>G|cg02393470,TTYH3,cg02393470,train,-0.001953125,466
chr7:g.4210080C>T|cg21519944,SDK1,cg21519944,train,-0.0146484375,140
chr7:g.4245796A>C|cg20152326,SDK1,cg20152326,train,0.00927734375,206
chr7:g.23309516G>C|cg14988239,MALSU1,cg14988239,train,-0.00244140625,446
chr7:g.27108443G>A|cg19048532,HOXA3,cg19048532,train,0.0306396484375,55
chr7:g.30504617G>A|cg05142115,GGCT,cg05142115,train,0.00067138671875,606
chr7:g.37740441G>A|cg24995381,GPR141,cg24995381,test,0.0,742
chr7:g.43878218G>T|cg22153931,URGCP,cg22153931,train,-0.001953125,458
chr7:g.44113961C>G|cg26645494,AEBP1,cg26645494,train,0.0,745
chr7:g.47303017G>A|cg14410503,TNS3,cg14410503,test,0.00244140625,421
chr7:g.48041395C>T|cg00731958,C7orf57,cg00731958,train,-0.01513671875,133
chr7:g.48279750C>T|cg10626169,ABCA13,cg10626169,test,0.00048828125,637
chr7:g.50543912G>A|cg05346287,DDC,cg05346287,train,-0.181640625,2
chr7:g.51028888C>T|cg27325833,COBL,cg27325833,validation,0.0078125,234
chr7:g.55155942C>A|cg04116217,EGFR,cg04116217,train,0.001953125,461
chr7:g.74174395C>T|cg06739182,EIF4H,cg06739182,train,-0.000152587890625,698
chr7:g.86864306C>T|cg27073262,GRM3,cg27073262,train,0.0078125,233
chr7:g.90604237C>T|cg06008531,CDK14,cg06008531,train,-0.00048828125,634
chr7:g.93132140G>A|cg11214047,SAMD9L,cg11214047,train,0.0,746
chr7:g.94418513C>G|cg03920522,COL1A2,cg03920522,train,0.00244140625,443
chr7:g.97022271A>G|cg27016494,DLX5,cg27016494,train,0.009765625,191
chr7:g.98191881G>C|cg25556607,LMTK2,cg25556607,train,0.009765625,192
chr7:g.98628497T>C|cg15903624,NPTX2,cg15903624,train,0.01171875,170
chr7:g.99394113T>C|cg22729543,ARPC1B,cg22729543,train,0.029296875,61
chr7:g.100456950C>T|cg12283819,C7orf61,cg12283819,train,-0.0048828125,322
chr7:g.100607803G>A|cg14047091,PCOLCE,cg14047091,train,-0.00146484375,530
chr7:g.107474408T>C|cg24648061,GPR22,cg24648061,train,-0.0009765625,587
chr7:g.120856704G>A|cg03913921,TSPAN12,cg03913921,validation,-0.023193359375,84
chr7:g.122886053G>T|cg07322688,CADPS2,cg07322688,train,-0.00323486328125,380
chr7:g.135164660G>C|cg07876788,TMEM140,cg07876788,validation,0.0087890625,212
chr7:g.140425917C>T|cg16106080,RAB19,cg16106080,train,0.06201171875,18
chr7:g.149104740C>T|cg24392299,ZNF425,cg24392299,train,-0.0009765625,588
chr7:g.151006955G>A|cg00478390,NOS3,cg00478390,train,0.00390625,353
chr7:g.151049344T>A|cg11262093,ASIC3,cg11262093,train,-0.00048828125,674
chr7:g.151071708G>A|cg04824535,SLC4A2,cg04824535,train,-0.0244140625,78
chr7:g.151076177G>A|cg20898078,SLC4A2,cg20898078,train,-0.0078125,235
chr7:g.152121587G>A|cg19231743,GALNT11,cg19231743,train,0.00146484375,534
chr7:g.158192471G>A|cg19738802,PTPRN2,cg19738802,validation,-0.00390625,351
chr8:g.10428264C>T|cg14264678,MSRA,cg14264678,validation,0.24267578125,1
chr8:g.10726080G>A|cg05938889,SOX7,cg05938889,train,-0.00048828125,632
chr8:g.22226921C>T|cg17948297,PHYHIP,cg17948297,validation,-0.0068359375,256
chr8:g.24956225G>C|cg24000873,NEFL,cg24000873,test,0.0032958984375,379
chr8:g.27987586G>A|cg24037389,SCARA5,cg24037389,train,-0.00048828125,639
chr8:g.31031922C>T|cg12672713,PURG,cg12672713,train,0.00048828125,638
chr8:g.31032390C>T|cg02006610,PURG,cg02006610,train,-0.10400390625,6
chr8:g.38176288G>A|cg27087572,LSM1,cg27087572,train,0.000518798828125,613
chr8:g.41265320G>A|cg16667459,SFRP1,cg16667459,train,-0.00048828125,640
chr8:g.41696412G>A|cg09897002,ANK1,cg09897002,train,0.001953125,465
chr8:g.42180672C>G|cg01419713,PLAT,cg01419713,train,0.0009765625,580
chr8:g.64581594G>A|cg17307479,BHLHE22,cg17307479,validation,-0.0242919921875,79
chr8:g.65841380C>T|cg06195829,PDE7A,cg06195829,train,-0.00048828125,642
chr8:g.66127283G>A|cg04145765,TRIM55,cg04145765,train,0.02685546875,67
chr8:g.70148349G>T|cg20699548,NCOA2,cg20699548,train,0.00537109375,307
chr8:g.72568278T>C|cg06958453,KCNB2,cg06958453,train,0.00830078125,221
chr8:g.79765266C>T|cg04101874,HEY1,cg04101874,train,0.00726318359375,251
chr8:g.88327195G>A|cg11536457,MMP16,cg11536457,test,-0.010284423828125,184
chr8:g.89924773C>G|cg11965634,OSGIN2,cg11965634,train,-0.005859375,289
chr8:g.95154548T>C|cg16878214,PLEKHF2,cg16878214,validation,-0.00341796875,363
chr8:g.98212433C>G|cg01566999,NIPAL2,cg01566999,train,-0.00146484375,522
chr8:g.102651801G>T|cg26535606,KLF10,cg26535606,train,0.0059814453125,276
chr8:g.108443664G>T|cg08258788,EMC2,cg08258788,train,-0.000274658203125,690
chr8:g.116755669G>A|cg02735071,EIF3H,cg02735071,validation,0.0,719
chr8:g.122952068C>T|cg08789073,ZHX2,cg08789073,train,-0.00146484375,520
chr8:g.122953574G>A|cg18191087,ZHX2,cg18191087,train,-0.0166015625,117
chr8:g.141228216C>T|cg09238000,SLC45A4,cg09238000,train,-0.002685546875,413
chr8:g.143810740G>A|cg27246991,SCRIB,cg27246991,train,0.0009765625,548
chr8:g.143813484G>C|cg18004197,SCRIB,cg18004197,train,-0.001953125,479
chr8:g.143868832G>C|cg10433678,EPPK1,cg10433678,train,-0.01318359375,150
chr8:g.144053329G>A|cg26824850,OPLAH,cg26824850,train,0.00830078125,224
chr8:g.144096617C>T|cg03576425,CYC1,cg03576425,train,0.001953125,480
chr8:g.144512686C>G|cg19996418,RECQL4,cg19996418,validation,0.0048828125,310
chr9:g.6015410C>T|cg08689940,RANBP6,cg08689940,train,0.00030517578125,687
chr9:g.18775844G>A|cg06294856,ADAMTSL1,cg06294856,train,0.00146484375,521
chr9:g.19379496T>C|cg01331992,RPS6,cg01331992,test,0.000732421875,604
chr9:g.35869721C>T|cg14276698,OR13J1,cg14276698,train,-0.00048828125,672
chr9:g.70537207C>T|cg14170392,TRPM3,cg14170392,test,0.00146484375,523
chr9:g.83956171G>A|cg12975295,C9orf64,cg12975295,train,-0.000885009765625,601
chr9:g.85021323G>C|cg13654445,NTRK2,cg13654445,train,0.001953125,484
chr9:g.91724322G>A|cg01303059,ROR2,cg01303059,train,-0.00244140625,435
chr9:g.98708468G>A|cg13570262,GABBR2,cg13570262,test,-0.00189208984375,487
chr9:g.99069811G>A|cg14424210,COL15A1,cg14424210,train,0.0,706
chr9:g.114096399G>A|cg10091458,KIF12,cg10091458,train,0.0068359375,263
chr9:g.116697868C>T|cg14085500,TRIM32,cg14085500,train,0.0107421875,179
chr9:g.119167408G>A|cg13603112,BRINP1,cg13603112,train,0.0,718
chr9:g.122209695C>T|cg14093012,LHX6,cg14093012,validation,0.00634765625,266
chr9:g.122226983C>T|cg21213617,LHX6,cg21213617,test,0.083251953125,9
chr9:g.127894560G>C|cg14168002,ST6GALNAC6,cg14168002,train,0.0009765625,545
chr9:g.128635187G>A|cg14606321,DYNC2I2,cg14606321,train,0.009765625,190
chr9:g.128949234G>C|cg14105018,NUP188,cg14105018,validation,0.0185546875,103
chr9:g.133206381C>T|cg14600041,OBP2B,cg14600041,train,0.0478515625,29
chr9:g.133256029G>A|cg14639822,ABO,cg14639822,train,0.00048828125,668
chr9:g.133789296C>T|cg13754665,VAV2,cg13754665,train,0.00634765625,271
chr9:g.135485995G>T|cg03936031,PPP1R26,cg03936031,train,0.00439453125,334
chr9:g.135503839C>G|cg13958495,MRPS2,cg13958495,train,0.0,753
chr9:g.135822714A>T|cg14020379,CAMSAP1,cg14020379,train,-0.0009765625,589
chr9:g.135822459G>A|cg14020379,CAMSAP1,cg14020379,train,0.00244140625,430
chr9:g.135822618C>A|cg14020379,CAMSAP1,cg14020379,train,0.0,756
chr9:g.136506840G>A|cg13537499,NOTCH1,cg13537499,train,-0.00146484375,519
chr9:g.137078460G>T|cg15396367,UAP1L1,cg15396367,train,0.003662109375,359
