Variant_UID,Gene,Predicted_WT_Beta,Predicted_Mutant_Beta,Predicted_Delta_Beta,Absolute_Delta_Beta_Rank
chr8:g.10428264C>T|cg14264678,MSRA,0.52490234375,0.767578125,0.24267578125,1
chr7:g.50543912G>A|cg05346287,DDC,0.79541015625,0.61376953125,-0.181640625,2
chr1:g.6128067C>T|cg12135344,CHD5,0.48291015625,0.322265625,-0.16064453125,3
chr19:g.4048232C>T|cg21206277,ZBTB7A,0.94873046875,0.82373046875,-0.125,4
chr3:g.122922265G>A|cg10783060,SEMA5B,0.60498046875,0.496826171875,-0.108154296875,5
chr8:g.31032390C>T|cg02006610,PURG,0.8017578125,0.69775390625,-0.10400390625,6
chr1:g.27551615G>A|cg23931121,AHDC1,0.75439453125,0.65234375,-0.10205078125,7
chr11:g.64207400C>T|cg20136100,FERMT3,0.8828125,0.787109375,-0.095703125,8
chr9:g.122226983C>T|cg21213617,LHX6,0.264404296875,0.34765625,0.083251953125,9
chr11:g.64297154C>T|cg13881637,KCNK4,0.779296875,0.86181640625,0.08251953125,10
chr16:g.67163040G>A|cg03456938,FBXL8,0.5361328125,0.61669921875,0.08056640625,11
chr19:g.32980029G>A|cg22062383,RHPN2,0.7568359375,0.83349609375,0.07666015625,12
chr12:g.57225741C>T|cg05441768,NXPH4,0.414794921875,0.486572265625,0.07177734375,13
chr22:g.50312184G>A|cg22016859,DENND6B,0.77197265625,0.703125,-0.06884765625,14
chr19:g.4054876C>T|cg27301596,ZBTB7A,0.80322265625,0.73974609375,-0.0634765625,15
chr10:g.101829188C>T|cg04368939,KCNIP2,0.57373046875,0.51025390625,-0.0634765625,16
chr20:g.58854229C>G|cg21988465,GNAS,0.273681640625,0.336181640625,0.0625,17
chr7:g.140425917C>T|cg16106080,RAB19,0.67236328125,0.734375,0.06201171875,18
chr17:g.50479754G>A|cg06900229,RSAD1,0.2178955078125,0.1605224609375,-0.057373046875,19
chr1:g.13782466C>G|cg27544405,PRDM2,0.448974609375,0.50390625,0.054931640625,20
chr13:g.36125982G>A|cg16766613,DCLK1,0.83740234375,0.89208984375,0.0546875,21
chr12:g.130163956C>T|cg22347212,FZD10,0.54345703125,0.5966796875,0.05322265625,22
chr1:g.154869641G>A|cg01963297,KCNN3,0.22216796875,0.27490234375,0.052734375,23
chr20:g.885235C>T|cg15229481,ANGPT4,0.281005859375,0.332763671875,0.0517578125,24
chr13:g.113326000C>T|cg26133126,GRTP1,0.8447265625,0.79345703125,-0.05126953125,25
chr5:g.181234694C>T|cg08956008,TRIM41,0.6435546875,0.59423828125,-0.04931640625,26
chr2:g.127559734C>T|cg14302612,MYO7B,0.81591796875,0.7666015625,-0.04931640625,27
chr16:g.66922316G>A|cg15482422,RRAD,0.76708984375,0.71875,-0.04833984375,28
chr9:g.133206381C>T|cg14600041,OBP2B,0.82568359375,0.87353515625,0.0478515625,29
chr5:g.141173516C>T|cg01228941,PCDHB7,0.250244140625,0.296875,0.046630859375,30
chr19:g.53892569G>A|cg08391709,PRKCG,0.7578125,0.7119140625,-0.0458984375,31
chr10:g.99330752G>A|cg15019541,CNNM1,0.66357421875,0.61767578125,-0.0458984375,32
chr3:g.123734093C>T|cg17787502,MYLK,0.55322265625,0.5966796875,0.04345703125,33
chr6:g.100449390G>A|cg26099134,SIM1,0.607421875,0.650390625,0.04296875,34
chr11:g.66592365G>A|cg20158826,CCDC87,0.59716796875,0.63916015625,0.0419921875,35
chr18:g.60372131C>T|cg02037013,MC4R,0.273681640625,0.315673828125,0.0419921875,36
chr2:g.65344845G>T|cg07588875,SPRED2,0.68115234375,0.6396484375,-0.04150390625,37
chr12:g.120766278C>T|cg02419362,SPPL3,0.40283203125,0.4443359375,0.04150390625,38
chr17:g.58279879C>T|cg02668773,MPO,0.272216796875,0.313720703125,0.04150390625,39
chr4:g.133152765C>T|cg06667761,PCDH10,0.2301025390625,0.1903076171875,-0.039794921875,40
chr19:g.3575620G>A|cg13437146,HMG20B,0.7373046875,0.775390625,0.0380859375,41
chr6:g.107069202C>T|cg14658630,BEND3,0.319091796875,0.281982421875,-0.037109375,42
chr17:g.65902182T>C|cg21388553,CEP112,0.75048828125,0.78759765625,0.037109375,43
chr16:g.67395027C>G|cg13973436,ZDHHC1,0.69140625,0.65478515625,-0.03662109375,44
chr3:g.48990898C>G|cg09610987,P4HTM,0.137451171875,0.10174560546875,-0.03570556640625,45
chr5:g.33936923G>A|cg02305687,RXFP3,0.71484375,0.75,0.03515625,46
chr2:g.127590136C>T|cg23898305,MYO7B,0.828125,0.79296875,-0.03515625,47
chr10:g.116979301G>A|cg13467135,SHTN1,0.87255859375,0.9072265625,0.03466796875,48
chr19:g.5914680G>A|cg16992787,CAPS,0.7607421875,0.79345703125,0.03271484375,49
chr19:g.7934224G>A|cg17682949,TIMM44,0.8359375,0.8037109375,-0.0322265625,50
chr15:g.45114644G>A|cg02550961,DUOXA2,0.10174560546875,0.06951904296875,-0.0322265625,51
chr4:g.41260715C>T|cg09270434,UCHL1,0.6611328125,0.693359375,0.0322265625,52
chr12:g.121509621C>T|cg20395646,KDM2B,0.89111328125,0.859375,-0.03173828125,53
chr11:g.57301894T>C|cg11414415,TNKS1BP1,0.87060546875,0.9013671875,0.03076171875,54
chr7:g.27108443G>A|cg19048532,HOXA3,0.1937255859375,0.224365234375,0.0306396484375,55
chr17:g.80221704G>A|cg07675682,SLC26A11,0.84765625,0.8173828125,-0.0302734375,56
chr17:g.80344012G>A|cg22194904,RNF213,0.93505859375,0.90478515625,-0.0302734375,57
chr2:g.157443877C>T|cg12177677,CYTIP,0.8095703125,0.83984375,0.0302734375,58
chr1:g.240123297C>T|cg00816406,FMN2,0.25341796875,0.223388671875,-0.030029296875,59
chr17:g.81282258C>T|cg00248875,SLC38A10,0.9111328125,0.88134765625,-0.02978515625,60
chr7:g.99394113T>C|cg22729543,ARPC1B,0.654296875,0.68359375,0.029296875,61
chr19:g.17376980C>A|cg18102633,PLVAP,0.85888671875,0.82958984375,-0.029296875,62
chr10:g.48451013G>A|cg16696043,ARHGAP22,0.822265625,0.8515625,0.029296875,63
chr11:g.315068C>G|cg23570810,IFITM1,0.70263671875,0.7314453125,0.02880859375,64
chr1:g.230249239G>A|cg03961853,GALNT2,0.755859375,0.7275390625,-0.0283203125,65
chr3:g.52372956G>A|cg14092988,DNAH1,0.77001953125,0.7421875,-0.02783203125,66
chr8:g.66127283G>A|cg04145765,TRIM55,0.5888671875,0.61572265625,0.02685546875,67
chr15:g.40368662C>T|cg27072603,DISP2,0.59228515625,0.619140625,0.02685546875,68
chr10:g.92692378A>C|cg03330490,HHEX,0.51416015625,0.487548828125,-0.026611328125,69
chr1:g.203483487G>A|cg20961782,PRELP,0.90380859375,0.87744140625,-0.0263671875,70
chr12:g.112869775G>A|cg02305353,RPH3A,0.79931640625,0.82568359375,0.0263671875,71
chr2:g.174571878C>T|cg16707641,WIPF1,0.87255859375,0.8984375,0.02587890625,72
chr14:g.103132761G>A|cg08301307,TNFAIP2,0.8349609375,0.8095703125,-0.025390625,73
chr17:g.7447082C>T|cg19440264,CHRNB1,0.62890625,0.603515625,-0.025390625,74
chr19:g.17228886C>T|cg13782532,OCEL1,0.84130859375,0.81591796875,-0.025390625,75
chr19:g.8066180G>A|cg15742116,FBN3,0.61083984375,0.63623046875,0.025390625,76
chr18:g.62979185G>A|cg13381110,PHLPP1,0.513671875,0.48876953125,-0.02490234375,77
chr7:g.151071708G>A|cg04824535,SLC4A2,0.759765625,0.7353515625,-0.0244140625,78
chr8:g.64581594G>A|cg17307479,BHLHE22,0.12274169921875,0.09844970703125,-0.0242919921875,79
chr15:g.42730735C>T|cg11163383,CDAN1,0.5654296875,0.58935546875,0.02392578125,80
chr5:g.141344471G>A|cg04438558,PCDHGA3,0.46630859375,0.48974609375,0.0234375,81
chr2:g.135809944G>A|cg15123519,LCT,0.9208984375,0.8974609375,-0.0234375,82
chr19:g.45712707G>A|cg00756648,FBXO46,0.73583984375,0.71240234375,-0.0234375,83
chr7:g.120856704G>A|cg03913921,TSPAN12,0.38525390625,0.362060546875,-0.023193359375,84
chr16:g.3983263G>A|cg07628416,ADCY9,0.68994140625,0.6669921875,-0.02294921875,85
chr10:g.133293184C>T|cg24861866,TUBGCP2,0.80419921875,0.82666015625,0.0224609375,86
chr13:g.112826873C>A|cg15077546,ATP11A,0.904296875,0.8818359375,-0.0224609375,87
chr3:g.56755032G>A|cg12835118,ARHGEF3,0.89111328125,0.9130859375,0.02197265625,88
chr18:g.80159825G>A|cg13590055,PARD6G,0.55810546875,0.57958984375,0.021484375,89
chr1:g.204455996G>A|cg27047255,PIK3C2B,0.9033203125,0.92431640625,0.02099609375,90
chr20:g.44051473G>A|cg22457287,TOX2,0.568359375,0.5888671875,0.0205078125,91
chr19:g.54939196C>T|cg18778097,NLRP7,0.69580078125,0.67578125,-0.02001953125,92
chr16:g.20418118C>T|cg27514874,ACSM5,0.81396484375,0.7939453125,-0.02001953125,93
chr11:g.62690663C>T|cg13835337,BSCL2,0.8330078125,0.8134765625,-0.01953125,94
chr17:g.39665443G>A|cg08345719,TCAP,0.72021484375,0.73974609375,0.01953125,95
chr11:g.1558979G>A|cg02248763,DUSP8,0.52587890625,0.50634765625,-0.01953125,96
chr5:g.97094892G>T|cg24555286,LIX1,0.80615234375,0.8251953125,0.01904296875,97
chr1:g.151520256C>T|cg24398933,CGN,0.76123046875,0.7421875,-0.01904296875,98
chr16:g.2586864G>A|cg00976532,PDPK1,0.763671875,0.74462890625,-0.01904296875,99
chr5:g.140850166C>T|cg24792717,PCDHA9,0.890625,0.87158203125,-0.01904296875,100
chr14:g.99398754G>C|cg19947357,SETD3,0.83349609375,0.8525390625,0.01904296875,101
chr6:g.41736858G>A|cg23678165,PGC,0.85302734375,0.83447265625,-0.0185546875,102
chr9:g.128949234G>C|cg14105018,NUP188,0.84228515625,0.86083984375,0.0185546875,103
chr19:g.10567151G>A|cg17491564,CDKN2D,0.61328125,0.5947265625,-0.0185546875,104
chr5:g.141511158G>A|cg15004405,PCDHGA12,0.82958984375,0.81103515625,-0.0185546875,105
chr11:g.65584318C>G|cg18757468,EHBP1L1,0.76953125,0.75146484375,-0.01806640625,106
chr12:g.128814957G>A|cg24410690,SLC15A4,0.9033203125,0.88525390625,-0.01806640625,107
chr3:g.197522698G>A|cg09610644,BDH1,0.76220703125,0.744140625,-0.01806640625,108
chr19:g.7967597T>G|cg23254334,ELAVL1,0.72412109375,0.7421875,0.01806640625,109
chr17:g.4691401T>A|cg10698255,PELP1,0.87109375,0.88916015625,0.01806640625,110
chr6:g.33679986C>T|cg18842187,ITPR3,0.8505859375,0.86865234375,0.01806640625,111
chr2:g.74515651C>T|cg19656282,TLX2,0.2130126953125,0.1954345703125,-0.017578125,112
chr15:g.89483184G>A|cg24382063,RHCG,0.80078125,0.81787109375,0.01708984375,113
chr19:g.48807036C>G|cg27061836,BCAT2,0.82568359375,0.80859375,-0.01708984375,114
chr5:g.1073669G>A|cg05636015,SLC12A7,0.87353515625,0.8564453125,-0.01708984375,115
chr15:g.42401756G>A|cg20309061,CAPN3,0.79833984375,0.78173828125,-0.0166015625,116
chr8:g.122953574G>A|cg18191087,ZHX2,0.89990234375,0.88330078125,-0.0166015625,117
chr10:g.48451079C>T|cg16696043,ARHGAP22,0.822265625,0.8388671875,0.0166015625,118
chr2:g.237374800C>T|cg14556851,COL6A3,0.90380859375,0.8876953125,-0.01611328125,119
chr19:g.1482993G>A|cg01091751,PCSK4,0.85107421875,0.8671875,0.01611328125,120
chr11:g.57543035G>A|cg04766618,SMTNL1,0.59326171875,0.609375,0.01611328125,121
chr19:g.39872229C>T|cg00398728,FCGBP,0.8984375,0.91455078125,0.01611328125,122
chr17:g.42784054C>T|cg05614735,WNK4,0.7333984375,0.74951171875,0.01611328125,123
chr3:g.141778662C>T|cg27638148,GRK7,0.9189453125,0.90283203125,-0.01611328125,124
chr2:g.219218581G>T|cg23547073,ABCB6,0.1658935546875,0.14990234375,-0.0159912109375,125
chr17:g.58278059G>T|cg07110356,MPO,0.921875,0.90625,-0.015625,126
chr20:g.62216651G>A|cg04752263,HRH3,0.8759765625,0.8916015625,0.015625,127
chr17:g.7017264G>A|cg17415576,C17orf49,0.6875,0.703125,0.015625,128
chr2:g.88067960C>T|cg03704645,SMYD1,0.8564453125,0.8720703125,0.015625,129
chr16:g.1507646C>T|cg04517903,TELO2,0.8349609375,0.85009765625,0.01513671875,130
chr1:g.161505494G>A|cg27470554,FCGR2A,0.74267578125,0.7578125,0.01513671875,131
chr1:g.201999943C>T|cg20674658,RNPEP,0.59521484375,0.6103515625,0.01513671875,132
chr7:g.48041395C>T|cg00731958,C7orf57,0.5751953125,0.56005859375,-0.01513671875,133
chr17:g.59213007G>T|cg10421011,SMG8,0.90087890625,0.8857421875,-0.01513671875,134
chr2:g.96327222C>A|cg06827611,ITPRIPL1,0.82666015625,0.8115234375,-0.01513671875,135
chr11:g.62690862C>T|cg13835337,BSCL2,0.8330078125,0.84814453125,0.01513671875,136
chr22:g.50528599G>A|cg06345736,TYMP,0.7578125,0.7724609375,0.0146484375,137
chr19:g.51368536G>A|cg22065498,CLDND2,0.70361328125,0.68896484375,-0.0146484375,138
chr3:g.137999033A>T|cg17574958,CLDN18,0.64111328125,0.65576171875,0.0146484375,139
chr7:g.4210080C>T|cg21519944,SDK1,0.89013671875,0.87548828125,-0.0146484375,140
chr1:g.154946660G>C|cg06969521,PBXIP1,0.65625,0.6416015625,-0.0146484375,141
chr20:g.46563483G>A|cg12760968,SLC13A3,0.87548828125,0.8896484375,0.01416015625,142
chr1:g.153638310G>A|cg02482497,CHTOP,0.60302734375,0.5888671875,-0.01416015625,143
chr5:g.1479654C>T|cg05145573,LPCAT1,0.319580078125,0.33349609375,0.013916015625,144
chr19:g.42095557C>T|cg06178887,POU2F2,0.8955078125,0.8818359375,-0.013671875,145
chr3:g.50320319C>G|cg00467652,HYAL2,0.8125,0.798828125,-0.013671875,146
chr11:g.122851829G>A|cg01659052,CRTAM,0.8076171875,0.8212890625,0.013671875,147
chr13:g.26759489C>T|cg15726245,GPR12,0.4794921875,0.492919921875,0.013427734375,148
chr12:g.120498117G>A|cg01168339,DYNLL1,0.43994140625,0.426513671875,-0.013427734375,149
chr8:g.143868832G>C|cg10433678,EPPK1,0.9140625,0.90087890625,-0.01318359375,150
chr16:g.2055459T>C|cg00500602,TSC2,0.912109375,0.92529296875,0.01318359375,151
chr5:g.141355542G>T|cg05043461,PCDHGA4,0.322265625,0.33544921875,0.01318359375,152
chr2:g.74250415G>A|cg01272428,SLC4A5,0.6279296875,0.61474609375,-0.01318359375,153
chr2:g.237540503A>G|cg26753393,MLPH,0.51953125,0.53271484375,0.01318359375,154
chr17:g.63542416C>A|cg04937794,KCNH6,0.85791015625,0.8447265625,-0.01318359375,155
chr18:g.3879238G>A|cg25693099,DLGAP1,0.93408203125,0.9208984375,-0.01318359375,156
chr3:g.57110268C>A|cg22870661,IL17RD,0.9052734375,0.91845703125,0.01318359375,157
chr2:g.31580649C>A|cg19502744,SRD5A2,0.130859375,0.1439208984375,0.0130615234375,158
chr20:g.2794235C>T|cg21603679,CPXM1,0.84375,0.8310546875,-0.0126953125,159
chr16:g.3966693C>T|cg09152120,ADCY9,0.8486328125,0.8359375,-0.0126953125,160
chr11:g.1841186C>T|cg05258834,TNNI2,0.79052734375,0.77783203125,-0.0126953125,161
chr1:g.117368303C>G|cg11819305,MAN1A2,0.17626953125,0.163818359375,-0.012451171875,162
chr4:g.1113419T>G|cg11118359,RNF212,0.1527099609375,0.1651611328125,0.012451171875,163
chr3:g.46408286C>G|cg14749678,CCRL2,0.8837890625,0.87158203125,-0.01220703125,164
chr6:g.40432561G>A|cg24851166,LRFN2,0.86572265625,0.8779296875,0.01220703125,165
chr4:g.1167616C>G|cg14525473,SPON2,0.06744384765625,0.0552978515625,-0.01214599609375,166
chr5:g.140342661C>T|cg26306638,HBEGF,0.69921875,0.7109375,0.01171875,167
chr1:g.26863230G>T|cg13466284,SFN,0.2152099609375,0.2034912109375,-0.01171875,168
chr15:g.23645282G>A|cg04014889,MAGEL2,0.77685546875,0.78857421875,0.01171875,169
chr7:g.98628497T>C|cg15903624,NPTX2,0.9404296875,0.9521484375,0.01171875,170
chr16:g.87851755G>A|cg05911082,SLC7A5,0.84326171875,0.83154296875,-0.01171875,171
chr2:g.1676937G>A|cg24767423,PXDN,0.80078125,0.81201171875,0.01123046875,172
chr20:g.59939101G>A|cg00400263,PPP1R3D,0.82177734375,0.810546875,-0.01123046875,173
chr3:g.38141265C>G|cg01351089,MYD88,0.76806640625,0.7568359375,-0.01123046875,174
chr1:g.240493440C>G|cg00081729,GREM2,0.89111328125,0.90234375,0.01123046875,175
chr14:g.23349325C>A|cg13974427,SLC22A17,0.78369140625,0.79443359375,0.0107421875,176
chr11:g.34139416C>T|cg09508189,NAT10,0.77587890625,0.76513671875,-0.0107421875,177
chr16:g.1673943C>T|cg05337607,CRAMP1,0.83154296875,0.84228515625,0.0107421875,178
chr9:g.116697868C>T|cg14085500,TRIM32,0.85595703125,0.86669921875,0.0107421875,179
chr11:g.1254852C>G|cg24433043,MUC5B,0.7568359375,0.74609375,-0.0107421875,180
chr5:g.149374591G>A|cg19424122,IL17B,0.86083984375,0.85009765625,-0.0107421875,181
chr2:g.1209219G>A|cg13049247,SNTG2,0.92236328125,0.91162109375,-0.0107421875,182
chr6:g.160122004C>T|cg13466809,SLC22A1,0.80615234375,0.81689453125,0.0107421875,183
chr8:g.88327195G>A|cg11536457,MMP16,0.06488037109375,0.054595947265625,-0.010284423828125,184
chr6:g.134949937C>T|cg02396253,ALDH8A1,0.87646484375,0.88671875,0.01025390625,185
chr10:g.73791488C>T|cg05869392,ZSWIM8,0.92333984375,0.9130859375,-0.01025390625,186
chr6:g.165661969C>T|cg04326854,PDE10A,0.1868896484375,0.1767578125,-0.0101318359375,187
chr6:g.52504751G>T|cg14279151,TRAM2,0.399169921875,0.4091796875,0.010009765625,188
chr21:g.30215554G>A|cg04052038,CLDN8,0.75390625,0.744140625,-0.009765625,189
chr9:g.128635187G>A|cg14606321,DYNC2I2,0.26611328125,0.27587890625,0.009765625,190
chr7:g.97022271A>G|cg27016494,DLX5,0.85546875,0.865234375,0.009765625,191
chr7:g.98191881G>C|cg25556607,LMTK2,0.935546875,0.9453125,0.009765625,192
chr20:g.43726434C>T|cg23727943,GTSF1L,0.81591796875,0.80615234375,-0.009765625,193
chr12:g.121748434G>A|cg22917372,TMEM120B,0.80029296875,0.81005859375,0.009765625,194
chr16:g.28873450C>T|cg06932837,SH2B1,0.296630859375,0.306396484375,0.009765625,195
chr17:g.4934468C>T|cg04970434,GP1BA,0.82470703125,0.83447265625,0.009765625,196
chr6:g.35797238T>C|cg25107791,CLPS,0.87744140625,0.86767578125,-0.009765625,197
chr1:g.235993778G>A|cg07578215,NID1,0.943359375,0.93359375,-0.009765625,198
chr1:g.237783787T>C|cg23087876,RYR2,0.82373046875,0.81396484375,-0.009765625,199
chr20:g.46008941G>A|cg10505873,MMP9,0.2432861328125,0.252685546875,0.0093994140625,200
chr1:g.223752883G>A|cg12129117,CAPN2,0.86181640625,0.87109375,0.00927734375,201
chr1:g.228307494A>T|cg19746567,OBSCN,0.90087890625,0.91015625,0.00927734375,202
chr1:g.6212368C>T|cg01517656,RNF207,0.92041015625,0.9111328125,-0.00927734375,203
chr22:g.24433551G>A|cg21584430,ADORA2A,0.86083984375,0.8515625,-0.00927734375,204
chr14:g.96241012G>A|cg14032667,BDKRB2,0.87353515625,0.8828125,0.00927734375,205
chr7:g.4245796A>C|cg20152326,SDK1,0.9228515625,0.93212890625,0.00927734375,206
chr17:g.76002055C>G|cg14056306,CDK3,0.79736328125,0.7880859375,-0.00927734375,207
chr20:g.396414C>G|cg12017057,TRIB3,0.892578125,0.90185546875,0.00927734375,208
chr17:g.7441532G>A|cg05513300,FGF11,0.84765625,0.8388671875,-0.0087890625,209
chr3:g.14820097C>T|cg21068907,FGD5,0.67578125,0.6669921875,-0.0087890625,210
chr20:g.61773086C>T|cg15445037,CDH4,0.96337890625,0.95458984375,-0.0087890625,211
chr7:g.135164660G>C|cg07876788,TMEM140,0.8193359375,0.828125,0.0087890625,212
chr20:g.49257606G>A|cg01332882,ZNFX1,0.8935546875,0.884765625,-0.0087890625,213
chr19:g.45711756G>C|cg27347412,FBXO46,0.904296875,0.9130859375,0.0087890625,214
chr17:g.7241444G>A|cg19646165,GABARAP,0.7177734375,0.708984375,-0.0087890625,215
chr12:g.53985574C>G|cg00699029,HOXC10,0.091064453125,0.09979248046875,0.00872802734375,216
chr6:g.10410135C>T|cg02181847,TFAP2A,0.0704345703125,0.061981201171875,-0.008453369140625,217
chr15:g.41505290G>A|cg18168740,LTK,0.77587890625,0.767578125,-0.00830078125,218
chr19:g.16893183G>C|cg15159987,CPAMD8,0.84130859375,0.849609375,0.00830078125,219
chr19:g.40395792G>A|cg10684794,PRX,0.75634765625,0.748046875,-0.00830078125,220
chr8:g.72568278T>C|cg06958453,KCNB2,0.88720703125,0.8955078125,0.00830078125,221
chr5:g.168883282G>A|cg05457620,SLIT3,0.90478515625,0.9130859375,0.00830078125,222
chr1:g.226986479C>T|cg21157446,COQ8A,0.70361328125,0.6953125,-0.00830078125,223
chr8:g.144053329G>A|cg26824850,OPLAH,0.822265625,0.83056640625,0.00830078125,224
chr17:g.76015335C>T|cg01013054,EVPL,0.86962890625,0.861328125,-0.00830078125,225
chr17:g.76643570G>C|cg15503752,ST6GALNAC1,0.689453125,0.68115234375,-0.00830078125,226
chr17:g.18246397G>A|cg09922349,FLII,0.84130859375,0.8330078125,-0.00830078125,227
chr14:g.75280062T>G|cg12061886,FOS,0.162109375,0.1702880859375,0.0081787109375,228
chr19:g.15113783C>T|cg20100671,SYDE1,0.8681640625,0.8603515625,-0.0078125,229
chr4:g.684519G>A|cg01881828,SLC49A3,0.564453125,0.572265625,0.0078125,230
chr19:g.3977870G>C|cg24204847,EEF2,0.9140625,0.921875,0.0078125,231
chr10:g.13209286T>A|cg02730843,MCM10,0.931640625,0.939453125,0.0078125,232
chr7:g.86864306C>T|cg27073262,GRM3,0.8544921875,0.8623046875,0.0078125,233
chr7:g.51028888C>T|cg27325833,COBL,0.84375,0.8515625,0.0078125,234
chr7:g.151076177G>A|cg20898078,SLC4A2,0.896484375,0.888671875,-0.0078125,235
chr5:g.141101204T>C|cg01925738,PCDHB3,0.39892578125,0.39111328125,-0.0078125,236
chr21:g.37714719T>C|cg16435782,KCNJ6,0.845703125,0.853515625,0.0078125,237
chr12:g.6621081C>T|cg16119239,LPAR5,0.89892578125,0.89111328125,-0.0078125,238
chr17:g.40016261A>G|cg07584981,CSF3,0.767578125,0.759765625,-0.0078125,239
chr17:g.33013971G>C|cg27391921,ASIC2,0.8193359375,0.8115234375,-0.0078125,240
chr11:g.67404337C>T|cg11600161,TBC1D10C,0.6845703125,0.6923828125,0.0078125,241
chr5:g.447583C>T|cg18430034,EXOC3,0.8974609375,0.89013671875,-0.00732421875,242
chr5:g.34042967C>T|cg03934354,C1QTNF3,0.845703125,0.83837890625,-0.00732421875,243
chr15:g.101721269C>T|cg14588686,TARS3,0.90234375,0.90966796875,0.00732421875,244
chr20:g.62334264G>A|cg02498702,LAMA5,0.83203125,0.82470703125,-0.00732421875,245
chr17:g.30090616G>A|cg02947670,EFCAB5,0.8408203125,0.84814453125,0.00732421875,246
chr12:g.3648514C>G|cg14021714,CRACR2A,0.875,0.86767578125,-0.00732421875,247
chr20:g.1181190G>T|cg14905105,TMEM74B,0.92822265625,0.9208984375,-0.00732421875,248
chr2:g.38070998G>A|cg14407177,CYP1B1,0.86962890625,0.8623046875,-0.00732421875,249
chr6:g.36368953G>A|cg20447038,ETV7,0.83544921875,0.8427734375,0.00732421875,250
chr8:g.79765266C>T|cg04101874,HEY1,0.07891845703125,0.086181640625,0.00726318359375,251
chr16:g.23679229C>A|cg11470399,PLK1,0.08819580078125,0.08123779296875,-0.0069580078125,252
chr17:g.82052444T>C|cg15257096,GPS1,0.05126953125,0.044342041015625,-0.006927490234375,253
chr6:g.138335101G>A|cg20291636,ARFGEF3,0.8857421875,0.892578125,0.0068359375,254
chr5:g.179853390C>T|cg01213455,MRNIP,0.7763671875,0.76953125,-0.0068359375,255
chr8:g.22226921C>T|cg17948297,PHYHIP,0.900390625,0.8935546875,-0.0068359375,256
chr16:g.31062238C>T|cg01509715,ZNF668,0.95458984375,0.94775390625,-0.0068359375,257
chr20:g.32010481G>A|cg24691461,CCM2L,0.342529296875,0.335693359375,-0.0068359375,258
chr19:g.1083182G>A|cg19307500,ARHGAP45,0.6728515625,0.6796875,0.0068359375,259
chr12:g.121248633G>C|cg26426437,CAMKK2,0.8662109375,0.859375,-0.0068359375,260
chr15:g.39593172C>T|cg15161296,THBS1,0.93212890625,0.92529296875,-0.0068359375,261
chr6:g.52504700G>A|cg14279151,TRAM2,0.399169921875,0.406005859375,0.0068359375,262
chr9:g.114096399G>A|cg10091458,KIF12,0.8310546875,0.837890625,0.0068359375,263
chr3:g.15074684G>A|cg04428799,RBSN,0.90869140625,0.91552734375,0.0068359375,264
chr5:g.37370888G>A|cg07841463,NUP155,0.046112060546875,0.052703857421875,0.006591796875,265
chr9:g.122209695C>T|cg14093012,LHX6,0.89697265625,0.9033203125,0.00634765625,266
chr17:g.68420268T>C|cg03815657,ARSG,0.5693359375,0.56298828125,-0.00634765625,267
chr1:g.159943407C>T|cg26913306,IGSF9,0.84423828125,0.837890625,-0.00634765625,268
chr19:g.8522729C>A|cg15155376,MYO1F,0.90966796875,0.9033203125,-0.00634765625,269
chr4:g.877710C>G|cg02423659,GAK,0.9521484375,0.95849609375,0.00634765625,270
chr9:g.133789296C>T|cg13754665,VAV2,0.705078125,0.71142578125,0.00634765625,271
chr3:g.169769470G>T|cg10350352,ACTRT3,0.05572509765625,0.049407958984375,-0.006317138671875,272
chr5:g.179121659A>G|cg25554190,ADAMTS2,0.383544921875,0.37744140625,-0.006103515625,273
chr13:g.83879762G>A|cg21448057,SLITRK1,0.0740966796875,0.080078125,0.0059814453125,274
chr12:g.120325944C>A|cg20313400,PLA2G1B,0.057373046875,0.0633544921875,0.0059814453125,275
chr8:g.102651801G>T|cg26535606,KLF10,0.17626953125,0.1822509765625,0.0059814453125,276
chr13:g.45194211G>A|cg21457147,KCTD4,0.65234375,0.646484375,-0.005859375,277
chr6:g.28125653G>C|cg22896917,ZSCAN16,0.81640625,0.822265625,0.005859375,278
chr1:g.16986484G>A|cg20792826,ATP13A2,0.810546875,0.8046875,-0.005859375,279
chr1:g.161099669G>A|cg00058923,KLHDC9,0.65283203125,0.64697265625,-0.005859375,280
chr20:g.63775832C>T|cg12840850,ZBTB46,0.9072265625,0.9130859375,0.005859375,281
chr11:g.66858311C>T|cg01667185,LRFN4,0.8564453125,0.8505859375,-0.005859375,282
chr5:g.134893597C>T|cg21247757,TXNDC15,0.89306640625,0.89892578125,0.005859375,283
chr13:g.100515456C>T|cg22432024,PCCA,0.9365234375,0.9423828125,0.005859375,284
chr17:g.63832958G>A|cg11885555,SMARCD2,0.763671875,0.76953125,0.005859375,285
chr17:g.63534125C>T|cg18975662,KCNH6,0.89306640625,0.89892578125,0.005859375,286
chr20:g.38161439G>A|cg26604799,TGM2,0.90478515625,0.91064453125,0.005859375,287
chr5:g.141489618C>T|cg22082176,PCDHGC5,0.375244140625,0.381103515625,0.005859375,288
chr8:g.89924773C>G|cg11965634,OSGIN2,0.88427734375,0.87841796875,-0.005859375,289
chr19:g.35511585G>A|cg19785918,DMKN,0.802734375,0.80859375,0.005859375,290
chr11:g.1445598C>T|cg19494188,BRSK2,0.8779296875,0.88330078125,0.00537109375,291
chr1:g.226986569C>A|cg21157446,COQ8A,0.70361328125,0.6982421875,-0.00537109375,292
chr19:g.49808614C>T|cg19856145,FUZ,0.08123779296875,0.07586669921875,-0.00537109375,293
chr19:g.47353348C>T|cg15725639,DHX34,0.921875,0.91650390625,-0.00537109375,294
chr19:g.45816512G>A|cg15455864,SYMPK,0.70751953125,0.7021484375,-0.00537109375,295
chr19:g.40217314G>C|cg13944099,TTC9B,0.0738525390625,0.0792236328125,0.00537109375,296
chr3:g.196323892C>T|cg27088176,TM4SF19,0.8876953125,0.89306640625,0.00537109375,297
chr6:g.16327991G>A|cg00436183,ATXN1,0.953125,0.95849609375,0.00537109375,298
chr6:g.159819269G>T|cg22248441,PNLDC1,0.892578125,0.88720703125,-0.00537109375,299
chr3:g.157495290G>T|cg13698542,VEPH1,0.80712890625,0.8125,0.00537109375,300
chr20:g.57524125C>T|cg14264994,CTCFL,0.8125,0.81787109375,0.00537109375,301
chr2:g.215384891C>T|cg25099021,FN1,0.88427734375,0.8896484375,0.00537109375,302
chr11:g.117780620G>A|cg01877524,DSCAML1,0.94482421875,0.939453125,-0.00537109375,303
chr11:g.121130174C>T|cg13892828,TECTA,0.88427734375,0.8896484375,0.00537109375,304
chr10:g.73517363A>C|cg08958656,USP54,0.82568359375,0.8310546875,0.00537109375,305
chr11:g.64859966G>A|cg01151584,EHD1,0.9453125,0.95068359375,0.00537109375,306
chr8:g.70148349G>T|cg20699548,NCOA2,0.390625,0.39599609375,0.00537109375,307
chr10:g.91630479C>T|cg18354248,PPP1R3C,0.91845703125,0.9130859375,-0.00537109375,308
chr17:g.47733877C>T|cg03639783,TBX21,0.05242919921875,0.057586669921875,0.005157470703125,309
chr8:g.144512686C>G|cg19996418,RECQL4,0.64794921875,0.65283203125,0.0048828125,310
chr1:g.201808720G>A|cg02616186,NAV1,0.8369140625,0.841796875,0.0048828125,311
chr17:g.38562842G>A|cg19409060,SRCIN1,0.65380859375,0.64892578125,-0.0048828125,312
chr5:g.140643929G>A|cg27658391,TMCO6,0.900390625,0.9052734375,0.0048828125,313
chr13:g.98688302G>A|cg20568691,SLC15A1,0.88916015625,0.88427734375,-0.0048828125,314
chr16:g.685944G>A|cg26750188,WDR24,0.76025390625,0.76513671875,0.0048828125,315
chr14:g.80211371G>A|cg00217795,DIO2,0.60693359375,0.61181640625,0.0048828125,316
chr19:g.40383885G>A|cg01644518,HIPK4,0.91357421875,0.90869140625,-0.0048828125,317
chr6:g.56620404A>C|cg11102354,DST,0.8544921875,0.849609375,-0.0048828125,318
chr15:g.68291209C>T|cg02389877,FEM1B,0.904296875,0.9091796875,0.0048828125,319
chr1:g.46043841G>T|cg01008154,PIK3R3,0.77734375,0.7822265625,0.0048828125,320
chr1:g.109490285G>T|cg03525254,ATXN7L2,0.86328125,0.8681640625,0.0048828125,321
chr7:g.100456950C>T|cg12283819,C7orf61,0.9306640625,0.92578125,-0.0048828125,322
chr7:g.195707C>T|cg24504854,FAM20C,0.8701171875,0.875,0.0048828125,323
chr20:g.34993393C>T|cg22762088,MYH7B,0.8984375,0.8935546875,-0.0048828125,324
chr4:g.154744575C>T|cg23303074,LRAT,0.10614013671875,0.11102294921875,0.0048828125,325
chr11:g.640489C>G|cg02762115,DRD4,0.78271484375,0.77783203125,-0.0048828125,326
chr20:g.19935149G>A|cg04466743,RIN2,0.10931396484375,0.11376953125,0.00445556640625,327
chr3:g.114351793G>A|cg03015144,ZBTB20,0.94189453125,0.9462890625,0.00439453125,328
chr12:g.41573437G>A|cg15235614,PDZRN4,0.9384765625,0.94287109375,0.00439453125,329
chr22:g.19973012C>T|cg22906524,ARVCF,0.9521484375,0.95654296875,0.00439453125,330
chr22:g.50281953G>A|cg00243272,PLXNB2,0.759765625,0.75537109375,-0.00439453125,331
chr1:g.31006009G>A|cg18327385,PUM1,0.70703125,0.70263671875,-0.00439453125,332
chr11:g.57485117G>A|cg09888840,SLC43A1,0.83984375,0.83544921875,-0.00439453125,333
chr9:g.135485995G>T|cg03936031,PPP1R26,0.9033203125,0.90771484375,0.00439453125,334
chr2:g.191836181C>T|cg19699264,CAVIN2,0.9267578125,0.93115234375,0.00439453125,335
chr19:g.4652139C>T|cg22754389,TNFAIP8L1,0.9365234375,0.94091796875,0.00439453125,336
chr6:g.160079645A>G|cg02396797,IGF2R,0.8623046875,0.85791015625,-0.00439453125,337
chr16:g.89180223G>A|cg09076877,CDH15,0.82763671875,0.8232421875,-0.00439453125,338
chr19:g.19640549G>A|cg16253989,GMIP,0.8056640625,0.80126953125,-0.00439453125,339
chr19:g.38469085C>A|cg22846876,RYR1,0.90576171875,0.9013671875,-0.00439453125,340
chr19:g.49128886C>T|cg15031763,PPFIA3,0.05877685546875,0.06280517578125,0.0040283203125,341
chr7:g.2578493G>C|cg14554438,IQCE,0.91845703125,0.92236328125,0.00390625,342
chr17:g.76476898C>T|cg27605355,RHBDF2,0.916015625,0.912109375,-0.00390625,343
chr16:g.672563G>A|cg27336518,RHOT2,0.9365234375,0.9404296875,0.00390625,344
chr6:g.56900577C>T|cg07800670,DST,0.92578125,0.921875,-0.00390625,345
chr14:g.21022396G>C|cg10078898,NDRG2,0.474365234375,0.478271484375,0.00390625,346
chr16:g.30583379C>T|cg08103107,ZNF785,0.92724609375,0.93115234375,0.00390625,347
chr1:g.228059111C>T|cg09075558,WNT3A,0.525390625,0.529296875,0.00390625,348
chr1:g.175077427C>G|cg13386070,TNN,0.85693359375,0.86083984375,0.00390625,349
chr1:g.48239435G>C|cg25469314,SLC5A9,0.88525390625,0.88916015625,0.00390625,350
chr7:g.158192471G>A|cg19738802,PTPRN2,0.8916015625,0.8876953125,-0.00390625,351
chr10:g.124994589G>A|cg08203849,CTBP2,0.8916015625,0.8876953125,-0.00390625,352
chr7:g.151006955G>A|cg00478390,NOS3,0.83642578125,0.84033203125,0.00390625,353
chr11:g.82997238G>T|cg01250845,RAB30,0.83740234375,0.83349609375,-0.00390625,354
chr12:g.132643852G>A|cg22138822,POLE,0.9404296875,0.9365234375,-0.00390625,355
chr12:g.130436950C>A|cg25577202,RIMBP2,0.93798828125,0.93408203125,-0.00390625,356
chr11:g.66707582G>C|cg02700161,SPTBN2,0.91943359375,0.92333984375,0.00390625,357
chr17:g.74920615G>A|cg04585822,USH1G,0.96484375,0.9609375,-0.00390625,358
chr9:g.137078460G>T|cg15396367,UAP1L1,0.2021484375,0.205810546875,0.003662109375,359
chr19:g.39498980C>T|cg21718857,DLL3,0.050994873046875,0.054595947265625,0.00360107421875,360
chr21:g.26572875G>C|cg21282630,CYYR1,0.06634521484375,0.0699462890625,0.00360107421875,361
chr14:g.77708144G>C|cg21974996,SLIRP,0.033843994140625,0.037322998046875,0.00347900390625,362
chr8:g.95154548T>C|cg16878214,PLEKHF2,0.90283203125,0.8994140625,-0.00341796875,363
chr20:g.62911130C>T|cg11152033,DIDO1,0.9482421875,0.95166015625,0.00341796875,364
chr11:g.64854369C>T|cg13067095,EHD1,0.93115234375,0.927734375,-0.00341796875,365
chr19:g.6007770G>A|cg25793425,RFX2,0.9287109375,0.93212890625,0.00341796875,366
chr19:g.48450382C>T|cg21481320,GRWD1,0.8994140625,0.90283203125,0.00341796875,367
chr14:g.78645382C>T|cg02326285,NRXN3,0.8349609375,0.83154296875,-0.00341796875,368
chr7:g.1493863C>T|cg01705214,INTS1,0.95263671875,0.9560546875,0.00341796875,369
chr6:g.1930136T>C|cg01465824,GMDS,0.92919921875,0.92578125,-0.00341796875,370
chr18:g.9887586C>A|cg02711020,TXNDC2,0.89404296875,0.890625,-0.00341796875,371
chr19:g.14610075C>T|cg24838240,CLEC17A,0.89306640625,0.896484375,0.00341796875,372
chr17:g.28494407G>A|cg27562840,SLC13A2,0.84375,0.84033203125,-0.00341796875,373
chr2:g.230046367G>A|cg21540962,SLC16A14,0.90185546875,0.8984375,-0.00341796875,374
chr20:g.3234309C>T|cg21907993,SLC4A11,0.96044921875,0.9638671875,0.00341796875,375
chr2:g.135808876G>T|cg25344623,LCT,0.92333984375,0.9267578125,0.00341796875,376
chr3:g.10234521C>T|cg18716706,IRAK2,0.939453125,0.93603515625,-0.00341796875,377
chr11:g.26994820G>T|cg13694680,FIBIN,0.74755859375,0.7509765625,0.00341796875,378
chr8:g.24956225G>C|cg24000873,NEFL,0.132080078125,0.1353759765625,0.0032958984375,379
chr7:g.122886053G>T|cg07322688,CADPS2,0.049774169921875,0.046539306640625,-0.00323486328125,380
chr1:g.209607913C>T|cg20994118,CAMK1G,0.377197265625,0.38037109375,0.003173828125,381
chr17:g.59210231G>T|cg16822173,SMG8,0.0294189453125,0.0325927734375,0.003173828125,382
chr1:g.3625459C>T|cg22697657,TPRG1L,0.05633544921875,0.053192138671875,-0.003143310546875,383
chr3:g.32570741G>A|cg18602811,DYNC1LI1,0.0218658447265625,0.024993896484375,0.0031280517578125,384
chr3:g.192917724G>A|cg07933199,MB21D2,0.035003662109375,0.0379638671875,0.002960205078125,385
chr6:g.158502492G>T|cg22846966,TULP4,0.873046875,0.8701171875,-0.0029296875,386
chr19:g.35841755G>T|cg03147184,NPHS1,0.82275390625,0.82568359375,0.0029296875,387
chr1:g.228341190C>T|cg00532451,OBSCN,0.92626953125,0.92919921875,0.0029296875,388
chr5:g.140567835C>G|cg27337021,SLC35A4,0.86767578125,0.86474609375,-0.0029296875,389
chr11:g.134234916G>T|cg09845666,VPS26B,0.94384765625,0.94091796875,-0.0029296875,390
chr20:g.58855113C>T|cg21625881,GNAS,0.25341796875,0.25634765625,0.0029296875,391
chr21:g.44323825C>T|cg03257916,PFKL,0.908203125,0.9052734375,-0.0029296875,392
chr22:g.39743763C>T|cg11757326,ENTHD1,0.81787109375,0.81494140625,-0.0029296875,393
chr1:g.150556329C>T|cg15107203,ADAMTSL4,0.90087890625,0.89794921875,-0.0029296875,394
chr11:g.209670G>A|cg09320717,RIC8A,0.1292724609375,0.1263427734375,-0.0029296875,395
chr11:g.4653331C>T|cg23632744,OR51E1,0.86865234375,0.86572265625,-0.0029296875,396
chr11:g.69087920G>C|cg25042173,TPCN2,0.8017578125,0.798828125,-0.0029296875,397
chr11:g.71474481C>T|cg07617163,NADSYN1,0.93408203125,0.93115234375,-0.0029296875,398
chr3:g.66380818C>T|cg00503690,LRIG1,0.90185546875,0.90478515625,0.0029296875,399
chr19:g.37669660G>A|cg24851318,ZNF781,0.9072265625,0.904296875,-0.0029296875,400
chr4:g.114623048C>G|cg25892041,UGT8,0.91455078125,0.91748046875,0.0029296875,401
chr12:g.12465632G>A|cg06534724,BORCS5,0.92236328125,0.92529296875,0.0029296875,402
chr12:g.122848554C>G|cg13657970,HIP1R,0.89208984375,0.88916015625,-0.0029296875,403
chr4:g.154612169T>A|cg16747973,FGG,0.7861328125,0.783203125,-0.0029296875,404
chr2:g.113059447G>C|cg21378206,IL36RN,0.640625,0.6376953125,-0.0029296875,405
chr18:g.48040016C>T|cg24352393,ZBTB7C,0.9169921875,0.919921875,0.0029296875,406
chr19:g.41268275C>T|cg13596036,HNRNPUL1,0.5380859375,0.541015625,0.0029296875,407
chr16:g.48187335G>C|cg09827812,ABCC11,0.9140625,0.9111328125,-0.0029296875,408
chr15:g.40900234C>T|cg23775236,VPS18,0.93603515625,0.93310546875,-0.0029296875,409
chr19:g.18436363G>A|cg04304033,ISYNA1,0.8271484375,0.830078125,0.0029296875,410
chr16:g.19872621G>A|cg02384338,GPRC5B,0.9072265625,0.91015625,0.0029296875,411
chr14:g.24367141A>C|cg26705574,NFATC4,0.039642333984375,0.036773681640625,-0.00286865234375,412
chr8:g.141228216C>T|cg09238000,SLC45A4,0.43359375,0.430908203125,-0.002685546875,413
chr12:g.46370827C>T|cg20830447,SLC38A2,0.0872802734375,0.08465576171875,-0.00262451171875,414
chr1:g.181089808C>A|cg11496811,IER5,0.047332763671875,0.049957275390625,0.00262451171875,415
chr19:g.45584738C>G|cg01990304,OPA3,0.022979736328125,0.0255126953125,0.002532958984375,416
chr3:g.13879760G>C|cg00625653,WNT7A,0.042633056640625,0.04010009765625,-0.002532958984375,417
chr11:g.7653161C>T|cg06416026,PPFIBP2,0.92529296875,0.927734375,0.00244140625,418
chr16:g.1450620G>A|cg01852063,CLCN7,0.92236328125,0.9248046875,0.00244140625,419
chr4:g.40438135G>A|cg16642517,RBM47,0.958984375,0.95654296875,-0.00244140625,420
chr7:g.47303017G>A|cg14410503,TNS3,0.873046875,0.87548828125,0.00244140625,421
chr16:g.293607G>A|cg01444501,AXIN1,0.84375,0.84130859375,-0.00244140625,422
chr6:g.54019088G>T|cg13281868,MLIP,0.931640625,0.93408203125,0.00244140625,423
chr6:g.10409905A>G|cg15732658,TFAP2A,0.083740234375,0.086181640625,0.00244140625,424
chr5:g.42801008G>C|cg18050233,SELENOP,0.8935546875,0.89599609375,0.00244140625,425
chr6:g.159819002C>T|cg21162003,PNLDC1,0.89453125,0.89697265625,0.00244140625,426
chr19:g.17577268C>T|cg05355764,COLGALT1,0.90576171875,0.9033203125,-0.00244140625,427
chr17:g.79835694C>A|cg14329275,CBX4,0.79150390625,0.7890625,-0.00244140625,428
chr17:g.59682694C>T|cg22624697,CLTC,0.921875,0.92431640625,0.00244140625,429
chr9:g.135822459G>A|cg14020379,CAMSAP1,0.9384765625,0.94091796875,0.00244140625,430
chr17:g.83085034C>G|cg01502876,METRNL,0.93115234375,0.9287109375,-0.00244140625,431
chr17:g.78571301G>A|cg09687005,DNAH17,0.84716796875,0.8447265625,-0.00244140625,432
chr1:g.20190655C>T|cg14285308,UBXN10,0.81591796875,0.8134765625,-0.00244140625,433
chr10:g.43387534T>A|cg27564137,HNRNPF,0.94189453125,0.9443359375,0.00244140625,434
chr9:g.91724322G>A|cg01303059,ROR2,0.87841796875,0.8759765625,-0.00244140625,435
chr1:g.161100107G>A|cg27582585,KLHDC9,0.80029296875,0.802734375,0.00244140625,436
chr1:g.1331929C>T|cg06802641,TAS1R3,0.9130859375,0.91552734375,0.00244140625,437
chr22:g.50288761G>A|cg03883640,PLXNB2,0.8427734375,0.84521484375,0.00244140625,438
chr11:g.34139425C>T|cg09508189,NAT10,0.77587890625,0.7783203125,0.00244140625,439
chr11:g.66848950C>T|cg08924969,PC,0.83203125,0.82958984375,-0.00244140625,440
chr1:g.43619297G>A|cg15086746,PTPRF,0.9599609375,0.96240234375,0.00244140625,441
chr12:g.52433232C>T|cg04918314,KRT75,0.85009765625,0.84765625,-0.00244140625,442
chr7:g.94418513C>G|cg03920522,COL1A2,0.80615234375,0.80859375,0.00244140625,443
chr12:g.120098838G>A|cg02227969,RAB35,0.94775390625,0.9501953125,0.00244140625,444
chr2:g.233450935G>A|cg11612905,DGKD,0.91650390625,0.9189453125,0.00244140625,445
chr7:g.23309516G>C|cg14988239,MALSU1,0.8994140625,0.89697265625,-0.00244140625,446
chr21:g.31671762G>A|cg03524836,SCAF4,0.296142578125,0.298583984375,0.00244140625,447
chr2:g.136115730C>T|cg07784959,CXCR4,0.73681640625,0.734375,-0.00244140625,448
chr6:g.26055880C>T|cg07750111,H1-2,0.049041748046875,0.05145263671875,0.002410888671875,449
chr19:g.55165945T>C|cg12018403,DNAAF3,0.06634521484375,0.06396484375,-0.00238037109375,450
chr10:g.102644815G>A|cg14603406,TRIM8,0.047149658203125,0.049407958984375,0.00225830078125,451
chr12:g.49742250C>G|cg12879423,TMBIM6,0.047149658203125,0.049407958984375,0.00225830078125,452
chr11:g.67429165G>A|cg26457823,RPS6KB2,0.06634521484375,0.064208984375,-0.00213623046875,453
chr12:g.101830636G>A|cg06554542,GNPTAB,0.0457763671875,0.043701171875,-0.0020751953125,454
chr15:g.63277677C>T|cg19574017,APH1B,0.01898193359375,0.0210113525390625,0.0020294189453125,455
chr2:g.191836049T>G|cg02894966,CAVIN2,0.9345703125,0.9326171875,-0.001953125,456
chr7:g.1500350C>T|cg22245752,INTS1,0.9111328125,0.9130859375,0.001953125,457
chr7:g.43878218G>T|cg22153931,URGCP,0.939453125,0.9375,-0.001953125,458
chr15:g.41900921G>C|cg00767886,EHD4,0.9541015625,0.9521484375,-0.001953125,459
chr2:g.159175090A>G|cg15677985,TANC1,0.88818359375,0.89013671875,0.001953125,460
chr7:g.55155942C>A|cg04116217,EGFR,0.943359375,0.9453125,0.001953125,461
chr10:g.102108153G>A|cg09828580,LDB1,0.91650390625,0.91845703125,0.001953125,462
chr22:g.41437040C>T|cg09503194,TOB2,0.90625,0.904296875,-0.001953125,463
chr22:g.26499377G>A|cg00365963,TFIP11,0.94873046875,0.95068359375,0.001953125,464
chr8:g.41696412G>A|cg09897002,ANK1,0.9267578125,0.9287109375,0.001953125,465
chr7:g.2646906C>G|cg02393470,TTYH3,0.88134765625,0.87939453125,-0.001953125,466
chr3:g.183492095C>A|cg12326526,KLHL6,0.955078125,0.953125,-0.001953125,467
chr2:g.70150383G>A|cg14475620,C2orf42,0.91162109375,0.90966796875,-0.001953125,468
chr12:g.9681020T>G|cg19646204,CLEC2D,0.88818359375,0.89013671875,0.001953125,469
chr15:g.84784325G>T|cg02454053,ZNF592,0.916015625,0.91796875,0.001953125,470
chr14:g.23373364C>T|cg07258507,IL25,0.84326171875,0.84521484375,0.001953125,471
chr14:g.99652469C>T|cg26055840,HHIPL1,0.87158203125,0.86962890625,-0.001953125,472
chr19:g.900926G>T|cg05368115,R3HDM4,0.57763671875,0.57568359375,-0.001953125,473
chr19:g.4445606C>G|cg24419436,UBXN6,0.90625,0.908203125,0.001953125,474
chr16:g.3582492C>T|cg02981752,SLX4,0.75634765625,0.75439453125,-0.001953125,475
chr19:g.42225963G>T|cg09605212,ZNF526,0.92626953125,0.92431640625,-0.001953125,476
chr5:g.135008969C>T|cg07335603,CATSPER3,0.89501953125,0.89306640625,-0.001953125,477
chr1:g.236744762C>T|cg15578091,ACTN2,0.95556640625,0.95361328125,-0.001953125,478
chr8:g.143813484G>C|cg18004197,SCRIB,0.69140625,0.689453125,-0.001953125,479
chr8:g.144096617C>T|cg03576425,CYC1,0.7119140625,0.7138671875,0.001953125,480
chr5:g.171456682G>A|cg13396201,FGF18,0.95458984375,0.95263671875,-0.001953125,481
chr5:g.141136316C>T|cg24958687,PCDHB5,0.857421875,0.85546875,-0.001953125,482
chr1:g.227733581G>A|cg00788170,JMJD4,0.728515625,0.7265625,-0.001953125,483
chr9:g.85021323G>C|cg13654445,NTRK2,0.8583984375,0.8603515625,0.001953125,484
chr17:g.64212577C>T|cg15785379,TEX2,0.92578125,0.927734375,0.001953125,485
chr16:g.8796351C>T|cg05869585,TMEM186,0.81103515625,0.80908203125,-0.001953125,486
chr9:g.98708468G>A|cg13570262,GABBR2,0.0809326171875,0.07904052734375,-0.00189208984375,487
chr12:g.54000353C>T|cg25456468,HOXC9,0.023956298828125,0.0258026123046875,0.0018463134765625,488
chr16:g.30585171G>T|cg00966098,ZNF785,0.04345703125,0.045196533203125,0.001739501953125,489
chr17:g.76736996G>A|cg26815021,SRSF2,0.0278472900390625,0.0261993408203125,-0.00164794921875,490
chr5:g.177455157C>T|cg00971676,PRR7,0.0401611328125,0.038604736328125,-0.001556396484375,491
chr14:g.51094229G>A|cg06601633,TRIM9,0.07421875,0.07574462890625,0.00152587890625,492
chr3:g.160565253T>C|cg15062281,KPNA4,0.0374755859375,0.038970947265625,0.001495361328125,493
chr19:g.11236494C>G|cg05718253,DOCK6,0.88232421875,0.880859375,-0.00146484375,494
chr5:g.141388712G>A|cg09570348,PCDHGB4,0.84716796875,0.845703125,-0.00146484375,495
chr19:g.31279298G>A|cg03555203,TSHZ3,0.92724609375,0.92578125,-0.00146484375,496
chr17:g.50606056G>A|cg17319889,CACNA1G,0.830078125,0.82861328125,-0.00146484375,497
chr19:g.14972733G>A|cg06192619,SLC1A6,0.93115234375,0.9296875,-0.00146484375,498
chr19:g.11178623G>T|cg20953257,KANK2,0.82958984375,0.828125,-0.00146484375,499
chr10:g.814793G>A|cg15213732,LARP4B,0.9501953125,0.94873046875,-0.00146484375,500
chr5:g.159316772G>A|cg18060742,IL12B,0.6845703125,0.68603515625,0.00146484375,501
chr20:g.63735481G>T|cg19841423,ZGPAT,0.91845703125,0.919921875,0.00146484375,502
chr3:g.139476406C>T|cg17778120,RBP2,0.89599609375,0.89453125,-0.00146484375,503
chr3:g.98532234G>A|cg19859270,GPR15,0.7919921875,0.79345703125,0.00146484375,504
chr11:g.78676380G>T|cg07233109,TENM4,0.9365234375,0.93798828125,0.00146484375,505
chr11:g.66368601G>C|cg22125754,SLC29A2,0.798828125,0.80029296875,0.00146484375,506
chr2:g.27309931C>T|cg23967616,MPV17,0.85888671875,0.8603515625,0.00146484375,507
chr19:g.45494665C>T|cg19038042,RTN2,0.8681640625,0.86962890625,0.00146484375,508
chr4:g.78446768C>T|cg27328469,FRAS1,0.89892578125,0.900390625,0.00146484375,509
chr19:g.51945539G>A|cg13657593,ZNF613,0.857421875,0.85888671875,0.00146484375,510
chr17:g.1479679G>C|cg26169845,MYO1C,0.9306640625,0.93212890625,0.00146484375,511
chr17:g.10632005G>A|cg11239366,MYH3,0.93603515625,0.9345703125,-0.00146484375,512
chr16:g.4335104C>G|cg16570634,GLIS2,0.921875,0.92333984375,0.00146484375,513
chr19:g.1799951G>T|cg07788437,ATP8B3,0.92431640625,0.92578125,0.00146484375,514
chr17:g.7284294C>T|cg27067158,SLC2A4,0.81005859375,0.8115234375,0.00146484375,515
chr14:g.96241309C>T|cg05050072,BDKRB2,0.9013671875,0.89990234375,-0.00146484375,516
chr14:g.24411385C>G|cg10039281,NYNRIN,0.8232421875,0.82470703125,0.00146484375,517
chr5:g.152392422C>T|cg07429087,NMUR2,0.8720703125,0.87353515625,0.00146484375,518
chr9:g.136506840G>A|cg13537499,NOTCH1,0.90283203125,0.9013671875,-0.00146484375,519
chr8:g.122952068C>T|cg08789073,ZHX2,0.94775390625,0.9462890625,-0.00146484375,520
chr9:g.18775844G>A|cg06294856,ADAMTSL1,0.73828125,0.73974609375,0.00146484375,521
chr8:g.98212433C>G|cg01566999,NIPAL2,0.77197265625,0.7705078125,-0.00146484375,522
chr9:g.70537207C>T|cg14170392,TRPM3,0.93017578125,0.931640625,0.00146484375,523
chr5:g.180899355A>G|cg03723845,BTNL8,0.91162109375,0.9130859375,0.00146484375,524
chr11:g.76661470G>C|cg09418673,LRRC32,0.8232421875,0.82470703125,0.00146484375,525
chr12:g.51497064C>G|cg21422475,SLC4A8,0.86669921875,0.8681640625,0.00146484375,526
chr12:g.7689986A>G|cg18607010,GDF3,0.896484375,0.89501953125,-0.00146484375,527
chr12:g.131939241C>T|cg14510688,PUS1,0.9072265625,0.90869140625,0.00146484375,528
chr12:g.121229022C>G|cg08409335,P2RX4,0.92578125,0.92724609375,0.00146484375,529
chr7:g.100607803G>A|cg14047091,PCOLCE,0.88525390625,0.8837890625,-0.00146484375,530
chr11:g.117191990C>G|cg10040495,SIDT2,0.919921875,0.92138671875,0.00146484375,531
chr7:g.1487927C>T|cg23689004,INTS1,0.9091796875,0.90771484375,-0.00146484375,532
chr2:g.235930772C>A|cg03447424,AGAP1,0.93212890625,0.9306640625,-0.00146484375,533
chr7:g.152121587G>A|cg19231743,GALNT11,0.923828125,0.92529296875,0.00146484375,534
chr22:g.49884259C>T|cg05080787,ZBED4,0.939453125,0.94091796875,0.00146484375,535
chr22:g.50177606G>A|cg06357843,PANX2,0.8076171875,0.80615234375,-0.00146484375,536
chr22:g.49884145G>A|cg05080787,ZBED4,0.939453125,0.94091796875,0.00146484375,537
chr11:g.47848229G>C|cg02577203,NUP160,0.0274810791015625,0.0289306640625,0.0014495849609375,538
chr17:g.28725373G>A|cg09479241,TLCD1,0.05419921875,0.05560302734375,0.00140380859375,539
chr10:g.7818760C>A|cg04234156,TAF3,0.048492431640625,0.047149658203125,-0.0013427734375,540
chr17:g.7220827C>T|cg19217955,ACADVL,0.07208251953125,0.07330322265625,0.001220703125,541
chr22:g.36816985C>G|cg25625146,PVALB,0.050048828125,0.05126953125,0.001220703125,542
chr19:g.54201277G>T|cg22155111,RPS9,0.03326416015625,0.034423828125,0.00115966796875,543
chr4:g.80267097C>G|cg11580948,FGF5,0.0966796875,0.09771728515625,0.00103759765625,544
chr9:g.127894560G>C|cg14168002,ST6GALNAC6,0.93212890625,0.93310546875,0.0009765625,545
chr1:g.160213258G>A|cg23208909,PEA15,0.6591796875,0.658203125,-0.0009765625,546
chr1:g.202123503C>G|cg16257215,GPR37L1,0.43603515625,0.43505859375,-0.0009765625,547
chr8:g.143810740G>A|cg27246991,SCRIB,0.9326171875,0.93359375,0.0009765625,548
chr21:g.30215821G>A|cg04052038,CLDN8,0.75390625,0.7548828125,0.0009765625,549
chr21:g.46125789G>A|cg12329404,COL6A2,0.92919921875,0.93017578125,0.0009765625,550
chr22:g.46289513C>T|cg04392554,TTC38,0.90966796875,0.91064453125,0.0009765625,551
chr22:g.37375094G>A|cg01403811,ELFN2,0.92529296875,0.92431640625,-0.0009765625,552
chr2:g.132417639C>T|cg13954965,GPR39,0.873046875,0.8740234375,0.0009765625,553
chr2:g.120951351C>T|cg12928622,GLI2,0.8984375,0.8974609375,-0.0009765625,554
chr2:g.177230932G>C|cg13344867,NFE2L2,0.91015625,0.9091796875,-0.0009765625,555
chr2:g.228018157G>T|cg09505145,SPHKAP,0.94775390625,0.94873046875,0.0009765625,556
chr3:g.49012281G>A|cg15559979,WDR6,0.86279296875,0.86181640625,-0.0009765625,557
chr20:g.63566068G>C|cg00599914,HELZ2,0.869140625,0.8681640625,-0.0009765625,558
chr3:g.141778644G>A|cg27638148,GRK7,0.9189453125,0.919921875,0.0009765625,559
chr16:g.49635849G>A|cg00205786,ZNF423,0.93017578125,0.93115234375,0.0009765625,560
chr5:g.170378857C>T|cg16425489,KCNMB1,0.8818359375,0.8828125,0.0009765625,561
chr17:g.82085049G>A|cg01565083,FASN,0.90185546875,0.90283203125,0.0009765625,562
chr17:g.70175732C>T|cg12204395,KCNJ2,0.91650390625,0.91552734375,-0.0009765625,563
chr17:g.57120312C>T|cg26749844,AKAP1,0.91064453125,0.91162109375,0.0009765625,564
chr17:g.50170292G>A|cg26501664,SGCA,0.8447265625,0.845703125,0.0009765625,565
chr17:g.50170235G>A|cg26501664,SGCA,0.8447265625,0.84375,-0.0009765625,566
chr17:g.78993577C>A|cg16337457,CANT1,0.94873046875,0.94970703125,0.0009765625,567
chr17:g.1010754G>C|cg17780682,ABR,0.93310546875,0.93212890625,-0.0009765625,568
chr16:g.30583151G>A|cg08103107,ZNF785,0.92724609375,0.92626953125,-0.0009765625,569
chr16:g.30783209C>T|cg09928813,ZNF629,0.94189453125,0.94287109375,0.0009765625,570
chr19:g.3638914C>T|cg03540494,PIP5K1C,0.91455078125,0.91357421875,-0.0009765625,571
chr19:g.1073549C>T|cg06679209,ARHGAP45,0.87353515625,0.87451171875,0.0009765625,572
chr2:g.10058928C>T|cg00283742,CYS1,0.95166015625,0.95068359375,-0.0009765625,573
chr2:g.37274581A>G|cg09697978,PRKD3,0.927734375,0.9287109375,0.0009765625,574
chr2:g.37274608G>T|cg09697978,PRKD3,0.927734375,0.9267578125,-0.0009765625,575
chr5:g.34043039C>T|cg03934354,C1QTNF3,0.845703125,0.8447265625,-0.0009765625,576
chr11:g.126292931C>T|cg21117426,TIRAP,0.91748046875,0.91650390625,-0.0009765625,577
chr6:g.169248813G>A|cg16806245,THBS2,0.93994140625,0.93896484375,-0.0009765625,578
chr11:g.57546641C>T|cg10280756,SMTNL1,0.83447265625,0.83349609375,-0.0009765625,579
chr8:g.42180672C>G|cg01419713,PLAT,0.92138671875,0.92236328125,0.0009765625,580
chr10:g.104314999C>T|cg03588966,ITPRIP,0.939453125,0.9384765625,-0.0009765625,581
chr11:g.2847967G>C|cg07464423,KCNQ1,0.84521484375,0.84423828125,-0.0009765625,582
chr11:g.65617286C>G|cg22712403,PCNX3,0.70556640625,0.70654296875,0.0009765625,583
chr12:g.56131078G>A|cg02268674,ESYT1,0.83740234375,0.83837890625,0.0009765625,584
chr14:g.103337214C>G|cg05340482,EIF5,0.8935546875,0.892578125,-0.0009765625,585
chr12:g.117330785G>A|cg11854928,NOS1,0.9248046875,0.923828125,-0.0009765625,586
chr7:g.107474408T>C|cg24648061,GPR22,0.880859375,0.8798828125,-0.0009765625,587
chr7:g.149104740C>T|cg24392299,ZNF425,0.904296875,0.9033203125,-0.0009765625,588
chr9:g.135822714A>T|cg14020379,CAMSAP1,0.9384765625,0.9375,-0.0009765625,589
chr1:g.21847812G>A|cg02459271,HSPG2,0.9462890625,0.9453125,-0.0009765625,590
chr1:g.26346316C>T|cg00830850,CRYBG2,0.88330078125,0.88427734375,0.0009765625,591
chr1:g.248099903C>T|cg16717532,OR2L13,0.8779296875,0.87890625,0.0009765625,592
chr6:g.33286842G>C|cg10629123,WDR46,0.9189453125,0.91796875,-0.0009765625,593
chr6:g.47253397G>A|cg16901727,TNFRSF21,0.9560546875,0.955078125,-0.0009765625,594
chr12:g.7128270G>A|cg14672128,RBP5,0.8662109375,0.865234375,-0.0009765625,595
chr15:g.75676390C>T|cg00683665,CSPG4,0.93310546875,0.93408203125,0.0009765625,596
chr6:g.75151966G>T|cg25290482,COL12A1,0.92822265625,0.92919921875,0.0009765625,597
chr16:g.2281099C>T|cg02124920,ABCA3,0.80419921875,0.80322265625,-0.0009765625,598
chr11:g.76861057G>C|cg21166317,ACER3,0.028594970703125,0.029541015625,0.000946044921875,599
chr1:g.145996261C>A|cg10713626,TXNIP,0.05389404296875,0.0548095703125,0.00091552734375,600
chr9:g.83956171G>A|cg12975295,C9orf64,0.060089111328125,0.0592041015625,-0.000885009765625,601
chr13:g.44575877C>A|cg18028711,TSC22D1,0.0299835205078125,0.030853271484375,0.0008697509765625,602
chr1:g.202349083C>T|cg08990198,PPP1R12B,0.03192138671875,0.03271484375,0.00079345703125,603
chr9:g.19379496T>C|cg01331992,RPS6,0.1668701171875,0.1676025390625,0.000732421875,604
chr17:g.58279384G>A|cg08058156,MPO,0.160400390625,0.1611328125,0.000732421875,605
chr7:g.30504617G>A|cg05142115,GGCT,0.034881591796875,0.035552978515625,0.00067138671875,606
chr3:g.185586497G>A|cg02872623,SENP2,0.03143310546875,0.030792236328125,-0.000640869140625,607
chr19:g.12792650C>T|cg23443660,JUNB,0.046112060546875,0.046722412109375,0.0006103515625,608
chr6:g.33200447G>A|cg18144707,RXRB,0.041229248046875,0.040618896484375,-0.0006103515625,609
chr10:g.12069090C>G|cg14461963,DHTKD1,0.033843994140625,0.034423828125,0.000579833984375,610
chr2:g.213284519G>C|cg24664861,SPAG16,0.0310211181640625,0.0304412841796875,-0.000579833984375,611
chr4:g.48341832G>A|cg13323912,SLAIN2,0.01953125,0.01898193359375,-0.00054931640625,612
chr8:g.38176288G>A|cg27087572,LSM1,0.0271148681640625,0.0276336669921875,0.000518798828125,613
chr17:g.1480545G>A|cg13049862,MYO1C,0.84912109375,0.849609375,0.00048828125,614
chr16:g.72098961C>T|cg16558253,DHX38,0.93701171875,0.9375,0.00048828125,615
chr16:g.50310770G>A|cg06490627,ADCY7,0.76318359375,0.7626953125,-0.00048828125,616
chr16:g.23087175G>A|cg08340023,USP31,0.90869140625,0.908203125,-0.00048828125,617
chr19:g.48626010C>T|cg19429827,SPHK2,0.931640625,0.93212890625,0.00048828125,618
chr19:g.48282400G>A|cg00843019,ZNF114,0.791015625,0.79150390625,0.00048828125,619
chr19:g.35673255C>G|cg21289919,UPK1A,0.4892578125,0.48876953125,-0.00048828125,620
chr17:g.59211350G>A|cg18145340,SMG8,0.77392578125,0.7744140625,0.00048828125,621
chr16:g.88826776C>G|cg03381007,GALNS,0.76953125,0.76904296875,-0.00048828125,622
chr5:g.53886606C>T|cg24663090,ARL15,0.919921875,0.91943359375,-0.00048828125,623
chr5:g.38949849C>T|cg07148370,RICTOR,0.92431640625,0.9248046875,0.00048828125,624
chr5:g.55133512G>C|cg16506432,CDC20B,0.89404296875,0.8935546875,-0.00048828125,625
chr4:g.139511684G>A|cg24475272,SETD7,0.908203125,0.90771484375,-0.00048828125,626
chr2:g.88091035C>T|cg18115724,SMYD1,0.9033203125,0.90283203125,-0.00048828125,627
chr15:g.90067857C>G|cg22460443,ZNF710,0.90771484375,0.9072265625,-0.00048828125,628
chr6:g.132734486C>A|cg22825487,VNN3,0.86181640625,0.861328125,-0.00048828125,629
chr14:g.22987392C>T|cg04789056,C14orf93,0.78271484375,0.783203125,0.00048828125,630
chr13:g.85796263A>G|cg16103732,SLITRK6,0.9013671875,0.90087890625,-0.00048828125,631
chr8:g.10726080G>A|cg05938889,SOX7,0.91455078125,0.9140625,-0.00048828125,632
chr1:g.205770789G>A|cg05364141,RAB29,0.931640625,0.93115234375,-0.00048828125,633
chr7:g.90604237C>T|cg06008531,CDK14,0.80712890625,0.806640625,-0.00048828125,634
chr12:g.13563485C>G|cg14351692,GRIN2B,0.92626953125,0.9267578125,0.00048828125,635
chr11:g.94799670G>A|cg11429960,AMOTL1,0.93212890625,0.9326171875,0.00048828125,636
chr7:g.48279750C>T|cg10626169,ABCA13,0.75244140625,0.7529296875,0.00048828125,637
chr8:g.31031922C>T|cg12672713,PURG,0.80908203125,0.8095703125,0.00048828125,638
chr8:g.27987586G>A|cg24037389,SCARA5,0.8642578125,0.86376953125,-0.00048828125,639
chr8:g.41265320G>A|cg16667459,SFRP1,0.91650390625,0.916015625,-0.00048828125,640
chr14:g.89412237G>A|cg10976706,FOXN3,0.92578125,0.92626953125,0.00048828125,641
chr8:g.65841380C>T|cg06195829,PDE7A,0.035552978515625,0.035064697265625,-0.00048828125,642
chr11:g.67502566C>T|cg10122252,PITPNM1,0.9609375,0.96142578125,0.00048828125,643
chr13:g.51771287G>A|cg07285641,DHRS12,0.84423828125,0.84375,-0.00048828125,644
chr6:g.10398698A>G|cg08401657,TFAP2A,0.748046875,0.74853515625,0.00048828125,645
chr5:g.131988132G>A|cg24786495,ACSL6,0.89013671875,0.890625,0.00048828125,646
chr19:g.9160218G>A|cg01914743,ZNF317,0.943359375,0.94384765625,0.00048828125,647
chr19:g.810754C>A|cg17821750,PTBP1,0.923828125,0.92333984375,-0.00048828125,648
chr19:g.40389540G>C|cg06933064,HIPK4,0.9501953125,0.94970703125,-0.00048828125,649
chr19:g.37669336G>C|cg24851318,ZNF781,0.9072265625,0.90771484375,0.00048828125,650
chr19:g.37669729C>T|cg24851318,ZNF781,0.9072265625,0.90771484375,0.00048828125,651
chr19:g.3813857G>C|cg10214132,ZFR2,0.8291015625,0.82861328125,-0.00048828125,652
chr19:g.12706250G>C|cg08258350,TNPO2,0.91259765625,0.9130859375,0.00048828125,653
chr4:g.3233330C>T|cg06609182,HTT,0.916015625,0.91552734375,-0.00048828125,654
chr4:g.186707944T>A|cg08100122,FAT1,0.92822265625,0.927734375,-0.00048828125,655
chr4:g.15442469T>A|cg03672066,C1QTNF7,0.9169921875,0.91650390625,-0.00048828125,656
chr2:g.237371793G>T|cg17725364,COL6A3,0.95654296875,0.9560546875,-0.00048828125,657
chr20:g.49270996G>A|cg06122230,ZNFX1,0.91015625,0.90966796875,-0.00048828125,658
chr3:g.50355466T>C|cg18354370,TMEM115,0.828125,0.82763671875,-0.00048828125,659
chr3:g.119660073C>T|cg09411212,POPDC2,0.83251953125,0.83203125,-0.00048828125,660
chr3:g.52690608G>A|cg00447581,GNL3,0.92333984375,0.9228515625,-0.00048828125,661
chr20:g.4699925C>T|cg23362473,PRNP,0.9189453125,0.91845703125,-0.00048828125,662
chr2:g.197408427C>G|cg11988203,SF3B1,0.921875,0.92138671875,-0.00048828125,663
chr20:g.18316702C>G|cg16549153,ZNF133,0.90234375,0.90283203125,0.00048828125,664
chr21:g.41836116G>A|cg08073527,PRDM15,0.943359375,0.94287109375,-0.00048828125,665
chr22:g.46258469G>A|cg19805062,PKDREJ,0.841796875,0.84130859375,-0.00048828125,666
chr1:g.34761653G>C|cg13963693,GJB4,0.94482421875,0.9453125,0.00048828125,667
chr9:g.133256029G>A|cg14639822,ABO,0.9384765625,0.93896484375,0.00048828125,668
chr3:g.52529249G>T|cg14886990,NT5DC2,0.79736328125,0.796875,-0.00048828125,669
chr22:g.46534699G>A|cg07223632,CELSR1,0.9189453125,0.91943359375,0.00048828125,670
chr1:g.92836195C>G|cg08661164,RPL5,0.890625,0.89013671875,-0.00048828125,671
chr9:g.35869721C>T|cg14276698,OR13J1,0.83935546875,0.8388671875,-0.00048828125,672
chr1:g.241635374G>A|cg17461214,CHML,0.8828125,0.88232421875,-0.00048828125,673
chr7:g.151049344T>A|cg11262093,ASIC3,0.93896484375,0.9384765625,-0.00048828125,674
chr1:g.1544993C>T|cg03941625,SSU72,0.884765625,0.88427734375,-0.00048828125,675
chr1:g.15660969T>C|cg15998773,RSC1A1,0.91796875,0.91845703125,0.00048828125,676
chr1:g.228321541C>T|cg08794084,OBSCN,0.8720703125,0.87158203125,-0.00048828125,677
chr1:g.22600969C>A|cg20991983,EPHA8,0.884765625,0.88525390625,0.00048828125,678
chr6:g.47286542G>A|cg11209008,TNFRSF21,0.91552734375,0.916015625,0.00048828125,679
chr16:g.27749939C>G|cg03245155,KATNIP,0.93701171875,0.9375,0.00048828125,680
chr15:g.74175356C>T|cg16926502,ISLR,0.90576171875,0.9052734375,-0.00048828125,681
chr13:g.106567653C>T|cg20524972,ARGLU1,0.0169219970703125,0.0173797607421875,0.000457763671875,682
chr10:g.111079229C>T|cg05329352,ADRA2A,0.051666259765625,0.0521240234375,0.000457763671875,683
chr15:g.45403363C>A|cg05785653,SPATA5L1,0.047332763671875,0.046905517578125,-0.00042724609375,684
chr20:g.35542892A>G|cg08632001,ERGIC3,0.0401611328125,0.039794921875,-0.0003662109375,685
chr12:g.57475607C>T|cg05584759,ARHGAP9,0.04400634765625,0.043701171875,-0.00030517578125,686
chr9:g.6015410C>T|cg08689940,RANBP6,0.060211181640625,0.060516357421875,0.00030517578125,687
chr21:g.28992794C>T|cg08249556,LTN1,0.0217437744140625,0.02203369140625,0.0002899169921875,688
chr5:g.132866923G>A|cg05040447,UQCRQ,0.0192413330078125,0.01953125,0.0002899169921875,689
chr8:g.108443664G>T|cg08258788,EMC2,0.0248870849609375,0.0246124267578125,-0.000274658203125,690
chr19:g.35141166C>T|cg10351808,FXYD1,0.042572021484375,0.042816162109375,0.000244140625,691
chr1:g.100539143C>T|cg16007456,GPR88,0.08154296875,0.081787109375,0.000244140625,692
chr11:g.125626790G>A|cg00554702,CHEK1,0.05059814453125,0.050811767578125,0.000213623046875,693
chr5:g.100902905C>T|cg13320626,ST8SIA4,0.047088623046875,0.046905517578125,-0.00018310546875,694
chr16:g.727584G>T|cg02574319,HAGHL,0.03271484375,0.03289794921875,0.00018310546875,695
chr6:g.27810226G>A|cg15410276,H3C10,0.05126953125,0.05145263671875,0.00018310546875,696
chr17:g.1109063C>T|cg01555791,ABR,0.03948974609375,0.039642333984375,0.000152587890625,697
chr7:g.74174395C>T|cg06739182,EIF4H,0.0209197998046875,0.0207672119140625,-0.000152587890625,698
chr16:g.57984764C>T|cg07844931,TEPP,0.0234222412109375,0.023284912109375,-0.0001373291015625,699
chr20:g.17970015C>T|cg26273886,MGME1,0.1822509765625,0.182373046875,0.0001220703125,700
chr16:g.23710991G>A|cg05532980,ERN2,0.89892578125,0.89892578125,0.0,701
chr17:g.2324241C>T|cg22556056,TSR1,0.91455078125,0.91455078125,0.0,702
chr2:g.190998253G>C|cg20173260,STAT1,0.93115234375,0.93115234375,0.0,703
chr2:g.190962956C>T|cg24607686,GLS,0.9091796875,0.9091796875,0.0,704
chr3:g.25720045T>G|cg12469257,NGLY1,0.8896484375,0.8896484375,0.0,705
chr9:g.99069811G>A|cg14424210,COL15A1,0.953125,0.953125,0.0,706
chr16:g.67378687G>A|cg02210621,LRRC36,0.90576171875,0.90576171875,0.0,707
chr16:g.72796733G>A|cg04101363,ZFHX3,0.9384765625,0.9384765625,0.0,708
chr16:g.89737822C>T|cg02099410,ZNF276,0.93408203125,0.93408203125,0.0,709
chr5:g.160349684G>A|cg00549609,C1QTNF2,0.912109375,0.912109375,0.0,710
chr5:g.138345517G>A|cg01099252,FAM53C,0.94921875,0.94921875,0.0,711
chr17:g.69314364G>A|cg07372195,ABCA5,0.92529296875,0.92529296875,0.0,712
chr19:g.57455917C>T|cg08023175,VN1R1,0.880859375,0.880859375,0.0,713
chr2:g.48581437C>T|cg25061755,STON1,0.8466796875,0.8466796875,0.0,714
chr2:g.24079462C>G|cg10884103,TP53I3,0.91455078125,0.91455078125,0.0,715
chr2:g.33134839C>T|cg14102437,LTBP1,0.10760498046875,0.10760498046875,0.0,716
chr19:g.12663773C>T|cg12085704,MAN2B1,0.9140625,0.9140625,0.0,717
chr9:g.119167408G>A|cg13603112,BRINP1,0.94482421875,0.94482421875,0.0,718
chr8:g.116755669G>A|cg02735071,EIF3H,0.039794921875,0.039794921875,0.0,719
chr1:g.110604093G>A|cg02076848,KCNA2,0.9560546875,0.9560546875,0.0,720
chr3:g.187236347C>A|cg04126095,MASP1,0.93115234375,0.93115234375,0.0,721
chr3:g.170084314G>C|cg19939732,GPR160,0.9091796875,0.9091796875,0.0,722
chr3:g.155853587G>A|cg21538020,SLC33A1,0.0521240234375,0.0521240234375,0.0,723
chr22:g.37207471G>A|cg07002295,SSTR3,0.9150390625,0.9150390625,0.0,724
chr3:g.119227025G>C|cg13527974,B4GALT4,0.9404296875,0.9404296875,0.0,725
chr3:g.141443168G>A|cg03582793,ZBTB38,0.9140625,0.9140625,0.0,726
chr3:g.50182954G>A|cg19929403,SEMA3F,0.92822265625,0.92822265625,0.0,727
chr3:g.45759911C>G|cg09251680,SLC6A20,0.91357421875,0.91357421875,0.0,728
chr20:g.3234770G>C|cg21907993,SLC4A11,0.96044921875,0.96044921875,0.0,729
chr20:g.62330600G>A|cg01847620,LAMA5,0.943359375,0.943359375,0.0,730
chr2:g.233693151C>A|cg23874600,UGT1A6,0.8935546875,0.8935546875,0.0,731
chr2:g.241210521C>T|cg19838074,ANO7,0.92822265625,0.92822265625,0.0,732
chr2:g.206176528G>A|cg23627076,GPR1,0.87890625,0.87890625,0.0,733
chr2:g.178722127C>T|cg20701897,TTN,0.923828125,0.923828125,0.0,734
chr12:g.67657270G>A|cg12694689,DYRK2,0.9609375,0.9609375,0.0,735
chr15:g.74176028C>G|cg09664357,ISLR,0.87451171875,0.87451171875,0.0,736
chr11:g.57659635G>A|cg14746813,CLP1,0.92822265625,0.92822265625,0.0,737
chr11:g.12162260C>G|cg07706558,MICAL2,0.89697265625,0.89697265625,0.0,738
chr11:g.499131G>C|cg15210314,RNH1,0.9091796875,0.9091796875,0.0,739
chr11:g.65131489G>C|cg05300538,SYVN1,0.83740234375,0.83740234375,0.0,740
chr11:g.792901C>T|cg19262958,SLC25A22,0.91748046875,0.91748046875,0.0,741
chr7:g.37740441G>A|cg24995381,GPR141,0.923828125,0.923828125,0.0,742
chr11:g.119342680C>T|cg21504757,MFRP,0.8662109375,0.8662109375,0.0,743
chr11:g.116957017C>T|cg19006628,SIK3,0.9150390625,0.9150390625,0.0,744
chr7:g.44113961C>G|cg26645494,AEBP1,0.953125,0.953125,0.0,745
chr7:g.93132140G>A|cg11214047,SAMD9L,0.87890625,0.87890625,0.0,746
chr16:g.15047865C>T|cg08371685,NTAN1,0.916015625,0.916015625,0.0,747
chr15:g.74195374G>A|cg10085741,STRA6,0.87646484375,0.87646484375,0.0,748
chr14:g.22845320A>G|cg04219048,MMP14,0.7578125,0.7578125,0.0,749
chr15:g.22916598G>A|cg13051607,CYFIP1,0.939453125,0.939453125,0.0,750
chr15:g.22823780C>T|cg15159661,NIPA1,0.91259765625,0.91259765625,0.0,751
chr10:g.75029366G>A|cg05791881,KAT6B,0.9521484375,0.9521484375,0.0,752
chr9:g.135503839C>G|cg13958495,MRPS2,0.873046875,0.873046875,0.0,753
chr10:g.73498662G>A|cg08971769,USP54,0.91552734375,0.91552734375,0.0,754
chr10:g.73801426G>A|cg17694069,ZSWIM8,0.896484375,0.896484375,0.0,755
chr9:g.135822618C>A|cg14020379,CAMSAP1,0.9384765625,0.9384765625,0.0,756
chr1:g.22576513G>A|cg23242509,EPHA8,0.94189453125,0.94189453125,0.0,757
