Variant_UID,Gene,Mutation_Window_Index_0based,RC_Mutation_Window_Index_0based,Deterministic_Delta_Beta,RC_Delta_Beta,Deterministic_Absolute_Rank,RC_Absolute_Rank,Sign_Retained,Absolute_Delta_Ratio_RC_to_Original
chr8:g.10428264C>T|cg14264678,MSRA,30,969,0.24267578125,-0.00830078125,1,249,False,0.03420523138832998
chr7:g.50543912G>A|cg05346287,DDC,225,774,-0.181640625,-0.00341796875,2,384,True,0.01881720430107527
chr1:g.6128067C>T|cg12135344,CHD5,506,493,-0.16064453125,0.0126953125,3,161,False,0.0790273556231003
chr19:g.4048232C>T|cg21206277,ZBTB7A,654,345,-0.125,-0.0185546875,4,95,True,0.1484375
chr3:g.122922265G>A|cg10783060,SEMA5B,467,532,-0.108154296875,0.0146484375,5,139,False,0.13544018058690746
chr8:g.31032390C>T|cg02006610,PURG,687,312,-0.10400390625,-0.00146484375,6,552,True,0.014084507042253521
chr1:g.27551615G>A|cg23931121,AHDC1,531,468,-0.10205078125,-0.0126953125,7,158,True,0.12440191387559808
chr11:g.64207400C>T|cg20136100,FERMT3,511,488,-0.095703125,-0.00244140625,8,440,True,0.025510204081632654
chr9:g.122226983C>T|cg21213617,LHX6,520,479,0.083251953125,-0.07275390625,9,13,False,0.873900293255132
chr11:g.64297154C>T|cg13881637,KCNK4,398,601,0.08251953125,-0.0107421875,10,197,False,0.1301775147928994
chr16:g.67163040G>A|cg03456938,FBXL8,358,641,0.08056640625,-0.00299072265625,11,406,False,0.037121212121212124
chr19:g.32980029G>A|cg22062383,RHPN2,582,417,0.07666015625,0.0048828125,12,318,True,0.06369426751592357
chr12:g.57225741C>T|cg05441768,NXPH4,622,377,0.07177734375,0.052001953125,13,25,True,0.7244897959183674
chr22:g.50312184G>A|cg22016859,DENND6B,563,436,-0.06884765625,-0.03271484375,14,54,True,0.475177304964539
chr19:g.4054876C>T|cg27301596,ZBTB7A,611,388,-0.0634765625,-0.00201416015625,15,459,True,0.03173076923076923
chr10:g.101829188C>T|cg04368939,KCNIP2,530,469,-0.0634765625,-0.013671875,16,148,True,0.2153846153846154
chr20:g.58854229C>G|cg21988465,GNAS,506,493,0.0625,0.0006103515625,17,620,True,0.009765625
chr7:g.140425917C>T|cg16106080,RAB19,199,800,0.06201171875,0.01025390625,18,204,True,0.16535433070866143
chr17:g.50479754G>A|cg06900229,RSAD1,686,313,-0.057373046875,-0.0074462890625,19,261,True,0.12978723404255318
chr1:g.13782466C>G|cg27544405,PRDM2,485,514,0.054931640625,-0.01708984375,20,108,False,0.3111111111111111
chr13:g.36125982G>A|cg16766613,DCLK1,418,581,0.0546875,0.01220703125,21,172,True,0.22321428571428573
chr12:g.130163956C>T|cg22347212,FZD10,481,518,0.05322265625,0.00146484375,22,538,True,0.027522935779816515
chr1:g.154869641G>A|cg01963297,KCNN3,636,363,0.052734375,-0.0029296875,23,409,False,0.05555555555555555
chr20:g.885235C>T|cg15229481,ANGPT4,548,451,0.0517578125,-0.04833984375,24,30,False,0.9339622641509434
chr13:g.113326000C>T|cg26133126,GRTP1,471,528,-0.05126953125,0.001953125,25,493,False,0.0380952380952381
chr5:g.181234694C>T|cg08956008,TRIM41,658,341,-0.04931640625,-0.02685546875,26,64,True,0.5445544554455446
chr2:g.127559734C>T|cg14302612,MYO7B,638,361,-0.04931640625,-0.0029296875,27,419,True,0.0594059405940594
chr16:g.66922316G>A|cg15482422,RRAD,478,521,-0.04833984375,-0.00341796875,28,395,True,0.0707070707070707
chr9:g.133206381C>T|cg14600041,OBP2B,688,311,0.0478515625,0.037109375,29,41,True,0.7755102040816326
chr5:g.141173516C>T|cg01228941,PCDHB7,505,494,0.046630859375,-0.00390625,30,368,False,0.08376963350785341
chr19:g.53892569G>A|cg08391709,PRKCG,501,498,-0.0458984375,0.019287109375,31,90,False,0.42021276595744683
chr10:g.99330752G>A|cg15019541,CNNM1,537,462,-0.0458984375,-0.04052734375,32,35,True,0.8829787234042553
chr3:g.123734093C>T|cg17787502,MYLK,445,554,0.04345703125,-0.01171875,33,183,False,0.2696629213483146
chr6:g.100449390G>A|cg26099134,SIM1,456,543,0.04296875,0.053466796875,34,24,True,1.2443181818181819
chr11:g.66592365G>A|cg20158826,CCDC87,846,153,0.0419921875,-0.00732421875,35,263,False,0.1744186046511628
chr18:g.60372131C>T|cg02037013,MC4R,333,666,0.0419921875,0.0146484375,36,135,True,0.3488372093023256
chr2:g.65344845G>T|cg07588875,SPRED2,530,469,-0.04150390625,0.0107421875,37,193,False,0.25882352941176473
chr12:g.120766278C>T|cg02419362,SPPL3,632,367,0.04150390625,-0.014404296875,38,142,False,0.34705882352941175
chr17:g.58279879C>T|cg02668773,MPO,776,223,0.04150390625,0.00244140625,39,448,True,0.058823529411764705
chr4:g.133152765C>T|cg06667761,PCDH10,792,207,-0.039794921875,-0.015625,40,121,True,0.39263803680981596
chr19:g.3575620G>A|cg13437146,HMG20B,579,420,0.0380859375,0.0009765625,41,591,True,0.02564102564102564
chr6:g.107069202C>T|cg14658630,BEND3,483,516,-0.037109375,0.15087890625,42,4,False,4.065789473684211
chr17:g.65902182T>C|cg21388553,CEP112,441,558,0.037109375,0.0,43,715,False,0.0
chr16:g.67395027C>G|cg13973436,ZDHHC1,531,468,-0.03662109375,0.01165771484375,44,186,False,0.31833333333333336
chr3:g.48990898C>G|cg09610987,P4HTM,552,447,-0.03570556640625,0.000732421875,45,617,False,0.020512820512820513
chr5:g.33936923G>A|cg02305687,RXFP3,345,654,0.03515625,0.00341796875,46,393,True,0.09722222222222222
chr2:g.127590136C>T|cg23898305,MYO7B,309,690,-0.03515625,-0.00341796875,47,383,True,0.09722222222222222
chr10:g.116979301G>A|cg13467135,SHTN1,255,744,0.03466796875,-0.0048828125,48,327,False,0.14084507042253522
chr19:g.5914680G>A|cg16992787,CAPS,521,478,0.03271484375,0.001953125,49,476,True,0.05970149253731343
chr19:g.7934224G>A|cg17682949,TIMM44,515,484,-0.0322265625,-0.0087890625,50,233,True,0.2727272727272727
chr15:g.45114644G>A|cg02550961,DUOXA2,475,524,-0.0322265625,0.050537109375,51,28,False,1.5681818181818181
chr4:g.41260715C>T|cg09270434,UCHL1,773,226,0.0322265625,-0.01171875,52,180,False,0.36363636363636365
chr12:g.121509621C>T|cg20395646,KDM2B,490,509,-0.03173828125,0.0029296875,53,418,False,0.09230769230769231
chr11:g.57301894T>C|cg11414415,TNKS1BP1,227,772,0.03076171875,0.00244140625,54,434,True,0.07936507936507936
chr7:g.27108443G>A|cg19048532,HOXA3,559,440,0.0306396484375,-0.00634765625,55,288,False,0.20717131474103587
chr17:g.80221704G>A|cg07675682,SLC26A11,487,512,-0.0302734375,-0.001953125,56,477,True,0.06451612903225806
chr17:g.80344012G>A|cg22194904,RNF213,480,519,-0.0302734375,0.0009765625,57,588,False,0.03225806451612903
chr2:g.157443877C>T|cg12177677,CYTIP,413,586,0.0302734375,-0.0009765625,58,566,False,0.03225806451612903
chr1:g.240123297C>T|cg00816406,FMN2,470,529,-0.030029296875,-0.01513671875,59,132,True,0.5040650406504065
chr17:g.81282258C>T|cg00248875,SLC38A10,413,586,-0.02978515625,-0.00146484375,60,522,True,0.04918032786885246
chr7:g.99394113T>C|cg22729543,ARPC1B,817,182,0.029296875,0.01416015625,61,146,True,0.48333333333333334
chr19:g.17376980C>A|cg18102633,PLVAP,512,487,-0.029296875,-0.017578125,62,106,True,0.6
chr10:g.48451013G>A|cg16696043,ARHGAP22,627,372,0.029296875,0.026611328125,63,66,True,0.9083333333333333
chr11:g.315068C>G|cg23570810,IFITM1,465,534,0.02880859375,-0.0009765625,64,605,False,0.03389830508474576
chr1:g.230249239G>A|cg03961853,GALNT2,495,504,-0.0283203125,-0.0009765625,65,602,True,0.034482758620689655
chr3:g.52372956G>A|cg14092988,DNAH1,390,609,-0.02783203125,-0.004638671875,66,331,True,0.16666666666666666
chr8:g.66127283G>A|cg04145765,TRIM55,556,443,0.02685546875,-0.00830078125,67,248,False,0.3090909090909091
chr15:g.40368662C>T|cg27072603,DISP2,372,627,0.02685546875,0.0048828125,68,315,True,0.18181818181818182
chr10:g.92692378A>C|cg03330490,HHEX,398,601,-0.026611328125,0.173828125,69,3,False,6.532110091743119
chr1:g.203483487G>A|cg20961782,PRELP,417,582,-0.0263671875,-0.0302734375,70,59,True,1.1481481481481481
chr12:g.112869775G>A|cg02305353,RPH3A,331,668,0.0263671875,-0.0078125,71,258,False,0.2962962962962963
chr2:g.174571878C>T|cg16707641,WIPF1,475,524,0.02587890625,0.14093017578125,72,5,True,5.445754716981132
chr14:g.103132761G>A|cg08301307,TNFAIP2,393,606,-0.025390625,-0.0234375,73,77,True,0.9230769230769231
chr17:g.7447082C>T|cg19440264,CHRNB1,487,512,-0.025390625,0.00732421875,74,264,False,0.28846153846153844
chr19:g.17228886C>T|cg13782532,OCEL1,666,333,-0.025390625,-0.00927734375,75,218,True,0.36538461538461536
chr19:g.8066180G>A|cg15742116,FBN3,938,61,0.025390625,0.017578125,76,103,True,0.6923076923076923
chr18:g.62979185G>A|cg13381110,PHLPP1,303,696,-0.02490234375,-0.053955078125,77,23,True,2.1666666666666665
chr7:g.151071708G>A|cg04824535,SLC4A2,817,182,-0.0244140625,0.00048828125,78,645,False,0.02
chr8:g.64581594G>A|cg17307479,BHLHE22,549,450,-0.0242919921875,-0.008514404296875,79,242,True,0.35050251256281406
chr15:g.42730735C>T|cg11163383,CDAN1,603,396,0.02392578125,0.02294921875,80,81,True,0.9591836734693877
chr5:g.141344471G>A|cg04438558,PCDHGA3,638,361,0.0234375,0.008544921875,81,241,True,0.3645833333333333
chr2:g.135809944G>A|cg15123519,LCT,743,256,-0.0234375,0.001953125,82,495,False,0.08333333333333333
chr19:g.45712707G>A|cg00756648,FBXO46,606,393,-0.0234375,-0.00244140625,83,450,True,0.10416666666666667
chr7:g.120856704G>A|cg03913921,TSPAN12,430,569,-0.023193359375,-0.040283203125,84,36,True,1.736842105263158
chr16:g.3983263G>A|cg07628416,ADCY9,466,533,-0.02294921875,-0.017578125,85,101,True,0.7659574468085106
chr10:g.133293184C>T|cg24861866,TUBGCP2,503,496,0.0224609375,-0.00927734375,86,220,False,0.41304347826086957
chr13:g.112826873C>A|cg15077546,ATP11A,529,470,-0.0224609375,-0.00390625,87,358,True,0.17391304347826086
chr3:g.56755032G>A|cg12835118,ARHGEF3,449,550,0.02197265625,-0.01611328125,88,115,False,0.7333333333333333
chr18:g.80159825G>A|cg13590055,PARD6G,560,439,0.021484375,0.0120849609375,89,176,True,0.5625
chr1:g.204455996G>A|cg27047255,PIK3C2B,452,547,0.02099609375,0.00390625,90,370,True,0.18604651162790697
chr20:g.44051473G>A|cg22457287,TOX2,384,615,0.0205078125,-0.01708984375,91,109,False,0.8333333333333334
chr19:g.54939196C>T|cg18778097,NLRP7,191,808,-0.02001953125,0.0,92,732,False,0.0
chr16:g.20418118C>T|cg27514874,ACSM5,433,566,-0.02001953125,0.001953125,93,464,False,0.0975609756097561
chr11:g.62690663C>T|cg13835337,BSCL2,189,810,-0.01953125,-0.0048828125,94,326,True,0.25
chr17:g.39665443G>A|cg08345719,TCAP,534,465,0.01953125,0.00390625,95,361,True,0.2
chr11:g.1558979G>A|cg02248763,DUSP8,610,389,-0.01953125,-0.0068359375,96,276,True,0.35
chr5:g.97094892G>T|cg24555286,LIX1,658,341,0.01904296875,0.0087890625,97,236,True,0.46153846153846156
chr1:g.151520256C>T|cg24398933,CGN,662,337,-0.01904296875,0.00244140625,98,441,False,0.1282051282051282
chr16:g.2586864G>A|cg00976532,PDPK1,888,111,-0.01904296875,-0.0068359375,99,272,True,0.358974358974359
chr5:g.140850166C>T|cg24792717,PCDHA9,423,576,-0.01904296875,-0.00439453125,100,339,True,0.23076923076923078
chr14:g.99398754G>C|cg19947357,SETD3,638,361,0.01904296875,-0.0029296875,101,416,False,0.15384615384615385
chr6:g.41736858G>A|cg23678165,PGC,518,481,-0.0185546875,-0.00732421875,102,269,True,0.39473684210526316
chr9:g.128949234G>C|cg14105018,NUP188,659,340,0.0185546875,0.00048828125,103,685,True,0.02631578947368421
chr19:g.10567151G>A|cg17491564,CDKN2D,395,604,-0.0185546875,-0.00341796875,104,392,True,0.18421052631578946
chr5:g.141511158G>A|cg15004405,PCDHGA12,506,493,-0.0185546875,-0.19384765625,105,1,True,10.447368421052632
chr11:g.65584318C>G|cg18757468,EHBP1L1,120,879,-0.01806640625,0.0008544921875,106,610,False,0.0472972972972973
chr12:g.128814957G>A|cg24410690,SLC15A4,520,479,-0.01806640625,-0.01611328125,107,114,True,0.8918918918918919
chr3:g.197522698G>A|cg09610644,BDH1,794,205,-0.01806640625,0.01416015625,108,144,False,0.7837837837837838
chr19:g.7967597T>G|cg23254334,ELAVL1,634,365,0.01806640625,0.0009765625,109,562,True,0.05405405405405406
chr17:g.4691401T>A|cg10698255,PELP1,556,443,0.01806640625,0.015625,110,125,True,0.8648648648648649
chr6:g.33679986C>T|cg18842187,ITPR3,436,563,0.01806640625,-0.00048828125,111,659,False,0.02702702702702703
chr2:g.74515651C>T|cg19656282,TLX2,491,508,-0.017578125,-0.017822265625,112,99,True,1.0138888888888888
chr15:g.89483184G>A|cg24382063,RHCG,581,418,0.01708984375,0.00244140625,113,454,True,0.14285714285714285
chr19:g.48807036C>G|cg27061836,BCAT2,186,813,-0.01708984375,0.00732421875,114,267,False,0.42857142857142855
chr5:g.1073669G>A|cg05636015,SLC12A7,496,503,-0.01708984375,0.00341796875,115,391,False,0.2
chr15:g.42401756G>A|cg20309061,CAPN3,898,101,-0.0166015625,0.03125,116,57,False,1.8823529411764706
chr8:g.122953574G>A|cg18191087,ZHX2,543,456,-0.0166015625,-0.0048828125,117,323,True,0.29411764705882354
chr10:g.48451079C>T|cg16696043,ARHGAP22,693,306,0.0166015625,-0.059326171875,118,18,False,3.573529411764706
chr2:g.237374800C>T|cg14556851,COL6A3,488,511,-0.01611328125,-0.01220703125,119,173,True,0.7575757575757576
chr19:g.1482993G>A|cg01091751,PCSK4,551,448,0.01611328125,0.001953125,120,466,True,0.12121212121212122
chr11:g.57543035G>A|cg04766618,SMTNL1,436,563,0.01611328125,-0.009765625,121,212,False,0.6060606060606061
chr19:g.39872229C>T|cg00398728,FCGBP,440,559,0.01611328125,0.00146484375,122,527,True,0.09090909090909091
chr17:g.42784054C>T|cg05614735,WNK4,493,506,0.01611328125,0.0087890625,123,238,True,0.5454545454545454
chr3:g.141778662C>T|cg27638148,GRK7,512,487,-0.01611328125,-0.01513671875,124,133,True,0.9393939393939394
chr2:g.219218581G>T|cg23547073,ABCB6,496,503,-0.0159912109375,0.008056640625,125,251,False,0.5038167938931297
chr17:g.58278059G>T|cg07110356,MPO,488,511,-0.015625,-0.0517578125,126,26,True,3.3125
chr20:g.62216651G>A|cg04752263,HRH3,489,510,0.015625,0.00341796875,127,386,True,0.21875
chr17:g.7017264G>A|cg17415576,C17orf49,384,615,0.015625,0.0029296875,128,411,True,0.1875
chr2:g.88067960C>T|cg03704645,SMYD1,475,524,0.015625,-0.10205078125,129,6,False,6.53125
chr16:g.1507646C>T|cg04517903,TELO2,541,458,0.01513671875,0.001953125,130,491,True,0.12903225806451613
chr1:g.161505494G>A|cg27470554,FCGR2A,543,456,0.01513671875,0.0078125,131,253,True,0.5161290322580645
chr1:g.201999943C>T|cg20674658,RNPEP,558,441,0.01513671875,0.01171875,132,178,True,0.7741935483870968
chr7:g.48041395C>T|cg00731958,C7orf57,460,539,-0.01513671875,0.001953125,133,498,False,0.12903225806451613
chr17:g.59213007G>T|cg10421011,SMG8,468,531,-0.01513671875,0.001953125,134,473,False,0.12903225806451613
chr2:g.96327222C>A|cg06827611,ITPRIPL1,148,851,-0.01513671875,0.0009765625,135,563,False,0.06451612903225806
chr11:g.62690862C>T|cg13835337,BSCL2,388,611,0.01513671875,0.01171875,136,184,True,0.7741935483870968
chr22:g.50528599G>A|cg06345736,TYMP,591,408,0.0146484375,-0.02880859375,137,62,False,1.9666666666666666
chr19:g.51368536G>A|cg22065498,CLDND2,398,601,-0.0146484375,0.01611328125,138,117,False,1.1
chr3:g.137999033A>T|cg17574958,CLDN18,331,668,0.0146484375,0.0126953125,139,157,True,0.8666666666666667
chr7:g.4210080C>T|cg21519944,SDK1,386,613,-0.0146484375,-0.0107421875,140,194,True,0.7333333333333333
chr1:g.154946660G>C|cg06969521,PBXIP1,489,510,-0.0146484375,0.0126953125,141,165,False,0.8666666666666667
chr20:g.46563483G>A|cg12760968,SLC13A3,438,561,0.01416015625,-0.005859375,142,301,False,0.41379310344827586
chr1:g.153638310G>A|cg02482497,CHTOP,613,386,-0.01416015625,-0.01904296875,143,93,True,1.3448275862068966
chr5:g.1479654C>T|cg05145573,LPCAT1,357,642,0.013916015625,0.05078125,144,27,True,3.6491228070175437
chr19:g.42095557C>T|cg06178887,POU2F2,577,422,-0.013671875,-0.01220703125,145,167,True,0.8928571428571429
chr3:g.50320319C>G|cg00467652,HYAL2,605,394,-0.013671875,-0.0009765625,146,593,True,0.07142857142857142
chr11:g.122851829G>A|cg01659052,CRTAM,724,275,0.013671875,-0.0263671875,147,68,False,1.9285714285714286
chr13:g.26759489C>T|cg15726245,GPR12,619,380,0.013427734375,0.0029296875,148,413,True,0.21818181818181817
chr12:g.120498117G>A|cg01168339,DYNLL1,693,306,-0.013427734375,0.00390625,149,357,False,0.2909090909090909
chr8:g.143868832G>C|cg10433678,EPPK1,476,523,-0.01318359375,0.00244140625,150,444,False,0.18518518518518517
chr16:g.2055459T>C|cg00500602,TSC2,649,350,0.01318359375,-0.0078125,151,257,False,0.5925925925925926
chr5:g.141355542G>T|cg05043461,PCDHGA4,581,418,0.01318359375,0.1005859375,152,7,True,7.62962962962963
chr2:g.74250415G>A|cg01272428,SLC4A5,585,414,-0.01318359375,-0.00927734375,153,221,True,0.7037037037037037
chr2:g.237540503A>G|cg26753393,MLPH,193,806,0.01318359375,-0.03955078125,154,37,False,3.0
chr17:g.63542416C>A|cg04937794,KCNH6,744,255,-0.01318359375,-0.005859375,155,294,True,0.4444444444444444
chr18:g.3879238G>A|cg25693099,DLGAP1,434,565,-0.01318359375,0.00732421875,156,270,False,0.5555555555555556
chr3:g.57110268C>A|cg22870661,IL17RD,505,494,0.01318359375,-0.01171875,157,181,False,0.8888888888888888
chr2:g.31580649C>A|cg19502744,SRD5A2,302,697,0.0130615234375,0.00018310546875,158,708,True,0.014018691588785047
chr20:g.2794235C>T|cg21603679,CPXM1,651,348,-0.0126953125,0.020263671875,159,85,False,1.5961538461538463
chr16:g.3966693C>T|cg09152120,ADCY9,524,475,-0.0126953125,-0.0009765625,160,581,True,0.07692307692307693
chr11:g.1841186C>T|cg05258834,TNNI2,438,561,-0.0126953125,0.00244140625,161,436,False,0.19230769230769232
chr1:g.117368303C>G|cg11819305,MAN1A2,626,373,-0.012451171875,-0.0086669921875,162,240,True,0.696078431372549
chr4:g.1113419T>G|cg11118359,RNF212,504,495,0.012451171875,0.025634765625,163,70,True,2.0588235294117645
chr3:g.46408286C>G|cg14749678,CCRL2,640,359,-0.01220703125,-0.00341796875,164,401,True,0.28
chr6:g.40432561G>A|cg24851166,LRFN2,441,558,0.01220703125,0.001953125,165,490,True,0.16
chr4:g.1167616C>G|cg14525473,SPON2,584,415,-0.01214599609375,0.00146484375,166,523,False,0.12060301507537688
chr5:g.140342661C>T|cg26306638,HBEGF,647,352,0.01171875,-0.01171875,167,185,False,1.0
chr1:g.26863230G>T|cg13466284,SFN,541,458,-0.01171875,0.00341796875,168,387,False,0.2916666666666667
chr15:g.23645282G>A|cg04014889,MAGEL2,335,664,0.01171875,0.00146484375,169,536,True,0.125
chr7:g.98628497T>C|cg15903624,NPTX2,490,509,0.01171875,-0.0068359375,170,274,False,0.5833333333333334
chr16:g.87851755G>A|cg05911082,SLC7A5,473,526,-0.01171875,0.0009765625,171,582,False,0.08333333333333333
chr2:g.1676937G>A|cg24767423,PXDN,469,530,0.01123046875,-0.01220703125,172,175,False,1.0869565217391304
chr20:g.59939101G>A|cg00400263,PPP1R3D,454,545,-0.01123046875,0.07763671875,173,11,False,6.913043478260869
chr3:g.38141265C>G|cg01351089,MYD88,54,945,-0.01123046875,-0.01953125,174,89,True,1.7391304347826086
chr1:g.240493440C>G|cg00081729,GREM2,502,497,0.01123046875,0.00244140625,175,442,True,0.21739130434782608
chr14:g.23349325C>A|cg13974427,SLC22A17,736,263,0.0107421875,0.00830078125,176,244,True,0.7727272727272727
chr11:g.34139416C>T|cg09508189,NAT10,413,586,-0.0107421875,0.01708984375,177,110,False,1.5909090909090908
chr16:g.1673943C>T|cg05337607,CRAMP1,459,540,0.0107421875,-0.00439453125,178,341,False,0.4090909090909091
chr9:g.116697868C>T|cg14085500,TRIM32,312,687,0.0107421875,0.009765625,179,211,True,0.9090909090909091
chr11:g.1254852C>G|cg24433043,MUC5B,516,483,-0.0107421875,0.01611328125,180,118,False,1.5
chr5:g.149374591G>A|cg19424122,IL17B,537,462,-0.0107421875,-0.00048828125,181,673,True,0.045454545454545456
chr2:g.1209219G>A|cg13049247,SNTG2,525,474,-0.0107421875,0.02978515625,182,60,False,2.772727272727273
chr6:g.160122004C>T|cg13466809,SLC22A1,591,408,0.0107421875,-0.01513671875,183,126,False,1.4090909090909092
chr8:g.88327195G>A|cg11536457,MMP16,519,480,-0.010284423828125,0.0093994140625,184,215,False,0.913946587537092
chr6:g.134949937C>T|cg02396253,ALDH8A1,518,481,0.01025390625,0.00634765625,185,285,True,0.6190476190476191
chr10:g.73791488C>T|cg05869392,ZSWIM8,67,932,-0.01025390625,-0.00537109375,186,308,True,0.5238095238095238
chr6:g.165661969C>T|cg04326854,PDE10A,503,496,-0.0101318359375,0.0009765625,187,579,False,0.0963855421686747
chr6:g.52504751G>T|cg14279151,TRAM2,546,453,0.010009765625,0.01416015625,188,145,True,1.4146341463414633
chr21:g.30215554G>A|cg04052038,CLDN8,248,751,-0.009765625,-0.00732421875,189,262,True,0.75
chr9:g.128635187G>A|cg14606321,DYNC2I2,114,885,0.009765625,-0.0062255859375,190,289,False,0.6375
chr7:g.97022271A>G|cg27016494,DLX5,496,503,0.009765625,0.005615234375,191,303,True,0.575
chr7:g.98191881G>C|cg25556607,LMTK2,475,524,0.009765625,0.00048828125,192,695,True,0.05
chr20:g.43726434C>T|cg23727943,GTSF1L,631,368,-0.009765625,-0.0009765625,193,575,True,0.1
chr12:g.121748434G>A|cg22917372,TMEM120B,303,696,0.009765625,-0.0361328125,194,44,False,3.7
chr16:g.28873450C>T|cg06932837,SH2B1,234,765,0.009765625,-0.0048828125,195,316,False,0.5
chr17:g.4934468C>T|cg04970434,GP1BA,166,833,0.009765625,-0.00439453125,196,351,False,0.45
chr6:g.35797238T>C|cg25107791,CLPS,556,443,-0.009765625,0.025390625,197,71,False,2.6
chr1:g.235993778G>A|cg07578215,NID1,463,536,-0.009765625,-0.0048828125,198,320,True,0.5
chr1:g.237783787T>C|cg23087876,RYR2,340,659,-0.009765625,-0.17529296875,199,2,True,17.95
chr20:g.46008941G>A|cg10505873,MMP9,568,431,0.0093994140625,-0.023681640625,200,75,False,2.5194805194805197
chr1:g.223752883G>A|cg12129117,CAPN2,428,571,0.00927734375,-0.00390625,201,360,False,0.42105263157894735
chr1:g.228307494A>T|cg19746567,OBSCN,583,416,0.00927734375,-0.00439453125,202,349,False,0.47368421052631576
chr1:g.6212368C>T|cg01517656,RNF207,872,127,-0.00927734375,0.02392578125,203,74,False,2.5789473684210527
chr22:g.24433551G>A|cg21584430,ADORA2A,556,443,-0.00927734375,0.00048828125,204,688,False,0.05263157894736842
chr14:g.96241012G>A|cg14032667,BDKRB2,421,578,0.00927734375,0.0009765625,205,586,True,0.10526315789473684
chr7:g.4245796A>C|cg20152326,SDK1,598,401,0.00927734375,-0.001953125,206,502,False,0.21052631578947367
chr17:g.76002055C>G|cg14056306,CDK3,815,184,-0.00927734375,0.00390625,207,372,False,0.42105263157894735
chr20:g.396414C>G|cg12017057,TRIB3,551,448,0.00927734375,-0.00048828125,208,637,False,0.05263157894736842
chr17:g.7441532G>A|cg05513300,FGF11,49,950,-0.0087890625,0.0048828125,209,322,False,0.5555555555555556
chr3:g.14820097C>T|cg21068907,FGD5,172,827,-0.0087890625,-0.00927734375,210,219,True,1.0555555555555556
chr20:g.61773086C>T|cg15445037,CDH4,480,519,-0.0087890625,0.015655517578125,211,120,False,1.78125
chr7:g.135164660G>C|cg07876788,TMEM140,278,721,0.0087890625,0.00830078125,212,245,True,0.9444444444444444
chr20:g.49257606G>A|cg01332882,ZNFX1,487,512,-0.0087890625,-0.01123046875,213,189,True,1.2777777777777777
chr19:g.45711756G>C|cg27347412,FBXO46,539,460,0.0087890625,0.03369140625,214,50,True,3.8333333333333335
chr17:g.7241444G>A|cg19646165,GABARAP,895,104,-0.0087890625,-0.0042724609375,215,355,True,0.4861111111111111
chr12:g.53985574C>G|cg00699029,HOXC10,248,751,0.00872802734375,0.001953125,216,494,True,0.22377622377622378
chr6:g.10410135C>T|cg02181847,TFAP2A,583,416,-0.008453369140625,0.000152587890625,217,710,False,0.018050541516245487
chr15:g.41505290G>A|cg18168740,LTK,234,765,-0.00830078125,0.0009765625,218,584,False,0.11764705882352941
chr19:g.16893183G>C|cg15159987,CPAMD8,603,396,0.00830078125,0.0009765625,219,592,True,0.11764705882352941
chr19:g.40395792G>A|cg10684794,PRX,235,764,-0.00830078125,-0.001953125,220,489,True,0.23529411764705882
chr8:g.72568278T>C|cg06958453,KCNB2,772,227,0.00830078125,0.05419921875,221,22,True,6.529411764705882
chr5:g.168883282G>A|cg05457620,SLIT3,478,521,0.00830078125,0.01171875,222,182,True,1.411764705882353
chr1:g.226986479C>T|cg21157446,COQ8A,603,396,-0.00830078125,-0.01416015625,223,143,True,1.7058823529411764
chr8:g.144053329G>A|cg26824850,OPLAH,874,125,0.00830078125,-0.0009765625,224,577,False,0.11764705882352941
chr17:g.76015335C>T|cg01013054,EVPL,661,338,-0.00830078125,-0.00390625,225,373,True,0.47058823529411764
chr17:g.76643570G>C|cg15503752,ST6GALNAC1,420,579,-0.00830078125,0.001953125,226,480,False,0.23529411764705882
chr17:g.18246397G>A|cg09922349,FLII,320,679,-0.00830078125,-0.0048828125,227,317,True,0.5882352941176471
chr14:g.75280062T>G|cg12061886,FOS,471,528,0.0081787109375,-0.032470703125,228,55,False,3.970149253731343
chr19:g.15113783C>T|cg20100671,SYDE1,478,521,-0.0078125,-0.072021484375,229,14,True,9.21875
chr4:g.684519G>A|cg01881828,SLC49A3,192,807,0.0078125,-0.01513671875,230,130,False,1.9375
chr19:g.3977870G>C|cg24204847,EEF2,716,283,0.0078125,0.0,231,720,False,0.0
chr10:g.13209286T>A|cg02730843,MCM10,379,620,0.0078125,0.00439453125,232,353,True,0.5625
chr7:g.86864306C>T|cg27073262,GRM3,329,670,0.0078125,-0.00439453125,233,345,False,0.5625
chr7:g.51028888C>T|cg27325833,COBL,527,472,0.0078125,0.0009765625,234,598,True,0.125
chr7:g.151076177G>A|cg20898078,SLC4A2,537,462,-0.0078125,-0.00439453125,235,348,True,0.5625
chr5:g.141101204T>C|cg01925738,PCDHB3,517,482,-0.0078125,0.023193359375,236,78,False,2.96875
chr21:g.37714719T>C|cg16435782,KCNJ6,122,877,0.0078125,0.00048828125,237,679,True,0.0625
chr12:g.6621081C>T|cg16119239,LPAR5,437,562,-0.0078125,-0.01611328125,238,113,True,2.0625
chr17:g.40016261A>G|cg07584981,CSF3,159,840,-0.0078125,-0.00341796875,239,396,True,0.4375
chr17:g.33013971G>C|cg27391921,ASIC2,694,305,-0.0078125,0.01025390625,240,202,False,1.3125
chr11:g.67404337C>T|cg11600161,TBC1D10C,722,277,0.0078125,0.00244140625,241,439,True,0.3125
chr5:g.447583C>T|cg18430034,EXOC3,451,548,-0.00732421875,-0.001953125,242,460,True,0.26666666666666666
chr5:g.34042967C>T|cg03934354,C1QTNF3,431,568,-0.00732421875,0.02001953125,243,86,False,2.7333333333333334
chr15:g.101721269C>T|cg14588686,TARS3,720,279,0.00732421875,0.00048828125,244,671,True,0.06666666666666667
chr20:g.62334264G>A|cg02498702,LAMA5,188,811,-0.00732421875,-0.00537109375,245,307,True,0.7333333333333333
chr17:g.30090616G>A|cg02947670,EFCAB5,568,431,0.00732421875,0.00146484375,246,531,True,0.2
chr12:g.3648514C>G|cg14021714,CRACR2A,761,238,-0.00732421875,0.0,247,753,False,0.0
chr20:g.1181190G>T|cg14905105,TMEM74B,513,486,-0.00732421875,-0.00390625,248,379,True,0.5333333333333333
chr2:g.38070998G>A|cg14407177,CYP1B1,617,382,-0.00732421875,0.0,249,735,False,0.0
chr6:g.36368953G>A|cg20447038,ETV7,404,595,0.00732421875,-0.0009765625,250,583,False,0.13333333333333333
chr8:g.79765266C>T|cg04101874,HEY1,379,620,0.00726318359375,-0.00701904296875,251,271,False,0.9663865546218487
chr16:g.23679229C>A|cg11470399,PLK1,557,442,-0.0069580078125,-0.002685546875,252,429,True,0.38596491228070173
chr17:g.82052444T>C|cg15257096,GPS1,553,446,-0.006927490234375,-0.000213623046875,253,705,True,0.030837004405286344
chr6:g.138335101G>A|cg20291636,ARFGEF3,569,430,0.0068359375,-0.0087890625,254,230,False,1.2857142857142858
chr5:g.179853390C>T|cg01213455,MRNIP,544,455,-0.0068359375,-0.0068359375,255,275,True,1.0
chr8:g.22226921C>T|cg17948297,PHYHIP,491,508,-0.0068359375,-0.009765625,256,205,True,1.4285714285714286
chr16:g.31062238C>T|cg01509715,ZNF668,491,508,-0.0068359375,-0.01513671875,257,128,True,2.2142857142857144
chr20:g.32010481G>A|cg24691461,CCM2L,282,717,-0.0068359375,-0.013671875,258,149,True,2.0
chr19:g.1083182G>A|cg19307500,ARHGAP45,487,512,0.0068359375,0.0,259,717,False,0.0
chr12:g.121248633G>C|cg26426437,CAMKK2,433,566,-0.0068359375,-0.001953125,260,482,True,0.2857142857142857
chr15:g.39593172C>T|cg15161296,THBS1,451,548,-0.0068359375,0.0009765625,261,585,False,0.14285714285714285
chr6:g.52504700G>A|cg14279151,TRAM2,495,504,0.0068359375,0.00927734375,262,222,True,1.3571428571428572
chr9:g.114096399G>A|cg10091458,KIF12,544,455,0.0068359375,-0.00048828125,263,686,False,0.07142857142857142
chr3:g.15074684G>A|cg04428799,RBSN,472,527,0.0068359375,0.06201171875,264,17,True,9.071428571428571
chr5:g.37370888G>A|cg07841463,NUP155,522,477,0.006591796875,9.1552734375e-05,265,711,True,0.013888888888888888
chr9:g.122209695C>T|cg14093012,LHX6,530,469,0.00634765625,-0.005859375,266,290,False,0.9230769230769231
chr17:g.68420268T>C|cg03815657,ARSG,607,392,-0.00634765625,0.00341796875,267,398,False,0.5384615384615384
chr1:g.159943407C>T|cg26913306,IGSF9,834,165,-0.00634765625,0.0009765625,268,574,False,0.15384615384615385
chr19:g.8522729C>A|cg15155376,MYO1F,537,462,-0.00634765625,0.0087890625,269,231,False,1.3846153846153846
chr4:g.877710C>G|cg02423659,GAK,558,441,0.00634765625,0.00390625,270,366,True,0.6153846153846154
chr9:g.133789296C>T|cg13754665,VAV2,286,713,0.00634765625,-0.001953125,271,467,False,0.3076923076923077
chr3:g.169769470G>T|cg10350352,ACTRT3,522,477,-0.006317138671875,0.000701904296875,272,618,False,0.1111111111111111
chr5:g.179121659A>G|cg25554190,ADAMTS2,459,540,-0.006103515625,0.00299072265625,273,407,False,0.49
chr13:g.83879762G>A|cg21448057,SLITRK1,560,439,0.0059814453125,-0.0146484375,274,137,False,2.4489795918367347
chr12:g.120325944C>A|cg20313400,PLA2G1B,530,469,0.0059814453125,0.0048828125,275,324,True,0.8163265306122449
chr8:g.102651801G>T|cg26535606,KLF10,362,637,0.0059814453125,0.0184326171875,276,96,True,3.0816326530612246
chr13:g.45194211G>A|cg21457147,KCTD4,150,849,-0.005859375,0.00439453125,277,343,False,0.75
chr6:g.28125653G>C|cg22896917,ZSCAN16,510,489,0.005859375,-0.04248046875,278,33,False,7.25
chr1:g.16986484G>A|cg20792826,ATP13A2,430,569,-0.005859375,-0.0048828125,279,319,True,0.8333333333333334
chr1:g.161099669G>A|cg00058923,KLHDC9,791,208,-0.005859375,0.00390625,280,371,False,0.6666666666666666
chr20:g.63775832C>T|cg12840850,ZBTB46,332,667,0.005859375,-0.0029296875,281,421,False,0.5
chr11:g.66858311C>T|cg01667185,LRFN4,643,356,-0.005859375,-0.01806640625,282,98,True,3.0833333333333335
chr5:g.134893597C>T|cg21247757,TXNDC15,868,131,0.005859375,-0.01220703125,283,174,False,2.0833333333333335
chr13:g.100515456C>T|cg22432024,PCCA,412,587,0.005859375,0.00341796875,284,388,True,0.5833333333333334
chr17:g.63832958G>A|cg11885555,SMARCD2,598,401,0.005859375,-0.0078125,285,259,False,1.3333333333333333
chr17:g.63534125C>T|cg18975662,KCNH6,496,503,0.005859375,-0.0009765625,286,590,False,0.16666666666666666
chr20:g.38161439G>A|cg26604799,TGM2,479,520,0.005859375,0.001953125,287,510,True,0.3333333333333333
chr5:g.141489618C>T|cg22082176,PCDHGC5,998,1,0.005859375,-0.00048828125,288,670,False,0.08333333333333333
chr8:g.89924773C>G|cg11965634,OSGIN2,95,904,-0.005859375,0.03759765625,289,40,False,6.416666666666667
chr19:g.35511585G>A|cg19785918,DMKN,991,8,0.005859375,-0.00146484375,290,526,False,0.25
chr11:g.1445598C>T|cg19494188,BRSK2,547,452,0.00537109375,-0.00390625,291,375,False,0.7272727272727273
chr1:g.226986569C>A|cg21157446,COQ8A,693,306,-0.00537109375,0.00439453125,292,352,False,0.8181818181818182
chr19:g.49808614C>T|cg19856145,FUZ,262,737,-0.00537109375,-0.01318359375,293,155,True,2.4545454545454546
chr19:g.47353348C>T|cg15725639,DHX34,180,819,-0.00537109375,-0.009765625,294,208,True,1.8181818181818181
chr19:g.45816512G>A|cg15455864,SYMPK,871,128,-0.00537109375,0.01123046875,295,188,False,2.090909090909091
chr19:g.40217314G>C|cg13944099,TTC9B,488,511,0.00537109375,-0.019256591796875,296,91,False,3.585227272727273
chr3:g.196323892C>T|cg27088176,TM4SF19,617,382,0.00537109375,0.005859375,297,296,True,1.0909090909090908
chr6:g.16327991G>A|cg00436183,ATXN1,521,478,0.00537109375,-0.00390625,298,362,False,0.7272727272727273
chr6:g.159819269G>T|cg22248441,PNLDC1,456,543,-0.00537109375,-0.001953125,299,481,True,0.36363636363636365
chr3:g.157495290G>T|cg13698542,VEPH1,207,792,0.00537109375,0.005859375,300,300,True,1.0909090909090908
chr20:g.57524125C>T|cg14264994,CTCFL,132,867,0.00537109375,-0.00390625,301,376,False,0.7272727272727273
chr2:g.215384891C>T|cg25099021,FN1,451,548,0.00537109375,-0.00048828125,302,638,False,0.09090909090909091
chr11:g.117780620G>A|cg01877524,DSCAML1,475,524,-0.00537109375,-0.03125,303,58,True,5.818181818181818
chr11:g.121130174C>T|cg13892828,TECTA,655,344,0.00537109375,-0.0087890625,304,232,False,1.6363636363636365
chr10:g.73517363A>C|cg08958656,USP54,170,829,0.00537109375,0.00146484375,305,551,True,0.2727272727272727
chr11:g.64859966G>A|cg01151584,EHD1,409,590,0.00537109375,0.0048828125,306,325,True,0.9090909090909091
chr8:g.70148349G>T|cg20699548,NCOA2,445,554,0.00537109375,-0.00439453125,307,347,False,0.8181818181818182
chr10:g.91630479C>T|cg18354248,PPP1R3C,424,575,-0.00537109375,0.0,308,756,False,0.0
chr17:g.47733877C>T|cg03639783,TBX21,503,496,0.005157470703125,0.002593994140625,309,432,True,0.5029585798816568
chr8:g.144512686C>G|cg19996418,RECQL4,990,9,0.0048828125,-0.001953125,310,471,False,0.4
chr1:g.201808720G>A|cg02616186,NAV1,632,367,0.0048828125,-0.0009765625,311,576,False,0.2
chr17:g.38562842G>A|cg19409060,SRCIN1,59,940,-0.0048828125,-0.01220703125,312,170,True,2.5
chr5:g.140643929G>A|cg27658391,TMCO6,458,541,0.0048828125,0.0087890625,313,235,True,1.8
chr13:g.98688302G>A|cg20568691,SLC15A1,341,658,-0.0048828125,-0.00048828125,314,656,True,0.1
chr16:g.685944G>A|cg26750188,WDR24,629,370,0.0048828125,0.00048828125,315,660,True,0.1
chr14:g.80211371G>A|cg00217795,DIO2,525,474,0.0048828125,0.009765625,316,207,True,2.0
chr19:g.40383885G>A|cg01644518,HIPK4,443,556,-0.0048828125,-0.0009765625,317,569,True,0.2
chr6:g.56620404A>C|cg11102354,DST,72,927,-0.0048828125,-0.00390625,318,367,True,0.8
chr15:g.68291209C>T|cg02389877,FEM1B,446,553,0.0048828125,0.009765625,319,206,True,2.0
chr1:g.46043841G>T|cg01008154,PIK3R3,617,382,0.0048828125,0.04931640625,320,29,True,10.1
chr1:g.109490285G>T|cg03525254,ATXN7L2,495,504,0.0048828125,0.0263671875,321,67,True,5.4
chr7:g.100456950C>T|cg12283819,C7orf61,630,369,-0.0048828125,0.0009765625,322,587,False,0.2
chr7:g.195707C>T|cg24504854,FAM20C,527,472,0.0048828125,0.001953125,323,504,True,0.4
chr20:g.34993393C>T|cg22762088,MYH7B,202,797,-0.0048828125,-0.0126953125,324,162,True,2.6
chr4:g.154744575C>T|cg23303074,LRAT,601,398,0.0048828125,0.009033203125,325,225,True,1.85
chr11:g.640489C>G|cg02762115,DRD4,542,457,-0.0048828125,-0.0419921875,326,34,True,8.6
chr20:g.19935149G>A|cg04466743,RIN2,498,501,0.00445556640625,-0.007568359375,327,260,False,1.6986301369863013
chr3:g.114351793G>A|cg03015144,ZBTB20,646,353,0.00439453125,-0.00341796875,328,382,False,0.7777777777777778
chr12:g.41573437G>A|cg15235614,PDZRN4,462,537,0.00439453125,-0.0009765625,329,596,False,0.2222222222222222
chr22:g.19973012C>T|cg22906524,ARVCF,509,490,0.00439453125,0.0234375,330,76,True,5.333333333333333
chr22:g.50281953G>A|cg00243272,PLXNB2,413,586,-0.00439453125,0.01513671875,331,127,False,3.4444444444444446
chr1:g.31006009G>A|cg18327385,PUM1,590,409,-0.00439453125,-0.0107421875,332,196,True,2.4444444444444446
chr11:g.57485117G>A|cg09888840,SLC43A1,718,281,-0.00439453125,0.01220703125,333,168,False,2.7777777777777777
chr9:g.135485995G>T|cg03936031,PPP1R26,506,493,0.00439453125,-0.001953125,334,469,False,0.4444444444444444
chr2:g.191836181C>T|cg19699264,CAVIN2,387,612,0.00439453125,0.00048828125,335,692,True,0.1111111111111111
chr19:g.4652139C>T|cg22754389,TNFAIP8L1,546,453,0.00439453125,-0.07666015625,336,12,False,17.444444444444443
chr6:g.160079645A>G|cg02396797,IGF2R,487,512,-0.00439453125,-0.00537109375,337,305,True,1.2222222222222223
chr16:g.89180223G>A|cg09076877,CDH15,131,868,-0.00439453125,-0.00439453125,338,338,True,1.0
chr19:g.19640549G>A|cg16253989,GMIP,775,224,-0.00439453125,0.01611328125,339,116,False,3.6666666666666665
chr19:g.38469085C>A|cg22846876,RYR1,478,521,-0.00439453125,0.001953125,340,485,False,0.4444444444444444
chr19:g.49128886C>T|cg15031763,PPFIA3,982,17,0.0040283203125,-0.0018310546875,341,512,False,0.45454545454545453
chr7:g.2578493G>C|cg14554438,IQCE,546,453,0.00390625,0.0126953125,342,160,True,3.25
chr17:g.76476898C>T|cg27605355,RHBDF2,516,483,-0.00390625,-0.0185546875,343,94,True,4.75
chr16:g.672563G>A|cg27336518,RHOT2,547,452,0.00390625,-0.03173828125,344,56,False,8.125
chr6:g.56900577C>T|cg07800670,DST,787,212,-0.00390625,-0.0087890625,345,227,True,2.25
chr14:g.21022396G>C|cg10078898,NDRG2,9,990,0.00390625,0.001953125,346,508,True,0.5
chr16:g.30583379C>T|cg08103107,ZNF785,723,276,0.00390625,0.00146484375,347,540,True,0.375
chr1:g.228059111C>T|cg09075558,WNT3A,531,468,0.00390625,0.00341796875,348,399,True,0.875
chr1:g.175077427C>G|cg13386070,TNN,177,822,0.00390625,-0.00537109375,349,310,False,1.375
chr1:g.48239435G>C|cg25469314,SLC5A9,775,224,0.00390625,0.001953125,350,506,True,0.5
chr7:g.158192471G>A|cg19738802,PTPRN2,491,508,-0.00390625,-0.03662109375,351,42,True,9.375
chr10:g.124994589G>A|cg08203849,CTBP2,321,678,-0.00390625,-0.00439453125,352,336,True,1.125
chr7:g.151006955G>A|cg00478390,NOS3,777,222,0.00390625,-0.0009765625,353,604,False,0.25
chr11:g.82997238G>T|cg01250845,RAB30,703,296,-0.00390625,0.00048828125,354,665,False,0.125
chr12:g.132643852G>A|cg22138822,POLE,470,529,-0.00390625,-0.015625,355,123,True,4.0
chr12:g.130436950C>A|cg25577202,RIMBP2,495,504,-0.00390625,-0.017578125,356,102,True,4.5
chr11:g.66707582G>C|cg02700161,SPTBN2,476,523,0.00390625,0.0,357,751,False,0.0
chr17:g.74920615G>A|cg04585822,USH1G,700,299,-0.00390625,-0.00048828125,358,627,True,0.125
chr9:g.137078460G>T|cg15396367,UAP1L1,632,367,0.003662109375,-0.010498046875,359,200,False,2.8666666666666667
chr19:g.39498980C>T|cg21718857,DLL3,527,472,0.00360107421875,-9.1552734375e-05,360,712,False,0.025423728813559324
chr21:g.26572875G>C|cg21282630,CYYR1,568,431,0.00360107421875,-0.08984375,361,10,False,24.949152542372882
chr14:g.77708144G>C|cg21974996,SLIRP,495,504,0.00347900390625,0.00079345703125,362,613,True,0.22807017543859648
chr8:g.95154548T>C|cg16878214,PLEKHF2,274,725,-0.00341796875,-0.0146484375,363,134,True,4.285714285714286
chr20:g.62911130C>T|cg11152033,DIDO1,485,514,0.00341796875,0.00927734375,364,216,True,2.7142857142857144
chr11:g.64854369C>T|cg13067095,EHD1,425,574,-0.00341796875,0.0009765625,365,597,False,0.2857142857142857
chr19:g.6007770G>A|cg25793425,RFX2,438,561,0.00341796875,0.001953125,366,475,True,0.5714285714285714
chr19:g.48450382C>T|cg21481320,GRWD1,291,708,0.00341796875,0.00048828125,367,676,True,0.14285714285714285
chr14:g.78645382C>T|cg02326285,NRXN3,505,494,-0.00341796875,-0.00390625,368,365,True,1.1428571428571428
chr7:g.1493863C>T|cg01705214,INTS1,496,503,0.00341796875,-0.05859375,369,19,False,17.142857142857142
chr6:g.1930136T>C|cg01465824,GMDS,423,576,-0.00341796875,-0.05419921875,370,21,True,15.857142857142858
chr18:g.9887586C>A|cg02711020,TXNDC2,88,911,-0.00341796875,-0.001953125,371,478,True,0.5714285714285714
chr19:g.14610075C>T|cg24838240,CLEC17A,19,980,0.00341796875,0.00048828125,372,631,True,0.14285714285714285
chr17:g.28494407G>A|cg27562840,SLC13A2,907,92,-0.00341796875,-0.0146484375,373,141,True,4.285714285714286
chr2:g.230046367G>A|cg21540962,SLC16A14,420,579,-0.00341796875,-0.00048828125,374,678,True,0.14285714285714285
chr20:g.3234309C>T|cg21907993,SLC4A11,528,471,0.00341796875,-0.0087890625,375,234,False,2.5714285714285716
chr2:g.135808876G>T|cg25344623,LCT,713,286,0.00341796875,0.00830078125,376,243,True,2.4285714285714284
chr3:g.10234521C>T|cg18716706,IRAK2,424,575,-0.00341796875,0.0126953125,377,159,False,3.7142857142857144
chr11:g.26994820G>T|cg13694680,FIBIN,195,804,0.00341796875,-0.03662109375,378,43,False,10.714285714285714
chr8:g.24956225G>C|cg24000873,NEFL,585,414,0.0032958984375,-0.0428466796875,379,32,False,13.0
chr7:g.122886053G>T|cg07322688,CADPS2,573,426,-0.00323486328125,-0.00439453125,380,346,True,1.3584905660377358
chr1:g.209607913C>T|cg20994118,CAMK1G,791,208,0.003173828125,0.00244140625,381,447,True,0.7692307692307693
chr17:g.59210231G>T|cg16822173,SMG8,580,419,0.003173828125,-0.00274658203125,382,427,False,0.8653846153846154
chr1:g.3625459C>T|cg22697657,TPRG1L,334,665,-0.003143310546875,0.0,383,757,False,0.0
chr3:g.32570741G>A|cg18602811,DYNC1LI1,479,520,0.0031280517578125,0.00018310546875,384,709,True,0.05853658536585366
chr3:g.192917724G>A|cg07933199,MB21D2,376,623,0.002960205078125,0.0008087158203125,385,612,True,0.27319587628865977
chr6:g.158502492G>T|cg22846966,TULP4,572,427,-0.0029296875,-0.00244140625,386,453,True,0.8333333333333334
chr19:g.35841755G>T|cg03147184,NPHS1,635,364,0.0029296875,0.00830078125,387,246,True,2.8333333333333335
chr1:g.228341190C>T|cg00532451,OBSCN,477,522,0.0029296875,-0.0009765625,388,599,False,0.3333333333333333
chr5:g.140567835C>G|cg27337021,SLC35A4,292,707,-0.0029296875,0.00146484375,389,544,False,0.5
chr11:g.134234916G>T|cg09845666,VPS26B,459,540,-0.0029296875,0.001953125,390,503,False,0.6666666666666666
chr20:g.58855113C>T|cg21625881,GNAS,354,645,0.0029296875,-0.000244140625,391,704,False,0.08333333333333333
chr21:g.44323825C>T|cg03257916,PFKL,26,973,-0.0029296875,-0.001953125,392,501,True,0.6666666666666666
chr22:g.39743763C>T|cg11757326,ENTHD1,641,358,-0.0029296875,-0.00390625,393,380,True,1.3333333333333333
chr1:g.150556329C>T|cg15107203,ADAMTSL4,134,865,-0.0029296875,0.00146484375,394,516,False,0.5
chr11:g.209670G>A|cg09320717,RIC8A,963,36,-0.0029296875,0.009521484375,395,214,False,3.25
chr11:g.4653331C>T|cg23632744,OR51E1,707,292,-0.0029296875,0.00146484375,396,549,False,0.5
chr11:g.69087920G>C|cg25042173,TPCN2,64,935,-0.0029296875,0.00439453125,397,337,False,1.5
chr11:g.71474481C>T|cg07617163,NADSYN1,377,622,-0.0029296875,-0.001953125,398,497,True,0.6666666666666666
chr3:g.66380818C>T|cg00503690,LRIG1,686,313,0.0029296875,-0.00048828125,399,636,False,0.16666666666666666
chr19:g.37669660G>A|cg24851318,ZNF781,416,583,-0.0029296875,0.02001953125,400,87,False,6.833333333333333
chr4:g.114623048C>G|cg25892041,UGT8,548,451,0.0029296875,-0.00048828125,401,624,False,0.16666666666666666
chr12:g.12465632G>A|cg06534724,BORCS5,474,525,0.0029296875,0.0068359375,402,273,True,2.3333333333333335
chr12:g.122848554C>G|cg13657970,HIP1R,565,434,-0.0029296875,-0.00048828125,403,693,True,0.16666666666666666
chr4:g.154612169T>A|cg16747973,FGG,36,963,-0.0029296875,-0.01513671875,404,129,True,5.166666666666667
chr2:g.113059447G>C|cg21378206,IL36RN,480,519,-0.0029296875,0.005859375,405,299,False,2.0
chr18:g.48040016C>T|cg24352393,ZBTB7C,536,463,0.0029296875,0.001953125,406,479,True,0.6666666666666666
chr19:g.41268275C>T|cg13596036,HNRNPUL1,936,63,0.0029296875,-0.01123046875,407,190,False,3.8333333333333335
chr16:g.48187335G>C|cg09827812,ABCC11,246,753,-0.0029296875,-0.00146484375,408,543,True,0.5
chr15:g.40900234C>T|cg23775236,VPS18,391,608,-0.0029296875,0.0341796875,409,48,False,11.666666666666666
chr19:g.18436363G>A|cg04304033,ISYNA1,602,397,0.0029296875,-0.0078125,410,254,False,2.6666666666666665
chr16:g.19872621G>A|cg02384338,GPRC5B,473,526,0.0029296875,0.001953125,411,462,True,0.6666666666666666
chr14:g.24367141A>C|cg26705574,NFATC4,627,372,-0.00286865234375,0.0,412,742,False,0.0
chr8:g.141228216C>T|cg09238000,SLC45A4,362,637,-0.002685546875,-0.013916015625,413,147,True,5.181818181818182
chr12:g.46370827C>T|cg20830447,SLC38A2,180,819,-0.00262451171875,0.0003662109375,414,702,False,0.13953488372093023
chr1:g.181089808C>A|cg11496811,IER5,470,529,0.00262451171875,0.0,415,729,False,0.0
chr19:g.45584738C>G|cg01990304,OPA3,485,514,0.002532958984375,0.00049591064453125,416,621,True,0.19578313253012047
chr3:g.13879760G>C|cg00625653,WNT7A,529,470,-0.002532958984375,0.003814697265625,417,381,False,1.5060240963855422
chr11:g.7653161C>T|cg06416026,PPFIBP2,356,643,0.00244140625,0.001953125,418,507,True,0.8
chr16:g.1450620G>A|cg01852063,CLCN7,553,446,0.00244140625,-0.001953125,419,465,False,0.8
chr4:g.40438135G>A|cg16642517,RBM47,506,493,-0.00244140625,-0.001953125,420,463,True,0.8
chr7:g.47303017G>A|cg14410503,TNS3,38,961,0.00244140625,-0.00146484375,421,534,False,0.6
chr16:g.293607G>A|cg01444501,AXIN1,400,599,-0.00244140625,0.03369140625,422,49,False,13.8
chr6:g.54019088G>T|cg13281868,MLIP,497,502,0.00244140625,0.00244140625,423,452,True,1.0
chr6:g.10409905A>G|cg15732658,TFAP2A,595,404,0.00244140625,-0.00079345703125,424,614,False,0.325
chr5:g.42801008G>C|cg18050233,SELENOP,642,357,0.00244140625,-0.00048828125,425,677,False,0.2
chr6:g.159819002C>T|cg21162003,PNLDC1,295,704,0.00244140625,0.0048828125,426,314,True,2.0
chr19:g.17577268C>T|cg05355764,COLGALT1,472,527,-0.00244140625,0.00732421875,427,265,False,3.0
chr17:g.79835694C>A|cg14329275,CBX4,80,919,-0.00244140625,-0.01318359375,428,153,True,5.4
chr17:g.59682694C>T|cg22624697,CLTC,489,510,0.00244140625,-0.00439453125,429,350,False,1.8
chr9:g.135822459G>A|cg14020379,CAMSAP1,284,715,0.00244140625,-0.0009765625,430,600,False,0.4
chr17:g.83085034C>G|cg01502876,METRNL,462,537,-0.00244140625,-0.00634765625,431,284,True,2.6
chr17:g.78571301G>A|cg09687005,DNAH17,370,629,-0.00244140625,-0.00048828125,432,634,True,0.2
chr1:g.20190655C>T|cg14285308,UBXN10,135,864,-0.00244140625,0.00048828125,433,647,False,0.2
chr10:g.43387534T>A|cg27564137,HNRNPF,470,529,0.00244140625,-0.009765625,434,210,False,4.0
chr9:g.91724322G>A|cg01303059,ROR2,613,386,-0.00244140625,0.0009765625,435,578,False,0.4
chr1:g.161100107G>A|cg27582585,KLHDC9,557,442,0.00244140625,0.01513671875,436,131,True,6.2
chr1:g.1331929C>T|cg06802641,TAS1R3,556,443,0.00244140625,0.0078125,437,255,True,3.2
chr22:g.50288761G>A|cg03883640,PLXNB2,675,324,0.00244140625,-0.0068359375,438,281,False,2.8
chr11:g.34139425C>T|cg09508189,NAT10,422,577,0.00244140625,-0.01904296875,439,92,False,7.8
chr11:g.66848950C>T|cg08924969,PC,693,306,-0.00244140625,-0.001953125,440,509,True,0.8
chr1:g.43619297G>A|cg15086746,PTPRF,502,497,0.00244140625,0.0078125,441,252,True,3.2
chr12:g.52433232C>T|cg04918314,KRT75,781,218,-0.00244140625,-0.00048828125,442,696,True,0.2
chr7:g.94418513C>G|cg03920522,COL1A2,847,152,0.00244140625,-0.00048828125,443,657,False,0.2
chr12:g.120098838G>A|cg02227969,RAB35,419,580,0.00244140625,0.001953125,444,499,True,0.8
chr2:g.233450935G>A|cg11612905,DGKD,426,573,0.00244140625,0.00390625,445,378,True,1.6
chr7:g.23309516G>C|cg14988239,MALSU1,455,544,-0.00244140625,0.00048828125,446,664,False,0.2
chr21:g.31671762G>A|cg03524836,SCAF4,948,51,0.00244140625,-0.06494140625,447,16,False,26.6
chr2:g.136115730C>T|cg07784959,CXCR4,390,609,-0.00244140625,0.00048828125,448,681,False,0.2
chr6:g.26055880C>T|cg07750111,H1-2,439,560,0.002410888671875,0.0,449,746,False,0.0
chr19:g.55165945T>C|cg12018403,DNAAF3,398,601,-0.00238037109375,0.044921875,450,31,False,18.871794871794872
chr10:g.102644815G>A|cg14603406,TRIM8,692,307,0.00225830078125,0.003387451171875,451,403,True,1.5
chr12:g.49742250C>G|cg12879423,TMBIM6,490,509,0.00225830078125,0.03564453125,452,45,True,15.783783783783784
chr11:g.67429165G>A|cg26457823,RPS6KB2,629,370,-0.00213623046875,-0.0269775390625,453,63,True,12.628571428571428
chr12:g.101830636G>A|cg06554542,GNPTAB,538,461,-0.0020751953125,-0.000823974609375,454,611,True,0.39705882352941174
chr15:g.63277677C>T|cg19574017,APH1B,541,458,0.0020294189453125,0.0032806396484375,455,404,True,1.6165413533834587
chr2:g.191836049T>G|cg02894966,CAVIN2,557,442,-0.001953125,0.01123046875,456,187,False,5.75
chr7:g.1500350C>T|cg22245752,INTS1,924,75,0.001953125,0.00244140625,457,437,True,1.25
chr7:g.43878218G>T|cg22153931,URGCP,641,358,-0.001953125,0.00048828125,458,667,False,0.25
chr15:g.41900921G>C|cg00767886,EHD4,506,493,-0.001953125,-0.00146484375,459,539,True,0.75
chr2:g.159175090A>G|cg15677985,TANC1,322,677,0.001953125,0.00146484375,460,519,True,0.75
chr7:g.55155942C>A|cg04116217,EGFR,470,529,0.001953125,-0.00439453125,461,335,False,2.25
chr10:g.102108153G>A|cg09828580,LDB1,402,597,0.001953125,0.005859375,462,298,True,3.0
chr22:g.41437040C>T|cg09503194,TOB2,264,735,-0.001953125,0.00390625,463,377,False,2.0
chr22:g.26499377G>A|cg00365963,TFIP11,480,519,0.001953125,-0.00048828125,464,690,False,0.25
chr8:g.41696412G>A|cg09897002,ANK1,474,525,0.001953125,0.001953125,465,511,True,1.0
chr7:g.2646906C>G|cg02393470,TTYH3,634,365,-0.001953125,-0.00146484375,466,533,True,0.75
chr3:g.183492095C>A|cg12326526,KLHL6,455,544,-0.001953125,-0.0009765625,467,567,True,0.5
chr2:g.70150383G>A|cg14475620,C2orf42,950,49,-0.001953125,0.00048828125,468,626,False,0.25
chr12:g.9681020T>G|cg19646204,CLEC2D,970,29,0.001953125,-0.001953125,469,505,False,1.0
chr15:g.84784325G>T|cg02454053,ZNF592,281,718,0.001953125,0.0,470,740,False,0.0
chr14:g.23373364C>T|cg07258507,IL25,947,52,0.001953125,-0.0048828125,471,329,False,2.5
chr14:g.99652469C>T|cg26055840,HHIPL1,472,527,-0.001953125,0.00390625,472,363,False,2.0
chr19:g.900926G>T|cg05368115,R3HDM4,302,697,-0.001953125,0.01220703125,473,171,False,6.25
chr19:g.4445606C>G|cg24419436,UBXN6,71,928,0.001953125,-0.0390625,474,38,False,20.0
chr16:g.3582492C>T|cg02981752,SLX4,480,519,-0.001953125,-0.0126953125,475,163,True,6.5
chr19:g.42225963G>T|cg09605212,ZNF526,575,424,-0.001953125,0.001953125,476,484,False,1.0
chr5:g.135008969C>T|cg07335603,CATSPER3,588,411,-0.001953125,0.00634765625,477,286,False,3.25
chr1:g.236744762C>T|cg15578091,ACTN2,497,502,-0.001953125,-0.001953125,478,468,True,1.0
chr8:g.143813484G>C|cg18004197,SCRIB,910,89,-0.001953125,0.0146484375,479,136,False,7.5
chr8:g.144096617C>T|cg03576425,CYC1,734,265,0.001953125,0.005859375,480,291,True,3.0
chr5:g.171456682G>A|cg13396201,FGF18,504,495,-0.001953125,-0.015869140625,481,119,True,8.125
chr5:g.141136316C>T|cg24958687,PCDHB5,436,563,-0.001953125,0.00390625,482,369,False,2.0
chr1:g.227733581G>A|cg00788170,JMJD4,93,906,-0.001953125,-0.005859375,483,292,True,3.0
chr9:g.85021323G>C|cg13654445,NTRK2,354,645,0.001953125,0.0009765625,484,573,True,0.5
chr17:g.64212577C>T|cg15785379,TEX2,239,760,0.001953125,-0.001953125,485,474,False,1.0
chr16:g.8796351C>T|cg05869585,TMEM186,474,525,-0.001953125,0.00146484375,486,541,False,0.75
chr9:g.98708468G>A|cg13570262,GABBR2,453,546,-0.00189208984375,-0.00274658203125,487,426,True,1.4516129032258065
chr12:g.54000353C>T|cg25456468,HOXC9,520,479,0.0018463134765625,0.0044097900390625,488,333,True,2.3884297520661155
chr16:g.30585171G>T|cg00966098,ZNF785,440,559,0.001739501953125,0.0008544921875,489,609,True,0.49122807017543857
chr17:g.76736996G>A|cg26815021,SRSF2,405,594,-0.00164794921875,-0.001312255859375,490,555,True,0.7962962962962963
chr5:g.177455157C>T|cg00971676,PRR7,600,399,-0.001556396484375,-0.00146484375,491,546,True,0.9411764705882353
chr14:g.51094229G>A|cg06601633,TRIM9,572,427,0.00152587890625,0.0068359375,492,278,True,4.48
chr3:g.160565253T>C|cg15062281,KPNA4,528,471,0.001495361328125,0.00262451171875,493,431,True,1.7551020408163265
chr19:g.11236494C>G|cg05718253,DOCK6,310,689,-0.00146484375,0.00048828125,494,623,False,0.3333333333333333
chr5:g.141388712G>A|cg09570348,PCDHGB4,527,472,-0.00146484375,0.0146484375,495,140,False,10.0
chr19:g.31279298G>A|cg03555203,TSHZ3,515,484,-0.00146484375,0.00048828125,496,635,False,0.3333333333333333
chr17:g.50606056G>A|cg17319889,CACNA1G,238,761,-0.00146484375,-0.0107421875,497,195,True,7.333333333333333
chr19:g.14972733G>A|cg06192619,SLC1A6,428,571,-0.00146484375,0.009033203125,498,224,False,6.166666666666667
chr19:g.11178623G>T|cg20953257,KANK2,449,550,-0.00146484375,0.02294921875,499,80,False,15.666666666666666
chr10:g.814793G>A|cg15213732,LARP4B,555,444,-0.00146484375,-0.001953125,500,470,True,1.3333333333333333
chr5:g.159316772G>A|cg18060742,IL12B,922,77,0.00146484375,-0.00048828125,501,669,False,0.3333333333333333
chr20:g.63735481G>T|cg19841423,ZGPAT,577,422,0.00146484375,0.0068359375,502,282,True,4.666666666666667
chr3:g.139476406C>T|cg17778120,RBP2,428,571,-0.00146484375,-0.00146484375,503,520,True,1.0
chr3:g.98532234G>A|cg19859270,GPR15,283,716,0.00146484375,0.0,504,722,False,0.0
chr11:g.78676380G>T|cg07233109,TENM4,501,498,0.00146484375,0.0087890625,505,237,True,6.0
chr11:g.66368601G>C|cg22125754,SLC29A2,944,55,0.00146484375,0.00048828125,506,649,True,0.3333333333333333
chr2:g.27309931C>T|cg23967616,MPV17,573,426,0.00146484375,0.00341796875,507,390,True,2.3333333333333335
chr19:g.45494665C>T|cg19038042,RTN2,534,465,0.00146484375,-0.099609375,508,8,False,68.0
chr4:g.78446768C>T|cg27328469,FRAS1,781,218,0.00146484375,0.0078125,509,256,True,5.333333333333333
chr19:g.51945539G>A|cg13657593,ZNF613,389,610,0.00146484375,0.00732421875,510,266,True,5.0
chr17:g.1479679G>C|cg26169845,MYO1C,704,295,0.00146484375,-0.00244140625,511,446,False,1.6666666666666667
chr17:g.10632005G>A|cg11239366,MYH3,519,480,-0.00146484375,0.00048828125,512,629,False,0.3333333333333333
chr16:g.4335104C>G|cg16570634,GLIS2,496,503,0.00146484375,-0.00439453125,513,340,False,3.0
chr19:g.1799951G>T|cg07788437,ATP8B3,497,502,0.00146484375,0.0,514,718,False,0.0
chr17:g.7284294C>T|cg27067158,SLC2A4,183,816,0.00146484375,0.00146484375,515,532,True,1.0
chr14:g.96241309C>T|cg05050072,BDKRB2,591,408,-0.00146484375,-0.0029296875,516,415,True,2.0
chr14:g.24411385C>G|cg10039281,NYNRIN,744,255,0.00146484375,-0.00390625,517,364,False,2.6666666666666665
chr5:g.152392422C>T|cg07429087,NMUR2,876,123,0.00146484375,0.00146484375,518,545,True,1.0
chr9:g.136506840G>A|cg13537499,NOTCH1,768,231,-0.00146484375,-0.00048828125,519,648,True,0.3333333333333333
chr8:g.122952068C>T|cg08789073,ZHX2,518,481,-0.00146484375,0.00244140625,520,443,False,1.6666666666666667
chr9:g.18775844G>A|cg06294856,ADAMTSL1,1,998,0.00146484375,0.001220703125,521,558,True,0.8333333333333334
chr8:g.98212433C>G|cg01566999,NIPAL2,257,742,-0.00146484375,0.0,522,747,False,0.0
chr9:g.70537207C>T|cg14170392,TRPM3,424,575,0.00146484375,0.01220703125,523,166,True,8.333333333333334
chr5:g.180899355A>G|cg03723845,BTNL8,668,331,0.00146484375,0.0,524,738,False,0.0
chr11:g.76661470G>C|cg09418673,LRRC32,885,114,0.00146484375,0.00439453125,525,344,True,3.0
chr12:g.51497064C>G|cg21422475,SLC4A8,348,651,0.00146484375,0.0029296875,526,420,True,2.0
chr12:g.7689986A>G|cg18607010,GDF3,692,307,-0.00146484375,0.0,527,739,False,0.0
chr12:g.131939241C>T|cg14510688,PUS1,559,440,0.00146484375,0.0029296875,528,422,True,2.0
chr12:g.121229022C>G|cg08409335,P2RX4,469,530,0.00146484375,-0.00244140625,529,449,False,1.6666666666666667
chr7:g.100607803G>A|cg14047091,PCOLCE,285,714,-0.00146484375,-0.00390625,530,374,True,2.6666666666666665
chr11:g.117191990C>G|cg10040495,SIDT2,478,521,0.00146484375,0.00146484375,531,535,True,1.0
chr7:g.1487927C>T|cg23689004,INTS1,531,468,-0.00146484375,-0.015625,532,122,True,10.666666666666666
chr2:g.235930772C>A|cg03447424,AGAP1,420,579,-0.00146484375,0.00390625,533,359,False,2.6666666666666665
chr7:g.152121587G>A|cg19231743,GALNT11,281,718,0.00146484375,0.00048828125,534,651,True,0.3333333333333333
chr22:g.49884259C>T|cg05080787,ZBED4,458,541,0.00146484375,0.017578125,535,104,True,12.0
chr22:g.50177606G>A|cg06357843,PANX2,384,615,-0.00146484375,-0.019775390625,536,88,True,13.5
chr22:g.49884145G>A|cg05080787,ZBED4,344,655,0.00146484375,0.0048828125,537,328,True,3.3333333333333335
chr11:g.47848229G>C|cg02577203,NUP160,475,524,0.0014495849609375,-0.004150390625,538,356,False,2.863157894736842
chr17:g.28725373G>A|cg09479241,TLCD1,214,785,0.00140380859375,0.005645751953125,539,302,True,4.021739130434782
chr10:g.7818760C>A|cg04234156,TAF3,476,523,-0.0013427734375,0.002410888671875,540,456,False,1.7954545454545454
chr17:g.7220827C>T|cg19217955,ACADVL,651,348,0.001220703125,0.03466796875,541,47,True,28.4
chr22:g.36816985C>G|cg25625146,PVALB,447,552,0.001220703125,-0.004913330078125,542,311,False,4.025
chr19:g.54201277G>T|cg22155111,RPS9,476,523,0.00115966796875,0.00103759765625,543,561,True,0.8947368421052632
chr4:g.80267097C>G|cg11580948,FGF5,345,654,0.00103759765625,-0.00445556640625,544,332,False,4.294117647058823
chr9:g.127894560G>C|cg14168002,ST6GALNAC6,477,522,0.0009765625,-0.0166015625,545,111,False,17.0
chr1:g.160213258G>A|cg23208909,PEA15,327,672,-0.0009765625,-0.03369140625,546,51,True,34.5
chr1:g.202123503C>G|cg16257215,GPR37L1,834,165,-0.0009765625,-0.00146484375,547,515,True,1.5
chr8:g.143810740G>A|cg27246991,SCRIB,451,548,0.0009765625,-0.02099609375,548,84,False,21.5
chr21:g.30215821G>A|cg04052038,CLDN8,515,484,0.0009765625,0.0146484375,549,138,True,15.0
chr21:g.46125789G>A|cg12329404,COL6A2,578,421,0.0009765625,0.0,550,727,False,0.0
chr22:g.46289513C>T|cg04392554,TTC38,437,562,0.0009765625,-0.0009765625,551,571,False,1.0
chr22:g.37375094G>A|cg01403811,ELFN2,632,367,-0.0009765625,0.00048828125,552,689,False,0.5
chr2:g.132417639C>T|cg13954965,GPR39,519,480,0.0009765625,-0.001953125,553,496,False,2.0
chr2:g.120951351C>T|cg12928622,GLI2,870,129,-0.0009765625,0.00341796875,554,389,False,3.5
chr2:g.177230932G>C|cg13344867,NFE2L2,534,465,-0.0009765625,-0.0087890625,555,226,True,9.0
chr2:g.228018157G>T|cg09505145,SPHKAP,767,232,0.0009765625,-0.00927734375,556,217,False,9.5
chr3:g.49012281G>A|cg15559979,WDR6,639,360,-0.0009765625,0.0087890625,557,229,False,9.0
chr20:g.63566068G>C|cg00599914,HELZ2,701,298,-0.0009765625,0.0,558,725,False,0.0
chr3:g.141778644G>A|cg27638148,GRK7,494,505,0.0009765625,0.0068359375,559,277,True,7.0
chr16:g.49635849G>A|cg00205786,ZNF423,417,582,0.0009765625,0.0,560,743,False,0.0
chr5:g.170378857C>T|cg16425489,KCNMB1,777,222,0.0009765625,-0.021484375,561,83,False,22.0
chr17:g.82085049G>A|cg01565083,FASN,901,98,0.0009765625,0.01220703125,562,169,True,12.5
chr17:g.70175732C>T|cg12204395,KCNJ2,622,377,-0.0009765625,0.00048828125,563,630,False,0.5
chr17:g.57120312C>T|cg26749844,AKAP1,300,699,0.0009765625,0.00244140625,564,433,True,2.5
chr17:g.50170292G>A|cg26501664,SGCA,762,237,0.0009765625,0.00634765625,565,287,True,6.5
chr17:g.50170235G>A|cg26501664,SGCA,705,294,-0.0009765625,0.00244140625,566,445,False,2.5
chr17:g.78993577C>A|cg16337457,CANT1,478,521,0.0009765625,-0.01318359375,567,152,False,13.5
chr17:g.1010754G>C|cg17780682,ABR,495,504,-0.0009765625,-0.02587890625,568,69,True,26.5
chr16:g.30583151G>A|cg08103107,ZNF785,495,504,-0.0009765625,0.0029296875,569,410,False,3.0
chr16:g.30783209C>T|cg09928813,ZNF629,350,649,0.0009765625,0.00048828125,570,662,True,0.5
chr19:g.3638914C>T|cg03540494,PIP5K1C,633,366,-0.0009765625,0.03857421875,571,39,False,39.5
chr19:g.1073549C>T|cg06679209,ARHGAP45,368,631,0.0009765625,-0.00341796875,572,397,False,3.5
chr2:g.10058928C>T|cg00283742,CYS1,595,404,-0.0009765625,0.006591796875,573,283,False,6.75
chr2:g.37274581A>G|cg09697978,PRKD3,408,591,0.0009765625,0.00146484375,574,529,True,1.5
chr2:g.37274608G>T|cg09697978,PRKD3,435,564,-0.0009765625,-0.001953125,575,486,True,2.0
chr5:g.34043039C>T|cg03934354,C1QTNF3,503,496,-0.0009765625,0.00537109375,576,304,False,5.5
chr11:g.126292931C>T|cg21117426,TIRAP,643,356,-0.0009765625,0.00146484375,577,548,False,1.5
chr6:g.169248813G>A|cg16806245,THBS2,361,638,-0.0009765625,-0.0009765625,578,580,True,1.0
chr11:g.57546641C>T|cg10280756,SMTNL1,879,120,-0.0009765625,-0.00146484375,579,553,True,1.5
chr8:g.42180672C>G|cg01419713,PLAT,554,445,0.0009765625,0.02685546875,580,65,True,27.5
chr10:g.104314999C>T|cg03588966,ITPRIP,716,283,-0.0009765625,-0.00048828125,581,652,True,0.5
chr11:g.2847967G>C|cg07464423,KCNQ1,223,776,-0.0009765625,0.0,582,749,False,0.0
chr11:g.65617286C>G|cg22712403,PCNX3,935,64,0.0009765625,0.00341796875,583,400,True,3.5
chr12:g.56131078G>A|cg02268674,ESYT1,672,327,0.0009765625,0.013671875,584,150,True,14.0
chr14:g.103337214C>G|cg05340482,EIF5,808,191,-0.0009765625,0.00048828125,585,672,False,0.5
chr12:g.117330785G>A|cg11854928,NOS1,335,664,-0.0009765625,0.0009765625,586,595,False,1.0
chr7:g.107474408T>C|cg24648061,GPR22,737,262,-0.0009765625,0.00048828125,587,658,False,0.5
chr7:g.149104740C>T|cg24392299,ZNF425,523,476,-0.0009765625,0.001953125,588,492,False,2.0
chr9:g.135822714A>T|cg14020379,CAMSAP1,539,460,-0.0009765625,0.00927734375,589,223,False,9.5
chr1:g.21847812G>A|cg02459271,HSPG2,306,693,-0.0009765625,-0.00048828125,590,650,True,0.5
chr1:g.26346316C>T|cg00830850,CRYBG2,657,342,0.0009765625,0.0,591,755,False,0.0
chr1:g.248099903C>T|cg16717532,OR2L13,880,119,0.0009765625,-0.00146484375,592,550,False,1.5
chr6:g.33286842G>C|cg10629123,WDR46,507,492,-0.0009765625,-0.0068359375,593,279,True,7.0
chr6:g.47253397G>A|cg16901727,TNFRSF21,545,454,-0.0009765625,0.01318359375,594,154,False,13.5
chr12:g.7128270G>A|cg14672128,RBP5,453,546,-0.0009765625,-0.001953125,595,500,True,2.0
chr15:g.75676390C>T|cg00683665,CSPG4,354,645,0.0009765625,0.00244140625,596,455,True,2.5
chr6:g.75151966G>T|cg25290482,COL12A1,494,505,0.0009765625,-0.0087890625,597,228,False,9.0
chr16:g.2281099C>T|cg02124920,ABCA3,334,665,-0.0009765625,-0.0029296875,598,417,True,3.0
chr11:g.76861057G>C|cg21166317,ACER3,487,512,0.000946044921875,-0.012939453125,599,156,False,13.67741935483871
chr1:g.145996261C>A|cg10713626,TXNIP,458,541,0.00091552734375,0.00115966796875,600,559,True,1.2666666666666666
chr9:g.83956171G>A|cg12975295,C9orf64,176,823,-0.000885009765625,0.0,601,728,False,0.0
chr13:g.44575877C>A|cg18028711,TSC22D1,484,515,0.0008697509765625,0.00225830078125,602,458,True,2.5964912280701755
chr1:g.202349083C>T|cg08990198,PPP1R12B,515,484,0.00079345703125,-0.00091552734375,603,608,False,1.1538461538461537
chr9:g.19379496T>C|cg01331992,RPS6,875,124,0.000732421875,-0.092041015625,604,9,False,125.66666666666667
chr17:g.58279384G>A|cg08058156,MPO,392,607,0.000732421875,-0.0244140625,605,73,False,33.333333333333336
chr7:g.30504617G>A|cg05142115,GGCT,431,568,0.00067138671875,-0.000457763671875,606,700,False,0.6818181818181818
chr3:g.185586497G>A|cg02872623,SENP2,605,394,-0.000640869140625,0.001708984375,607,514,False,2.6666666666666665
chr19:g.12792650C>T|cg23443660,JUNB,223,776,0.0006103515625,0.010498046875,608,201,True,17.2
chr6:g.33200447G>A|cg18144707,RXRB,486,513,-0.0006103515625,-0.000946044921875,609,607,True,1.55
chr10:g.12069090C>G|cg14461963,DHTKD1,539,460,0.000579833984375,-0.000213623046875,610,706,False,0.3684210526315789
chr2:g.213284519G>C|cg24664861,SPAG16,542,457,-0.000579833984375,0.001373291015625,611,554,False,2.3684210526315788
chr4:g.48341832G>A|cg13323912,SLAIN2,699,300,-0.00054931640625,-0.001251220703125,612,557,True,2.2777777777777777
chr8:g.38176288G>A|cg27087572,LSM1,420,579,0.000518798828125,0.004669189453125,613,330,True,9.0
chr17:g.1480545G>A|cg13049862,MYO1C,168,831,0.00048828125,0.02294921875,614,79,True,47.0
chr16:g.72098961C>T|cg16558253,DHX38,627,372,0.00048828125,0.00048828125,615,699,True,1.0
chr16:g.50310770G>A|cg06490627,ADCY7,982,17,-0.00048828125,0.001953125,616,461,False,4.0
chr16:g.23087175G>A|cg08340023,USP31,808,191,-0.00048828125,-0.00048828125,617,674,True,1.0
chr19:g.48626010C>T|cg19429827,SPHK2,204,795,0.00048828125,0.001953125,618,487,True,4.0
chr19:g.48282400G>A|cg00843019,ZNF114,372,627,0.00048828125,-0.017578125,619,100,False,36.0
chr19:g.35673255C>G|cg21289919,UPK1A,578,421,-0.00048828125,0.00732421875,620,268,False,15.0
chr17:g.59211350G>A|cg18145340,SMG8,861,138,0.00048828125,-0.00048828125,621,628,False,1.0
chr16:g.88826776C>G|cg03381007,GALNS,110,889,-0.00048828125,0.017578125,622,105,False,36.0
chr5:g.53886606C>T|cg24663090,ARL15,790,209,-0.00048828125,0.0,623,730,False,0.0
chr5:g.38949849C>T|cg07148370,RICTOR,787,212,0.00048828125,-0.00048828125,624,675,False,1.0
chr5:g.55133512G>C|cg16506432,CDC20B,976,23,-0.00048828125,-0.00146484375,625,525,True,3.0
chr4:g.139511684G>A|cg24475272,SETD7,724,275,-0.00048828125,0.0,626,719,False,0.0
chr2:g.88091035C>T|cg18115724,SMYD1,677,322,-0.00048828125,0.0009765625,627,570,False,2.0
chr15:g.90067857C>G|cg22460443,ZNF710,605,394,-0.00048828125,0.015625,628,124,False,32.0
chr6:g.132734486C>A|cg22825487,VNN3,941,58,-0.00048828125,-0.00146484375,629,542,True,3.0
chr14:g.22987392C>T|cg04789056,C14orf93,927,72,0.00048828125,0.0029296875,630,414,True,6.0
chr13:g.85796263A>G|cg16103732,SLITRK6,234,765,-0.00048828125,0.00341796875,631,402,False,7.0
chr8:g.10726080G>A|cg05938889,SOX7,262,737,-0.00048828125,-0.06591796875,632,15,True,135.0
chr1:g.205770789G>A|cg05364141,RAB29,264,735,-0.00048828125,0.0,633,726,False,0.0
chr7:g.90604237C>T|cg06008531,CDK14,89,910,-0.00048828125,0.00146484375,634,547,False,3.0
chr12:g.13563485C>G|cg14351692,GRIN2B,544,455,0.00048828125,0.005859375,635,297,True,12.0
chr11:g.94799670G>A|cg11429960,AMOTL1,386,613,0.00048828125,-0.001953125,636,483,False,4.0
chr7:g.48279750C>T|cg10626169,ABCA13,150,849,0.00048828125,0.00048828125,637,666,True,1.0
chr8:g.31031922C>T|cg12672713,PURG,228,771,0.00048828125,0.00048828125,638,663,True,1.0
chr8:g.27987586G>A|cg24037389,SCARA5,420,579,-0.00048828125,-0.01611328125,639,112,True,33.0
chr8:g.41265320G>A|cg16667459,SFRP1,725,274,-0.00048828125,-0.00537109375,640,306,True,11.0
chr14:g.89412237G>A|cg10976706,FOXN3,496,503,0.00048828125,-0.00537109375,641,309,False,11.0
chr8:g.65841380C>T|cg06195829,PDE7A,364,635,-0.00048828125,0.0032196044921875,642,405,False,6.59375
chr11:g.67502566C>T|cg10122252,PITPNM1,997,2,0.00048828125,0.00048828125,643,654,True,1.0
chr13:g.51771287G>A|cg07285641,DHRS12,620,379,-0.00048828125,-0.0048828125,644,312,True,10.0
chr6:g.10398698A>G|cg08401657,TFAP2A,384,615,0.00048828125,0.00341796875,645,394,True,7.0
chr5:g.131988132G>A|cg24786495,ACSL6,406,593,0.00048828125,0.00048828125,646,668,True,1.0
chr19:g.9160218G>A|cg01914743,ZNF317,486,513,0.00048828125,-0.00048828125,647,622,False,1.0
chr19:g.810754C>A|cg17821750,PTBP1,119,880,-0.00048828125,0.029296875,648,61,False,60.0
chr19:g.40389540G>C|cg06933064,HIPK4,477,522,-0.00048828125,-0.001953125,649,488,True,4.0
chr19:g.37669336G>C|cg24851318,ZNF781,92,907,0.00048828125,0.0048828125,650,313,True,10.0
chr19:g.37669729C>T|cg24851318,ZNF781,485,514,0.00048828125,0.0068359375,651,280,True,14.0
chr19:g.3813857G>C|cg10214132,ZFR2,223,776,-0.00048828125,0.00146484375,652,524,False,3.0
chr19:g.12706250G>C|cg08258350,TNPO2,279,720,0.00048828125,-0.0009765625,653,594,False,2.0
chr4:g.3233330C>T|cg06609182,HTT,556,443,-0.00048828125,0.0107421875,654,199,False,22.0
chr4:g.186707944T>A|cg08100122,FAT1,365,634,-0.00048828125,-0.005859375,655,295,True,12.0
chr4:g.15442469T>A|cg03672066,C1QTNF7,415,584,-0.00048828125,0.00048828125,656,632,False,1.0
chr2:g.237371793G>T|cg17725364,COL6A3,421,578,-0.00048828125,-0.0009765625,657,565,True,2.0
chr20:g.49270996G>A|cg06122230,ZNFX1,813,186,-0.00048828125,0.00048828125,658,641,False,1.0
chr3:g.50355466T>C|cg18354370,TMEM115,352,647,-0.00048828125,0.0,659,734,False,0.0
chr3:g.119660073C>T|cg09411212,POPDC2,199,800,-0.00048828125,0.00146484375,660,530,False,3.0
chr3:g.52690608G>A|cg00447581,GNL3,545,454,-0.00048828125,0.00048828125,661,691,False,1.0
chr20:g.4699925C>T|cg23362473,PRNP,328,671,-0.00048828125,-0.00048828125,662,639,True,1.0
chr2:g.197408427C>G|cg11988203,SF3B1,849,150,-0.00048828125,0.00048828125,663,683,False,1.0
chr20:g.18316702C>G|cg16549153,ZNF133,241,758,0.00048828125,0.00146484375,664,517,True,3.0
chr21:g.41836116G>A|cg08073527,PRDM15,143,856,-0.00048828125,0.00048828125,665,680,False,1.0
chr22:g.46258469G>A|cg19805062,PKDREJ,238,761,-0.00048828125,0.0029296875,666,424,False,6.0
chr1:g.34761653G>C|cg13963693,GJB4,481,518,0.00048828125,0.00048828125,667,640,True,1.0
chr9:g.133256029G>A|cg14639822,ABO,431,568,0.00048828125,0.01171875,668,179,True,24.0
chr3:g.52529249G>T|cg14886990,NT5DC2,131,868,-0.00048828125,0.0,669,733,False,0.0
chr22:g.46534699G>A|cg07223632,CELSR1,596,403,0.00048828125,0.00146484375,670,518,True,3.0
chr1:g.92836195C>G|cg08661164,RPL5,582,417,-0.00048828125,-0.00341796875,671,385,True,7.0
chr9:g.35869721C>T|cg14276698,OR13J1,421,578,-0.00048828125,0.00048828125,672,642,False,1.0
chr1:g.241635374G>A|cg17461214,CHML,112,887,-0.00048828125,-0.01025390625,673,203,True,21.0
chr7:g.151049344T>A|cg11262093,ASIC3,650,349,-0.00048828125,-0.00830078125,674,247,True,17.0
chr1:g.1544993C>T|cg03941625,SSU72,269,730,-0.00048828125,0.0087890625,675,239,False,18.0
chr1:g.15660969T>C|cg15998773,RSC1A1,847,152,0.00048828125,-0.0029296875,676,408,False,6.0
chr1:g.228321541C>T|cg08794084,OBSCN,361,638,-0.00048828125,0.0029296875,677,412,False,6.0
chr1:g.22600969C>A|cg20991983,EPHA8,433,566,0.00048828125,0.0048828125,678,321,True,10.0
chr6:g.47286542G>A|cg11209008,TNFRSF21,608,391,0.00048828125,0.0,679,745,False,0.0
chr16:g.27749939C>G|cg03245155,KATNIP,505,494,0.00048828125,0.0126953125,680,164,True,26.0
chr15:g.74175356C>T|cg16926502,ISLR,487,512,-0.00048828125,0.00439453125,681,342,False,9.0
chr13:g.106567653C>T|cg20524972,ARGLU1,605,394,0.000457763671875,-0.0001983642578125,682,707,False,0.43333333333333335
chr10:g.111079229C>T|cg05329352,ADRA2A,503,496,0.000457763671875,-0.03271484375,683,53,False,71.46666666666667
chr15:g.45403363C>A|cg05785653,SPATA5L1,243,756,-0.00042724609375,-0.000762939453125,684,615,True,1.7857142857142858
chr20:g.35542892A>G|cg08632001,ERGIC3,977,22,-0.0003662109375,0.00067138671875,685,619,False,1.8333333333333333
chr12:g.57475607C>T|cg05584759,ARHGAP9,468,531,-0.00030517578125,0.00128173828125,686,556,False,4.2
chr9:g.6015410C>T|cg08689940,RANBP6,470,529,0.00030517578125,0.00177001953125,687,513,True,5.8
chr21:g.28992794C>T|cg08249556,LTN1,510,489,0.0002899169921875,-0.01177978515625,688,177,False,40.63157894736842
chr5:g.132866923G>A|cg05040447,UQCRQ,479,520,0.0002899169921875,-0.001068115234375,689,560,False,3.6842105263157894
chr8:g.108443664G>T|cg08258788,EMC2,527,472,-0.000274658203125,0.002716064453125,690,428,False,9.88888888888889
chr19:g.35141166C>T|cg10351808,FXYD1,76,923,0.000244140625,0.000946044921875,691,606,True,3.875
chr1:g.100539143C>T|cg16007456,GPR88,560,439,0.000244140625,-0.009765625,692,213,False,40.0
chr11:g.125626790G>A|cg00554702,CHEK1,539,460,0.000213623046875,-0.002685546875,693,430,False,12.571428571428571
chr5:g.100902905C>T|cg13320626,ST8SIA4,453,546,-0.00018310546875,0.058349609375,694,20,False,318.6666666666667
chr16:g.727584G>T|cg02574319,HAGHL,414,585,0.00018310546875,-0.0174560546875,695,107,False,95.33333333333333
chr6:g.27810226G>A|cg15410276,H3C10,427,572,0.00018310546875,-0.0330810546875,696,52,False,180.66666666666666
chr17:g.1109063C>T|cg01555791,ABR,514,485,0.000152587890625,-0.00042724609375,697,701,False,2.8
chr7:g.74174395C>T|cg06739182,EIF4H,522,477,-0.000152587890625,0.0023040771484375,698,457,False,15.1
chr16:g.57984764C>T|cg07844931,TEPP,287,712,-0.0001373291015625,-0.0352783203125,699,46,True,256.8888888888889
chr20:g.17970015C>T|cg26273886,MGME1,463,536,0.0001220703125,0.000732421875,700,616,True,6.0
chr16:g.23710991G>A|cg05532980,ERN2,952,47,0.0,0.0,701,744,True,0.0
chr17:g.2324241C>T|cg22556056,TSR1,31,968,0.0,-0.0009765625,702,589,False,976562500.0
chr2:g.190998253G>C|cg20173260,STAT1,847,152,0.0,0.00048828125,703,682,False,488281250.0
chr2:g.190962956C>T|cg24607686,GLS,251,748,0.0,0.0009765625,704,572,False,976562500.0
chr3:g.25720045T>G|cg12469257,NGLY1,995,4,0.0,0.0,705,723,True,0.0
chr9:g.99069811G>A|cg14424210,COL15A1,548,451,0.0,0.00048828125,706,684,False,488281250.0
chr16:g.67378687G>A|cg02210621,LRRC36,658,341,0.0,0.00048828125,707,661,False,488281250.0
chr16:g.72796733G>A|cg04101363,ZFHX3,847,152,0.0,0.0,708,737,True,0.0
chr16:g.89737822C>T|cg02099410,ZNF276,34,965,0.0,-0.001953125,709,472,False,1953125000.0
chr5:g.160349684G>A|cg00549609,C1QTNF2,755,244,0.0,-0.00244140625,710,451,False,2441406250.0
chr5:g.138345517G>A|cg01099252,FAM53C,514,485,0.0,-0.025390625,711,72,False,25390625000.0
chr17:g.69314364G>A|cg07372195,ABCA5,162,837,0.0,0.0,712,716,True,0.0
chr19:g.57455917C>T|cg08023175,VN1R1,178,821,0.0,-0.0009765625,713,564,False,976562500.0
chr2:g.48581437C>T|cg25061755,STON1,961,38,0.0,-0.00048828125,714,625,False,488281250.0
chr2:g.24079462C>G|cg10884103,TP53I3,75,924,0.0,0.0,715,714,True,0.0
chr2:g.33134839C>T|cg14102437,LTBP1,717,282,0.0,-0.00146484375,716,528,False,1464843750.0
chr19:g.12663773C>T|cg12085704,MAN2B1,986,13,0.0,0.00048828125,717,633,False,488281250.0
chr9:g.119167408G>A|cg13603112,BRINP1,374,625,0.0,0.0107421875,718,191,False,10742187500.0
chr8:g.116755669G>A|cg02735071,EIF3H,533,466,0.0,-6.103515625e-05,719,713,False,61035156.25
chr1:g.110604093G>A|cg02076848,KCNA2,108,891,0.0,0.00048828125,720,687,False,488281250.0
chr3:g.187236347C>A|cg04126095,MASP1,907,92,0.0,0.0,721,721,True,0.0
chr3:g.170084314G>C|cg19939732,GPR160,795,204,0.0,0.0,722,736,True,0.0
chr3:g.155853587G>A|cg21538020,SLC33A1,504,495,0.0,-0.00030517578125,723,703,False,305175781.25
chr22:g.37207471G>A|cg07002295,SSTR3,427,572,0.0,-0.00439453125,724,334,False,4394531250.0
chr3:g.119227025G>C|cg13527974,B4GALT4,564,435,0.0,-0.00439453125,725,354,False,4394531250.0
chr3:g.141443168G>A|cg03582793,ZBTB38,489,510,0.0,-0.0224609375,726,82,False,22460937500.0
chr3:g.50182954G>A|cg19929403,SEMA3F,681,318,0.0,0.0,727,731,True,0.0
chr3:g.45759911C>G|cg09251680,SLC6A20,758,241,0.0,0.0029296875,728,425,False,2929687500.0
chr20:g.3234770G>C|cg21907993,SLC4A11,989,10,0.0,0.0,729,724,True,0.0
chr20:g.62330600G>A|cg01847620,LAMA5,233,766,0.0,0.00244140625,730,435,False,2441406250.0
chr2:g.233693151C>A|cg23874600,UGT1A6,342,657,0.0,0.0029296875,731,423,False,2929687500.0
chr2:g.241210521C>T|cg19838074,ANO7,570,429,0.0,-0.00146484375,732,521,False,1464843750.0
chr2:g.206176528G>A|cg23627076,GPR1,287,712,0.0,0.0107421875,733,198,False,10742187500.0
chr2:g.178722127C>T|cg20701897,TTN,592,407,0.0,-0.0009765625,734,568,False,976562500.0
chr12:g.67657270G>A|cg12694689,DYRK2,102,897,0.0,-0.00146484375,735,537,False,1464843750.0
chr15:g.74176028C>G|cg09664357,ISLR,977,22,0.0,0.0,736,741,True,0.0
chr11:g.57659635G>A|cg14746813,CLP1,154,845,0.0,0.0,737,750,True,0.0
chr11:g.12162260C>G|cg07706558,MICAL2,860,139,0.0,0.0,738,748,True,0.0
chr11:g.499131G>C|cg15210314,RNH1,687,312,0.0,0.00830078125,739,250,False,8300781250.0
chr11:g.65131489G>C|cg05300538,SYVN1,693,306,0.0,-0.00048828125,740,653,False,488281250.0
chr11:g.792901C>T|cg19262958,SLC25A22,539,460,0.0,-0.01806640625,741,97,False,18066406250.0
chr7:g.37740441G>A|cg24995381,GPR141,386,613,0.0,-0.0009765625,742,603,False,976562500.0
chr11:g.119342680C>T|cg21504757,MFRP,38,961,0.0,0.0,743,752,True,0.0
chr11:g.116957017C>T|cg19006628,SIK3,716,283,0.0,0.0,744,754,True,0.0
chr7:g.44113961C>G|cg26645494,AEBP1,559,440,0.0,0.013427734375,745,151,False,13427734375.0
chr7:g.93132140G>A|cg11214047,SAMD9L,230,769,0.0,-0.00048828125,746,655,False,488281250.0
chr16:g.15047865C>T|cg08371685,NTAN1,846,153,0.0,0.00048828125,747,698,False,488281250.0
chr15:g.74195374G>A|cg10085741,STRA6,324,675,0.0,-0.0107421875,748,192,False,10742187500.0
chr14:g.22845320A>G|cg04219048,MMP14,0,999,0.0,-0.00244140625,749,438,False,2441406250.0
chr15:g.22916598G>A|cg13051607,CYFIP1,744,255,0.0,-0.00048828125,750,697,False,488281250.0
chr15:g.22823780C>T|cg15159661,NIPA1,395,604,0.0,0.00048828125,751,694,False,488281250.0
chr10:g.75029366G>A|cg05791881,KAT6B,409,590,0.0,0.00048828125,752,644,False,488281250.0
chr9:g.135503839C>G|cg13958495,MRPS2,838,161,0.0,0.005859375,753,293,False,5859375000.0
chr10:g.73498662G>A|cg08971769,USP54,592,407,0.0,0.00048828125,754,646,False,488281250.0
chr10:g.73801426G>A|cg17694069,ZSWIM8,193,806,0.0,0.009765625,755,209,False,9765625000.0
chr9:g.135822618C>A|cg14020379,CAMSAP1,443,556,0.0,-0.0009765625,756,601,False,976562500.0
chr1:g.22576513G>A|cg23242509,EPHA8,564,435,0.0,0.00048828125,757,643,False,488281250.0
