stratum,cohort,model,threshold,metric,n,n_blocks,value,ci_low,ci_high
significant,GENOA,fusion,5e-08,signed_rho,4037,230,0.14868331718827826,0.1120848428388328,0.18507256702718
significant,GENOA,fusion,5e-08,direction_agreement,4037,230,0.555858310626703,0.5383115839834336,0.5718536307558179
significant,GENOA,fusion,5e-08,calibration_slope,4037,230,1.2054475109770948,0.9600282008647965,1.541782259417247
null_p_gt_0.5,GENOA,fusion,5e-08,signed_rho,13330,248,-0.0005891627394020053,-0.01773886986395357,0.01777819224799229
null_p_gt_0.5,GENOA,fusion,5e-08,direction_agreement,13330,248,0.4980495123780945,0.489501135640808,0.5069057536461284
precision_q1,GENOA,fusion,5e-08,signed_rho,808,184,0.038801247814726735,-0.02770506418553907,0.11286963116675407
precision_q1,GENOA,fusion,5e-08,direction_agreement,808,184,0.530940594059406,0.49375395982409065,0.5653480453972257
precision_q2,GENOA,fusion,5e-08,signed_rho,807,184,0.1648487661086636,0.09191496880733925,0.2318585371421258
precision_q2,GENOA,fusion,5e-08,direction_agreement,807,184,0.5650557620817844,0.527250258390278,0.6001054200760202
precision_q3,GENOA,fusion,5e-08,signed_rho,808,185,0.13066852531995773,0.06536320081830799,0.20481580901976437
precision_q3,GENOA,fusion,5e-08,direction_agreement,808,185,0.5433168316831684,0.5100454748270989,0.5781823839037203
precision_q4,GENOA,fusion,5e-08,signed_rho,806,165,0.19853976414105892,0.12973297054031463,0.2714563615996437
precision_q4,GENOA,fusion,5e-08,direction_agreement,806,165,0.5682382133995038,0.5307923068956427,0.6048240994473446
precision_q5,GENOA,fusion,5e-08,signed_rho,808,152,0.19141210714496623,0.10743606839192092,0.27546080532963896
precision_q5,GENOA,fusion,5e-08,direction_agreement,808,152,0.5717821782178217,0.5321511108485864,0.6079870324070198
distance_0_50,GENOA,fusion,5e-08,signed_rho,844,203,0.16602653249286947,0.09956971983752032,0.22843672919368055
distance_0_50,GENOA,fusion,5e-08,direction_agreement,844,203,0.5639810426540285,0.5313672456462726,0.5973710317460318
distance_50_100,GENOA,fusion,5e-08,signed_rho,479,158,0.325811121533174,0.2392051418323758,0.40889556698659096
distance_50_100,GENOA,fusion,5e-08,direction_agreement,479,158,0.6116910229645094,0.5650004946354538,0.6546170130869899
distance_100_200,GENOA,fusion,5e-08,signed_rho,761,182,0.13491446484735706,0.06997689610163131,0.20196898320803236
distance_100_200,GENOA,fusion,5e-08,direction_agreement,761,182,0.5545335085413929,0.5155011482939632,0.5941825699745548
distance_200_300,GENOA,fusion,5e-08,signed_rho,685,167,0.1428150388551084,0.06143754608729931,0.21736238493168455
distance_200_300,GENOA,fusion,5e-08,direction_agreement,685,167,0.5401459854014599,0.5030679199945641,0.5753683595531235
distance_300_400,GENOA,fusion,5e-08,signed_rho,642,168,0.10222985155346628,0.0441015391174928,0.17536614642261963
distance_300_400,GENOA,fusion,5e-08,direction_agreement,642,168,0.5716510903426791,0.5381537931784407,0.6185943126580085
distance_400_501,GENOA,fusion,5e-08,signed_rho,626,165,0.003613764978557136,-0.08203905827606897,0.08498014828405479
distance_400_501,GENOA,fusion,5e-08,direction_agreement,626,165,0.5047923322683706,0.46318367570096786,0.5471424926648807
cpg_altering_nearby,GENOA,fusion,5e-08,signed_rho,0,0,,,
cpg_altering_nearby,GENOA,fusion,5e-08,direction_agreement,0,0,,,
no_cpg_altering_nearby,GENOA,fusion,5e-08,signed_rho,4037,230,0.14868331718827826,0.11502319239495795,0.18231016341249995
no_cpg_altering_nearby,GENOA,fusion,5e-08,direction_agreement,4037,230,0.555858310626703,0.5380091289686199,0.5749226985293688
significant,GENOA,sequence,5e-08,signed_rho,4037,230,0.1497029524707165,0.1177556730123264,0.18566270722962067
significant,GENOA,sequence,5e-08,direction_agreement,4037,230,0.5541243497646767,0.5358870611750612,0.5692055371411187
significant,GENOA,sequence,5e-08,calibration_slope,4037,230,0.9846868525323674,0.8069049061926908,1.1883460964043662
null_p_gt_0.5,GENOA,sequence,5e-08,signed_rho,13330,248,-0.0015151949552402008,-0.015753142081601553,0.015252759116553717
null_p_gt_0.5,GENOA,sequence,5e-08,direction_agreement,13330,248,0.49444861215303826,0.484976149300582,0.5034072840267599
precision_q1,GENOA,sequence,5e-08,signed_rho,808,184,0.046946773240444765,-0.024023503987910023,0.1165894249216852
precision_q1,GENOA,sequence,5e-08,direction_agreement,808,184,0.5272277227722773,0.4929789806547619,0.5643098632248122
precision_q2,GENOA,sequence,5e-08,signed_rho,807,184,0.16593006502820973,0.09234291710177972,0.23595119141841658
precision_q2,GENOA,sequence,5e-08,direction_agreement,807,184,0.5700123915737298,0.5337943224514591,0.6052381484794275
precision_q3,GENOA,sequence,5e-08,signed_rho,808,185,0.12928408962201285,0.06053468836943056,0.20137140780509155
precision_q3,GENOA,sequence,5e-08,direction_agreement,808,185,0.5383663366336634,0.49880805621692376,0.5796366303865707
precision_q4,GENOA,sequence,5e-08,signed_rho,806,165,0.20987190358268498,0.13839222117058608,0.28866999636226776
precision_q4,GENOA,sequence,5e-08,direction_agreement,806,165,0.575682382133995,0.5413286619054035,0.6128130863039399
precision_q5,GENOA,sequence,5e-08,signed_rho,808,152,0.18039615783646473,0.0970626201161929,0.2626011795293542
precision_q5,GENOA,sequence,5e-08,direction_agreement,808,152,0.5594059405940595,0.5183937156593407,0.5947729482124386
distance_0_50,GENOA,sequence,5e-08,signed_rho,844,203,0.1786972655510584,0.1158024620558685,0.2387910038014441
distance_0_50,GENOA,sequence,5e-08,direction_agreement,844,203,0.566350710900474,0.5360635938623831,0.6027171081591601
distance_50_100,GENOA,sequence,5e-08,signed_rho,479,158,0.3312274699837054,0.245697046051897,0.4161435033253152
distance_50_100,GENOA,sequence,5e-08,direction_agreement,479,158,0.615866388308977,0.5696734449760765,0.6625781544256121
distance_100_200,GENOA,sequence,5e-08,signed_rho,761,182,0.13284259997707895,0.05739048795009143,0.20238141533602944
distance_100_200,GENOA,sequence,5e-08,direction_agreement,761,182,0.5584756898817346,0.5202299620411539,0.5979796507917599
distance_200_300,GENOA,sequence,5e-08,signed_rho,685,167,0.14603258356942328,0.0682419792083234,0.21649605047875703
distance_200_300,GENOA,sequence,5e-08,direction_agreement,685,167,0.5372262773722628,0.4991761156780957,0.5718151693667157
distance_300_400,GENOA,sequence,5e-08,signed_rho,642,168,0.09145734457815431,0.02279501793796221,0.16874052833698414
distance_300_400,GENOA,sequence,5e-08,direction_agreement,642,168,0.5607476635514018,0.5205772841051314,0.6079601725830317
distance_400_501,GENOA,sequence,5e-08,signed_rho,626,165,-0.015724283852017566,-0.09071560090780115,0.06496243612603379
distance_400_501,GENOA,sequence,5e-08,direction_agreement,626,165,0.4968051118210863,0.45959912922675905,0.5363677216974482
cpg_altering_nearby,GENOA,sequence,5e-08,signed_rho,0,0,,,
cpg_altering_nearby,GENOA,sequence,5e-08,direction_agreement,0,0,,,
no_cpg_altering_nearby,GENOA,sequence,5e-08,signed_rho,4037,230,0.1497029524707165,0.11470484533384365,0.1830310575525052
no_cpg_altering_nearby,GENOA,sequence,5e-08,direction_agreement,4037,230,0.5541243497646767,0.5386898010058176,0.5717404110231639
significant,eGTEx,fusion,1.483e-05,signed_rho,418,85,0.23641948899053508,0.09804247895403219,0.3921309962925563
significant,eGTEx,fusion,1.483e-05,direction_agreement,418,85,0.5956937799043063,0.5420889440113394,0.6509231826736458
significant,eGTEx,fusion,1.483e-05,calibration_slope,418,85,1.4325855222507136,0.8367937342985009,2.516566847529054
null_p_gt_0.5,eGTEx,fusion,1.483e-05,signed_rho,20964,246,0.017648685331300693,0.004269964973148434,0.03100131223989643
null_p_gt_0.5,eGTEx,fusion,1.483e-05,direction_agreement,20964,246,0.5052470902499523,0.49793889645063866,0.5124931011991369
precision_q2,eGTEx,fusion,1.483e-05,signed_rho,82,39,0.36135949432190745,0.11449746189070106,0.576539143874431
precision_q2,eGTEx,fusion,1.483e-05,direction_agreement,82,39,0.6219512195121951,0.5165168845315904,0.7350090036014406
precision_q3,eGTEx,fusion,1.483e-05,signed_rho,84,39,0.35842656857554356,0.09040832433411443,0.561936370866009
precision_q3,eGTEx,fusion,1.483e-05,direction_agreement,84,39,0.6547619047619048,0.535,0.7640324214792299
precision_q5,eGTEx,fusion,1.483e-05,signed_rho,84,25,0.20915334841341415,0.06585647023209633,0.5140067234757502
precision_q5,eGTEx,fusion,1.483e-05,direction_agreement,84,25,0.5595238095238095,0.48342032967032966,0.698560606060606
precision_q1,eGTEx,fusion,1.483e-05,signed_rho,85,36,0.42417194695435023,0.20531276428793882,0.6339986071895116
precision_q1,eGTEx,fusion,1.483e-05,direction_agreement,85,36,0.6588235294117647,0.5597500000000001,0.7702702702702703
precision_q4,eGTEx,fusion,1.483e-05,signed_rho,83,33,0.027670959258431396,-0.18235203210163817,0.34851417141395635
precision_q4,eGTEx,fusion,1.483e-05,direction_agreement,83,33,0.4819277108433735,0.3875320571533248,0.5822617680826636
distance_0_50,eGTEx,fusion,1.483e-05,signed_rho,95,46,0.4082981048101968,0.23535573576530627,0.5833160418956247
distance_0_50,eGTEx,fusion,1.483e-05,direction_agreement,95,46,0.6947368421052632,0.6228115189567738,0.7668600902643455
distance_50_100,eGTEx,fusion,1.483e-05,signed_rho,47,26,0.34821325547992565,-0.0065136279269852795,0.659513770105208
distance_50_100,eGTEx,fusion,1.483e-05,direction_agreement,47,26,0.6595744680851063,0.51622920997921,0.7901162790697674
distance_100_200,eGTEx,fusion,1.483e-05,signed_rho,82,43,0.11608100112771991,-0.1754499257660613,0.3606044607707133
distance_100_200,eGTEx,fusion,1.483e-05,direction_agreement,82,43,0.573170731707317,0.4610070850202429,0.6819408406850026
distance_200_300,eGTEx,fusion,1.483e-05,signed_rho,75,35,0.22674282184007316,0.020229352000936975,0.5755397891892228
distance_200_300,eGTEx,fusion,1.483e-05,direction_agreement,75,35,0.5866666666666667,0.46707062715765246,0.7377049180327869
distance_300_400,eGTEx,fusion,1.483e-05,signed_rho,59,30,0.08282190674033663,-0.28248170881951495,0.44023746086091137
distance_300_400,eGTEx,fusion,1.483e-05,direction_agreement,59,30,0.4915254237288136,0.32770604395604397,0.6388472270666202
distance_400_501,eGTEx,fusion,1.483e-05,signed_rho,60,32,0.08477943750918744,-0.16082374770834681,0.3851688778395981
distance_400_501,eGTEx,fusion,1.483e-05,direction_agreement,60,32,0.5333333333333333,0.40166666666666667,0.6666666666666666
cpg_altering_nearby,eGTEx,fusion,1.483e-05,signed_rho,0,0,,,
cpg_altering_nearby,eGTEx,fusion,1.483e-05,direction_agreement,0,0,,,
no_cpg_altering_nearby,eGTEx,fusion,1.483e-05,signed_rho,418,85,0.23641948899053508,0.09963179603657159,0.38799003569864177
no_cpg_altering_nearby,eGTEx,fusion,1.483e-05,direction_agreement,418,85,0.5956937799043063,0.5440019603321032,0.656672669067627
significant,eGTEx,sequence,1.483e-05,signed_rho,418,85,0.2247012532584066,0.08764765756162572,0.3917148588809863
significant,eGTEx,sequence,1.483e-05,direction_agreement,418,85,0.5909090909090909,0.5379259566729918,0.65657483691158
significant,eGTEx,sequence,1.483e-05,calibration_slope,418,85,1.2455007398127624,0.8489393817764134,1.8631958003518747
null_p_gt_0.5,eGTEx,sequence,1.483e-05,signed_rho,20964,246,0.019572635269746865,0.00769180465831305,0.031933622609531025
null_p_gt_0.5,eGTEx,sequence,1.483e-05,direction_agreement,20964,246,0.506821217324938,0.5009871458267874,0.5139299203844652
precision_q2,eGTEx,sequence,1.483e-05,signed_rho,82,39,0.332014478005396,0.10481000017259666,0.5322978456525002
precision_q2,eGTEx,sequence,1.483e-05,direction_agreement,82,39,0.6341463414634146,0.5202602739726028,0.7486950549450548
precision_q3,eGTEx,sequence,1.483e-05,signed_rho,84,39,0.33849035632906765,0.06937123857527193,0.5188335891689615
precision_q3,eGTEx,sequence,1.483e-05,direction_agreement,84,39,0.6428571428571429,0.5102407786885246,0.768701226309922
precision_q5,eGTEx,sequence,1.483e-05,signed_rho,84,25,0.19157615977222872,0.044530686033595786,0.4908032020720531
precision_q5,eGTEx,sequence,1.483e-05,direction_agreement,84,25,0.5595238095238095,0.4788266825491364,0.6968344155844153
precision_q1,eGTEx,sequence,1.483e-05,signed_rho,85,36,0.42665442793422126,0.17055851504204278,0.6399021639935021
precision_q1,eGTEx,sequence,1.483e-05,direction_agreement,85,36,0.611764705882353,0.5131496881496881,0.7279545454545454
precision_q4,eGTEx,sequence,1.483e-05,signed_rho,83,33,0.022805158219064238,-0.1796957103144071,0.3518844670211582
precision_q4,eGTEx,sequence,1.483e-05,direction_agreement,83,33,0.5060240963855421,0.40375,0.6201839826839827
distance_0_50,eGTEx,sequence,1.483e-05,signed_rho,95,46,0.404623589844732,0.21884786685027519,0.6092078364720042
distance_0_50,eGTEx,sequence,1.483e-05,direction_agreement,95,46,0.7263157894736842,0.6363636363636364,0.8089600507292326
distance_50_100,eGTEx,sequence,1.483e-05,signed_rho,47,26,0.36613854760858333,0.02067100510749984,0.6240775359443176
distance_50_100,eGTEx,sequence,1.483e-05,direction_agreement,47,26,0.6382978723404256,0.517,0.7555555555555555
distance_100_200,eGTEx,sequence,1.483e-05,signed_rho,82,43,0.10973545741862842,-0.1711927384309736,0.35506965788241107
distance_100_200,eGTEx,sequence,1.483e-05,direction_agreement,82,43,0.5365853658536586,0.42168674698795183,0.65625
distance_200_300,eGTEx,sequence,1.483e-05,signed_rho,75,35,0.20413824539839698,-0.013726777665233673,0.5289265468403493
distance_200_300,eGTEx,sequence,1.483e-05,direction_agreement,75,35,0.5733333333333334,0.4647760467380721,0.717909787735849
distance_300_400,eGTEx,sequence,1.483e-05,signed_rho,59,30,0.03147466251211805,-0.3405100958625359,0.4095739728524723
distance_300_400,eGTEx,sequence,1.483e-05,direction_agreement,59,30,0.5084745762711864,0.3465810276679842,0.6597978723404255
distance_400_501,eGTEx,sequence,1.483e-05,signed_rho,60,32,0.0732476556126575,-0.18550382694397335,0.32080215116157607
distance_400_501,eGTEx,sequence,1.483e-05,direction_agreement,60,32,0.5166666666666667,0.3961745689655172,0.6363636363636364
cpg_altering_nearby,eGTEx,sequence,1.483e-05,signed_rho,0,0,,,
cpg_altering_nearby,eGTEx,sequence,1.483e-05,direction_agreement,0,0,,,
no_cpg_altering_nearby,eGTEx,sequence,1.483e-05,signed_rho,418,85,0.2247012532584066,0.08215816117609417,0.3844834399160627
no_cpg_altering_nearby,eGTEx,sequence,1.483e-05,direction_agreement,418,85,0.5909090909090909,0.5374765886054477,0.6520140267622229
