Analysis,Seed,Model,beta_mae,beta_rmse,m_mae,m_rmse,roc_auc
individual_seed,42,fusion,0.08853942150084283,0.1385084012549078,1.010272418343865,1.3410794963064385,0.976516133213212
individual_seed,42,epi,0.10219716461307705,0.16051067673286545,1.175750814638139,1.5304326119473417,0.9658027966449174
individual_seed,43,fusion,0.09005136916539738,0.14009971835284374,1.0258382617852386,1.3574572900690203,0.9750724815001811
individual_seed,43,epi,0.10221867807467823,0.1601634964982808,1.1765845400307233,1.5301500405213218,0.9658036143618038
individual_seed,44,fusion,0.09562321456089984,0.15008489052780044,1.0661753776747134,1.4305855252373847,0.9716697072635958
individual_seed,44,epi,0.10226457553889741,0.16048539555545255,1.176656414384863,1.5305647269037692,0.9658133720647201
cross_seed_ensemble,ensemble,fusion,0.0897166722080772,0.13953126717504058,1.0164765279089025,1.3499260709089227,0.9756854542139338
cross_seed_ensemble,ensemble,epi,0.10219822551378273,0.16033311813349208,1.176034172812663,1.5299432845013605,0.9658347396137473
individual_seed,42,sequence,0.10898100500784416,0.17612439583713338,1.1859680443755345,1.6297641052394987,0.9576486134272373
individual_seed,43,sequence,0.11031664326363921,0.17604377490363554,1.197785803173322,1.635879178074889,0.95675560590868
individual_seed,44,sequence,0.1103931298372355,0.1756555648671203,1.1984134427150372,1.6426388264036749,0.9561827128801956
cross_seed_ensemble,ensemble,sequence,0.10790495781801974,0.1720610654193588,1.1729402883077704,1.604155532210053,0.9590422861685944
