Rsid,Expected_Alt,Gene,Protein_Change,Variant_Origin,PMID,Citation_Key,Source_URL,ClinVar_URL,Transcript_Annotation,Gene_Function,Disease_Context,Reported_Biological_Evidence,Expected_mQTL_CpG,mQTL_Tissue_Qualifier
rs121913273,A,PIK3CA,p.E542K,somatic,31404155,pik3ca_hotspots_breast,https://pubmed.ncbi.nlm.nih.gov/31404155/,,,PI3K catalytic subunit,breast cancer,"Recurrent helical-domain hotspot observed in breast tumors",,
rs104886003,A,PIK3CA,p.E545K,somatic,24080956,pik3ca_e545k_mammary,https://pubmed.ncbi.nlm.nih.gov/24080956/,,,PI3K catalytic subunit,breast cancer,"Constitutively active helical-domain hotspot studied in mammary models",,
rs121913279,G,PIK3CA,p.H1047R,somatic,20581867,pik3ca_h1047r_her2,https://pubmed.ncbi.nlm.nih.gov/20581867/,,,PI3K catalytic subunit,HER2-positive breast cancer,"Gain-of-function kinase-domain hotspot studied in human mammary epithelial cells",,
rs121434592,T,AKT1,p.E17K,somatic,18504432,akt1_e17k_breast,https://pubmed.ncbi.nlm.nih.gov/18504432/,,,AKT serine/threonine kinase,breast cancer,"Recurrent oncogenic AKT1 hotspot reported in breast tumors",,
rs11540652,T,TP53,p.R248Q,somatic,26703669,tp53_r248q_tnbc,https://pubmed.ncbi.nlm.nih.gov/26703669/,,,p53 tumor suppressor,triple-negative breast cancer,"Breast-cancer study of mutant p53 R248Q biology",,
rs28934578,T,TP53,p.R175H,somatic,26703669,tp53_hotspots_breast,https://pubmed.ncbi.nlm.nih.gov/26703669/,,,p53 tumor suppressor,breast cancer,"Canonical DNA-binding-domain hotspot included for model-visible screening",,
rs28934576,T,TP53,p.R273H,somatic,26703669,tp53_hotspots_breast,https://pubmed.ncbi.nlm.nih.gov/26703669/,,,p53 tumor suppressor,breast cancer,"Canonical DNA-binding-domain hotspot included for model-visible screening",,
rs559063155,C,SF3B1,p.K700E,somatic,33031100,sf3b1_k700e_mammary,https://pubmed.ncbi.nlm.nih.gov/33031100/,,,spliceosome component,breast cancer,"K700E altered splicing and accelerated mammary tumorigenesis in experimental models",,
rs1057519827,C,ESR1,p.E380Q,somatic,26500237,esr1_mutations_breast,https://pubmed.ncbi.nlm.nih.gov/26500237/,,,estrogen receptor alpha,endocrine-treated breast cancer,"Activating ESR1 substitution evaluated in primary and metastatic breast cancer",,
rs1057519714,C,ESR1,p.S463P,somatic,26500237,esr1_mutations_breast,https://pubmed.ncbi.nlm.nih.gov/26500237/,,,estrogen receptor alpha,endocrine-treated breast cancer,"ESR1 substitution evaluated in a breast-cancer mutation panel",,
rs1057519717,G,ESR1,p.L536R,somatic,36198774,esr1_engineered_lines,https://pubmed.ncbi.nlm.nih.gov/36198774/,,,estrogen receptor alpha,endocrine-resistant breast cancer,"Engineered ESR1 mutation conferred estrogen-independent growth and altered anti-estrogen response",,
rs28897672,C,BRCA1,p.C61G,germline,22172724,brca1_c61g_model,https://pubmed.ncbi.nlm.nih.gov/22172724/,,,BRCA1 tumor suppressor,hereditary breast and ovarian cancer,"Pathogenic BRCA1 RING-domain missense variant studied in a mammary tumor model",,
rs28897696,T,BRCA1,p.A1708E,germline,15184261,brca1_brct_missense,https://pubmed.ncbi.nlm.nih.gov/15184261/,,,BRCA1 tumor suppressor,hereditary breast and ovarian cancer,"Recurrent cancer-predisposing BRCT-domain missense variant",,
rs41293463,C,BRCA1,p.M1775R,germline,15184261,brca1_brct_missense,https://pubmed.ncbi.nlm.nih.gov/15184261/,https://www.ncbi.nlm.nih.gov/clinvar/variation/17694/,,BRCA1 tumor suppressor,hereditary breast and ovarian cancer,"Recurrent cancer-predisposing BRCT-domain missense variant",,
rs17879961,G,CHEK2,p.I157T,germline,15239132,chek2_i157t,https://pubmed.ncbi.nlm.nih.gov/15239132/,,,DNA-damage checkpoint kinase,breast cancer susceptibility,"Case-control and functional evidence for altered CHEK2 substrate recognition",,
rs587782471,G,CHEK2,p.L236P,germline,31206626,chek2_l236p,https://pubmed.ncbi.nlm.nih.gov/31206626/,https://www.ncbi.nlm.nih.gov/clinvar/variation/142448/,,DNA-damage checkpoint kinase,breast cancer susceptibility,"CHEK2 founder missense variant enriched in Hispanic breast cancer cases and supported by functional evidence",,
rs11571833,T,BRCA2,p.K3326*,germline,26586665,brca2_k3326x,https://pubmed.ncbi.nlm.nih.gov/26586665/,,,BRCA2 homologous-recombination factor,breast cancer susceptibility,"Protein-truncating BRCA2 allele studied in breast and ovarian cancer risk",,
rs1801516,A,ATM,p.D1853N,germline,18264724,atm_d1853n,https://pubmed.ncbi.nlm.nih.gov/18264724/,,,ATM DNA-damage kinase,breast cancer susceptibility,"Protein-altering ATM polymorphism with mixed evidence for a small breast-cancer risk association",,
rs1045485,C,CASP8,p.D302H,germline,17047042,casp8_d302h,https://pubmed.ncbi.nlm.nih.gov/17047042/,,,caspase-8 apoptosis regulator,breast cancer susceptibility,"Protein-altering CASP8 allele associated with reduced breast-cancer risk",,
rs1042522,C,TP53,p.P72R,germline,18701423,tp53_p72r,https://pubmed.ncbi.nlm.nih.gov/18701423/,,,p53 tumor suppressor,breast cancer,"Common protein-altering TP53 polymorphism studied in breast cancer",,
