matrix_column,normalized_barcode,participant_id,sample_id,sample_type_code,vial,portion,analyte,plate,center,barcode_component_count
TCGA-BH-A0BM-11A,TCGA-BH-A0BM-11A,TCGA-BH-A0BM,TCGA-BH-A0BM-11A,11,A,,,,,4
TCGA-BH-A1EN-11A,TCGA-BH-A1EN-11A,TCGA-BH-A1EN,TCGA-BH-A1EN-11A,11,A,,,,,4
TCGA-BH-A209-11A,TCGA-BH-A209-11A,TCGA-BH-A209,TCGA-BH-A209-11A,11,A,,,,,4
TCGA-E9-A1RI-11A,TCGA-E9-A1RI-11A,TCGA-E9-A1RI,TCGA-E9-A1RI-11A,11,A,,,,,4
TCGA-E2-A15I-11A,TCGA-E2-A15I-11A,TCGA-E2-A15I,TCGA-E2-A15I-11A,11,A,,,,,4
TCGA-BH-A1ES-11A,TCGA-BH-A1ES-11A,TCGA-BH-A1ES,TCGA-BH-A1ES-11A,11,A,,,,,4
TCGA-BH-A0BV-11A,TCGA-BH-A0BV-11A,TCGA-BH-A0BV,TCGA-BH-A0BV-11A,11,A,,,,,4
TCGA-E2-A1B5-11A,TCGA-E2-A1B5-11A,TCGA-E2-A1B5,TCGA-E2-A1B5-11A,11,A,,,,,4
TCGA-A7-A0CH-11A,TCGA-A7-A0CH-11A,TCGA-A7-A0CH,TCGA-A7-A0CH-11A,11,A,,,,,4
TCGA-BH-A1EW-11B,TCGA-BH-A1EW-11B,TCGA-BH-A1EW,TCGA-BH-A1EW-11B,11,B,,,,,4
TCGA-BH-A1F2-11A,TCGA-BH-A1F2-11A,TCGA-BH-A1F2,TCGA-BH-A1F2-11A,11,A,,,,,4
TCGA-A7-A0CE-11A,TCGA-A7-A0CE-11A,TCGA-A7-A0CE,TCGA-A7-A0CE-11A,11,A,,,,,4
TCGA-AC-A2FB-11A,TCGA-AC-A2FB-11A,TCGA-AC-A2FB,TCGA-AC-A2FB-11A,11,A,,,,,4
TCGA-BH-A1F0-11B,TCGA-BH-A1F0-11B,TCGA-BH-A1F0,TCGA-BH-A1F0-11B,11,B,,,,,4
TCGA-BH-A0BT-11A,TCGA-BH-A0BT-11A,TCGA-BH-A0BT,TCGA-BH-A0BT-11A,11,A,,,,,4
TCGA-BH-A0AZ-11A,TCGA-BH-A0AZ-11A,TCGA-BH-A0AZ,TCGA-BH-A0AZ-11A,11,A,,,,,4
TCGA-A7-A0D9-11A,TCGA-A7-A0D9-11A,TCGA-A7-A0D9,TCGA-A7-A0D9-11A,11,A,,,,,4
TCGA-E2-A15K-11A,TCGA-E2-A15K-11A,TCGA-E2-A15K,TCGA-E2-A15K-11A,11,A,,,,,4
TCGA-BH-A1EU-11A,TCGA-BH-A1EU-11A,TCGA-BH-A1EU,TCGA-BH-A1EU-11A,11,A,,,,,4
TCGA-E9-A1NG-11A,TCGA-E9-A1NG-11A,TCGA-E9-A1NG,TCGA-E9-A1NG-11A,11,A,,,,,4
TCGA-BH-A0B8-11A,TCGA-BH-A0B8-11A,TCGA-BH-A0B8,TCGA-BH-A0B8-11A,11,A,,,,,4
TCGA-BH-A0C3-11A,TCGA-BH-A0C3-11A,TCGA-BH-A0C3,TCGA-BH-A0C3-11A,11,A,,,,,4
TCGA-BH-A1EO-11A,TCGA-BH-A1EO-11A,TCGA-BH-A1EO,TCGA-BH-A1EO-11A,11,A,,,,,4
TCGA-A7-A13E-11A,TCGA-A7-A13E-11A,TCGA-A7-A13E,TCGA-A7-A13E-11A,11,A,,,,,4
TCGA-E9-A1RD-11A,TCGA-E9-A1RD-11A,TCGA-E9-A1RD,TCGA-E9-A1RD-11A,11,A,,,,,4
TCGA-BH-A1EV-11A,TCGA-BH-A1EV-11A,TCGA-BH-A1EV,TCGA-BH-A1EV-11A,11,A,,,,,4
TCGA-BH-A0C0-11A,TCGA-BH-A0C0-11A,TCGA-BH-A0C0,TCGA-BH-A0C0-11A,11,A,,,,,4
TCGA-E2-A1LI-11A,TCGA-E2-A1LI-11A,TCGA-E2-A1LI,TCGA-E2-A1LI-11A,11,A,,,,,4
TCGA-BH-A0HA-11A,TCGA-BH-A0HA-11A,TCGA-BH-A0HA,TCGA-BH-A0HA-11A,11,A,,,,,4
TCGA-E9-A1NA-11A,TCGA-E9-A1NA-11A,TCGA-E9-A1NA,TCGA-E9-A1NA-11A,11,A,,,,,4
TCGA-BH-A1FD-11B,TCGA-BH-A1FD-11B,TCGA-BH-A1FD,TCGA-BH-A1FD-11B,11,B,,,,,4
TCGA-AC-A2FG-11A,TCGA-AC-A2FG-11A,TCGA-AC-A2FG,TCGA-AC-A2FG-11A,11,A,,,,,4
TCGA-E9-A1NF-11A,TCGA-E9-A1NF-11A,TCGA-E9-A1NF,TCGA-E9-A1NF-11A,11,A,,,,,4
TCGA-BH-A0DP-11A,TCGA-BH-A0DP-11A,TCGA-BH-A0DP,TCGA-BH-A0DP-11A,11,A,,,,,4
TCGA-BH-A1F5-11A,TCGA-BH-A1F5-11A,TCGA-BH-A1F5,TCGA-BH-A1F5-11A,11,A,,,,,4
TCGA-A7-A13G-11A,TCGA-A7-A13G-11A,TCGA-A7-A13G,TCGA-A7-A13G-11A,11,A,,,,,4
TCGA-E2-A1II-11A,TCGA-E2-A1II-11A,TCGA-E2-A1II,TCGA-E2-A1II-11A,11,A,,,,,4
TCGA-A7-A13F-11A,TCGA-A7-A13F-11A,TCGA-A7-A13F,TCGA-A7-A13F-11A,11,A,,,,,4
TCGA-BH-A0E0-11A,TCGA-BH-A0E0-11A,TCGA-BH-A0E0,TCGA-BH-A0E0-11A,11,A,,,,,4
TCGA-BH-A0B3-11B,TCGA-BH-A0B3-11B,TCGA-BH-A0B3,TCGA-BH-A0B3-11B,11,B,,,,,4
TCGA-BH-A0DG-11A,TCGA-BH-A0DG-11A,TCGA-BH-A0DG,TCGA-BH-A0DG-11A,11,A,,,,,4
TCGA-BH-A208-11A,TCGA-BH-A208-11A,TCGA-BH-A208,TCGA-BH-A208-11A,11,A,,,,,4
TCGA-BH-A1FE-11B,TCGA-BH-A1FE-11B,TCGA-BH-A1FE,TCGA-BH-A1FE-11B,11,B,,,,,4
TCGA-BH-A1FG-11B,TCGA-BH-A1FG-11B,TCGA-BH-A1FG,TCGA-BH-A1FG-11B,11,B,,,,,4
TCGA-E2-A1BC-11A,TCGA-E2-A1BC-11A,TCGA-E2-A1BC,TCGA-E2-A1BC-11A,11,A,,,,,4
TCGA-E9-A1R7-11A,TCGA-E9-A1R7-11A,TCGA-E9-A1R7,TCGA-E9-A1R7-11A,11,A,,,,,4
TCGA-BH-A1FM-11B,TCGA-BH-A1FM-11B,TCGA-BH-A1FM,TCGA-BH-A1FM-11B,11,B,,,,,4
TCGA-E9-A1RC-11A,TCGA-E9-A1RC-11A,TCGA-E9-A1RC,TCGA-E9-A1RC-11A,11,A,,,,,4
TCGA-BH-A0DZ-11A,TCGA-BH-A0DZ-11A,TCGA-BH-A0DZ,TCGA-BH-A0DZ-11A,11,A,,,,,4
TCGA-E2-A1LS-11A,TCGA-E2-A1LS-11A,TCGA-E2-A1LS,TCGA-E2-A1LS-11A,11,A,,,,,4
TCGA-E9-A1RB-11A,TCGA-E9-A1RB-11A,TCGA-E9-A1RB,TCGA-E9-A1RB-11A,11,A,,,,,4
TCGA-BH-A0DV-11A,TCGA-BH-A0DV-11A,TCGA-BH-A0DV,TCGA-BH-A0DV-11A,11,A,,,,,4
TCGA-BH-A0AU-11A,TCGA-BH-A0AU-11A,TCGA-BH-A0AU,TCGA-BH-A0AU-11A,11,A,,,,,4
TCGA-BH-A0E1-11A,TCGA-BH-A0E1-11A,TCGA-BH-A0E1,TCGA-BH-A0E1-11A,11,A,,,,,4
TCGA-E9-A1RH-11A,TCGA-E9-A1RH-11A,TCGA-E9-A1RH,TCGA-E9-A1RH-11A,11,A,,,,,4
TCGA-BH-A0BC-11A,TCGA-BH-A0BC-11A,TCGA-BH-A0BC,TCGA-BH-A0BC-11A,11,A,,,,,4
TCGA-E9-A1NE-11A,TCGA-E9-A1NE-11A,TCGA-E9-A1NE,TCGA-E9-A1NE-11A,11,A,,,,,4
TCGA-E9-A1N8-11A,TCGA-E9-A1N8-11A,TCGA-E9-A1N8,TCGA-E9-A1N8-11A,11,A,,,,,4
TCGA-A7-A0DB-11A,TCGA-A7-A0DB-11A,TCGA-A7-A0DB,TCGA-A7-A0DB-11A,11,A,,,,,4
TCGA-BH-A0DK-11A,TCGA-BH-A0DK-11A,TCGA-BH-A0DK,TCGA-BH-A0DK-11A,11,A,,,,,4
TCGA-E9-A1N5-11A,TCGA-E9-A1N5-11A,TCGA-E9-A1N5,TCGA-E9-A1N5-11A,11,A,,,,,4
TCGA-BH-A1FR-11B,TCGA-BH-A1FR-11B,TCGA-BH-A1FR,TCGA-BH-A1FR-11B,11,B,,,,,4
TCGA-BH-A0HK-11A,TCGA-BH-A0HK-11A,TCGA-BH-A0HK,TCGA-BH-A0HK-11A,11,A,,,,,4
TCGA-BH-A203-11A,TCGA-BH-A203-11A,TCGA-BH-A203,TCGA-BH-A203-11A,11,A,,,,,4
TCGA-AC-A2FM-11B,TCGA-AC-A2FM-11B,TCGA-AC-A2FM,TCGA-AC-A2FM-11B,11,B,,,,,4
TCGA-E9-A1RF-11A,TCGA-E9-A1RF-11A,TCGA-E9-A1RF,TCGA-E9-A1RF-11A,11,A,,,,,4
TCGA-BH-A0BA-11A,TCGA-BH-A0BA-11A,TCGA-BH-A0BA,TCGA-BH-A0BA-11A,11,A,,,,,4
TCGA-BH-A1ET-11B,TCGA-BH-A1ET-11B,TCGA-BH-A1ET,TCGA-BH-A1ET-11B,11,B,,,,,4
TCGA-BH-A1FJ-11B,TCGA-BH-A1FJ-11B,TCGA-BH-A1FJ,TCGA-BH-A1FJ-11B,11,B,,,,,4
TCGA-E9-A1ND-11A,TCGA-E9-A1ND-11A,TCGA-E9-A1ND,TCGA-E9-A1ND-11A,11,A,,,,,4
TCGA-BH-A1FC-11A,TCGA-BH-A1FC-11A,TCGA-BH-A1FC,TCGA-BH-A1FC-11A,11,A,,,,,4
TCGA-BH-A0BS-11A,TCGA-BH-A0BS-11A,TCGA-BH-A0BS,TCGA-BH-A0BS-11A,11,A,,,,,4
TCGA-E2-A1IO-11A,TCGA-E2-A1IO-11A,TCGA-E2-A1IO,TCGA-E2-A1IO-11A,11,A,,,,,4
TCGA-AC-A2FF-11A,TCGA-AC-A2FF-11A,TCGA-AC-A2FF,TCGA-AC-A2FF-11A,11,A,,,,,4
TCGA-BH-A0BZ-11A,TCGA-BH-A0BZ-11A,TCGA-BH-A0BZ,TCGA-BH-A0BZ-11A,11,A,,,,,4
TCGA-BH-A1FB-11A,TCGA-BH-A1FB-11A,TCGA-BH-A1FB,TCGA-BH-A1FB-11A,11,A,,,,,4
TCGA-BH-A1F8-11B,TCGA-BH-A1F8-11B,TCGA-BH-A1F8,TCGA-BH-A1F8-11B,11,B,,,,,4
TCGA-BH-A0BF-11A,TCGA-BH-A0BF-11A,TCGA-BH-A0BF,TCGA-BH-A0BF-11A,11,A,,,,,4
TCGA-BH-A0H9-11A,TCGA-BH-A0H9-11A,TCGA-BH-A0H9,TCGA-BH-A0H9-11A,11,A,,,,,4
TCGA-BH-A1F6-11B,TCGA-BH-A1F6-11B,TCGA-BH-A1F6,TCGA-BH-A1F6-11B,11,B,,,,,4
TCGA-E9-A1N6-11A,TCGA-E9-A1N6-11A,TCGA-E9-A1N6,TCGA-E9-A1N6-11A,11,A,,,,,4
TCGA-E2-A1LB-11A,TCGA-E2-A1LB-11A,TCGA-E2-A1LB,TCGA-E2-A1LB-11A,11,A,,,,,4
TCGA-E2-A1IF-11A,TCGA-E2-A1IF-11A,TCGA-E2-A1IF,TCGA-E2-A1IF-11A,11,A,,,,,4
TCGA-E9-A1N4-11A,TCGA-E9-A1N4-11A,TCGA-E9-A1N4,TCGA-E9-A1N4-11A,11,A,,,,,4
TCGA-BH-A0DQ-11A,TCGA-BH-A0DQ-11A,TCGA-BH-A0DQ,TCGA-BH-A0DQ-11A,11,A,,,,,4
TCGA-BH-A1EY-11B,TCGA-BH-A1EY-11B,TCGA-BH-A1EY,TCGA-BH-A1EY-11B,11,B,,,,,4
TCGA-BH-A204-11A,TCGA-BH-A204-11A,TCGA-BH-A204,TCGA-BH-A204-11A,11,A,,,,,4
TCGA-BH-A0H7-11A,TCGA-BH-A0H7-11A,TCGA-BH-A0H7,TCGA-BH-A0H7-11A,11,A,,,,,4
TCGA-BH-A1FH-11B,TCGA-BH-A1FH-11B,TCGA-BH-A1FH,TCGA-BH-A1FH-11B,11,B,,,,,4
TCGA-BH-A0BJ-11A,TCGA-BH-A0BJ-11A,TCGA-BH-A0BJ,TCGA-BH-A0BJ-11A,11,A,,,,,4
TCGA-BH-A1FN-11A,TCGA-BH-A1FN-11A,TCGA-BH-A1FN,TCGA-BH-A1FN-11A,11,A,,,,,4
TCGA-AC-A23H-11A,TCGA-AC-A23H-11A,TCGA-AC-A23H,TCGA-AC-A23H-11A,11,A,,,,,4
TCGA-BH-A0DH-11A,TCGA-BH-A0DH-11A,TCGA-BH-A0DH,TCGA-BH-A0DH-11A,11,A,,,,,4
TCGA-BH-A0AY-11A,TCGA-BH-A0AY-11A,TCGA-BH-A0AY,TCGA-BH-A0AY-11A,11,A,,,,,4
TCGA-E2-A1L7-11A,TCGA-E2-A1L7-11A,TCGA-E2-A1L7,TCGA-E2-A1L7-11A,11,A,,,,,4
TCGA-A7-A0DC-11A,TCGA-A7-A0DC-11A,TCGA-A7-A0DC,TCGA-A7-A0DC-11A,11,A,,,,,4
TCGA-BH-A0DI-11A,TCGA-BH-A0DI-11A,TCGA-BH-A0DI,TCGA-BH-A0DI-11A,11,A,,,,,4
