Grouping,Stratum,N_CpGs,N_Positive,Sequence_Beta_MAE,Fusion_Beta_MAE,Fusion_Minus_Sequence_Beta_MAE,Relative_Beta_MAE_Reduction,Sequence_ROC_AUC,Fusion_ROC_AUC,Fusion_Minus_Sequence_ROC_AUC,N_Genomic_Blocks,Beta_MAE_Difference_CI_Low,Beta_MAE_Difference_CI_High,Beta_MAE_Difference_Probability_Greater_Equal_Zero,Relative_Reduction_CI_Low,Relative_Reduction_CI_High,ROC_AUC_Difference_CI_Low,ROC_AUC_Difference_CI_High,ROC_AUC_Difference_Probability_Less_Equal_Zero
All,All held-out CpGs,26570,15142,0.10790495781801974,0.0897166722080772,-0.01818828560994255,0.16855838672970752,0.9590422861685944,0.9756854542139338,0.016643168045339385,257,-0.019639088434425113,-0.016698493953516764,0.0,0.15828656710393027,0.17842882777367033,0.014587626729342629,0.018784894182879295,0.0
CpG_Island_Context,Island,7972,1395,0.0793138796623541,0.06475865114169894,-0.014555228520655168,0.18351426739705595,0.9692729033456984,0.9870765015261722,0.017803598180473834,230,-0.017649177162639,-0.011504656824572948,0.0,0.15929013506738304,0.20453519420872415,0.01281479980798941,0.023422960565126782,0.0
CpG_Island_Context,Shore,6713,3668,0.1333116650087651,0.11031294565824866,-0.022998719350516464,0.17251843151913468,0.925898822282269,0.9540255401976531,0.028126717915384014,228,-0.02518144732442448,-0.020648764688485474,0.0,0.1578542440591897,0.18570659304780884,0.024532566036715466,0.03193869221747345,0.0
CpG_Island_Context,Shelf,2217,1963,0.09791248153607804,0.08558276685722394,-0.012329714678854102,0.1259258726305588,0.9251707774938729,0.9526415858741041,0.027470808380231193,207,-0.01455275820628746,-0.010006579428131495,0.0,0.10541783983858032,0.14482269509212262,0.017761911037452907,0.0372482623554086,0.0
CpG_Island_Context,Open sea,9668,8116,0.11613066836855326,0.0969433404365638,-0.01918732793198945,0.1652218849812901,0.8948274345444659,0.9346914171065936,0.03986398256212775,249,-0.02102256719193701,-0.017159418236245068,0.0,0.1503878149098093,0.17851607220903293,0.0343433051305238,0.04564261604558673,0.0
Ref_ATAC_Signal_Stratum,Q1 low,6642,5621,0.11043275626270453,0.09372707878147005,-0.01670567748123451,0.15127465841288948,0.9170016384270474,0.9462232453122394,0.029221606885192042,246,-0.01830395542389702,-0.015006050119740183,0.0,0.13924240447169678,0.16302772896775264,0.02408432806783191,0.03421609635608204,0.0
Ref_ATAC_Signal_Stratum,Q2,6643,4926,0.12175859685138955,0.10262711278430064,-0.019131484067088905,0.15712635133632102,0.9297701497598353,0.9541810525539193,0.024410902794083977,244,-0.02145282110712104,-0.017033629328023926,0.0,0.142935322163408,0.17165734430281324,0.019751369533737167,0.029700933628566368,0.0
Ref_ATAC_Signal_Stratum,Q3,6642,3855,0.11919281969668966,0.1002358020477062,-0.01895701764898344,0.15904496342332888,0.9497552328603667,0.9686325291084186,0.0188772962480519,250,-0.021230588861186294,-0.016746193552108168,0.0,0.14412577461151543,0.17324887005608572,0.015654958533351904,0.022206487176396488,0.0
Ref_ATAC_Signal_Stratum,Q4 high,6643,740,0.08023773819339276,0.06227888241383619,-0.01795885577955657,0.22382056353920762,0.9566965491664796,0.9718763020177555,0.01517975285127593,235,-0.020082878697259537,-0.015921031027323507,0.0,0.2062898499353384,0.24056711232688105,0.012371445447950926,0.018165852899108527,0.0
Ref_H3K4me3_Signal_Stratum,Q1 low,6642,5926,0.10972680877240751,0.09343860403759027,-0.016288204734817235,0.14844325572797626,0.893896817735309,0.9283263367378298,0.03442951900252078,246,-0.018560684343722666,-0.014250026396491951,0.0,0.13246719626748377,0.16577840920547887,0.028111718497667495,0.04091557744648628,0.0
Ref_H3K4me3_Signal_Stratum,Q2,6643,5618,0.12048082854825878,0.100755041965009,-0.019725786583249784,0.16372552231700988,0.8895741909715289,0.9287566098516093,0.03918241888008045,249,-0.021720297742559153,-0.017633494887719866,0.0,0.14972982545323918,0.1766433495732039,0.03244058473829965,0.046096915984168096,0.0
Ref_H3K4me3_Signal_Stratum,Q3,6642,3481,0.1431514921941061,0.1194797936261355,-0.023671698567970596,0.16536117231577985,0.9117000763670201,0.9416209438483834,0.029920867481363245,242,-0.026039781297169835,-0.021304734273567327,0.0,0.15304993592280633,0.1773079031918844,0.025748014866114118,0.03426199397690191,0.0
Ref_H3K4me3_Signal_Stratum,Q4 high,6643,117,0.05826628182434421,0.04519828985587688,-0.01306799196846732,0.224280519698571,0.9283785305850889,0.95474381239015,0.026365281805061147,214,-0.015487876763207368,-0.01069561622193148,0.0,0.19539791491558164,0.2504206744865713,0.009751707364839598,0.04616069905897626,0.0015
Ref_H3K27ac_Signal_Stratum,Q1 low,6642,5285,0.11473918860141814,0.096260960962927,-0.01847822763849116,0.1610454794366811,0.9399047233274468,0.9604053825115088,0.020500659184061965,251,-0.02083220710875555,-0.01620469733551419,0.0,0.14544303042089296,0.17670550617592004,0.016077242951804873,0.0253670416325741,0.0
Ref_H3K27ac_Signal_Stratum,Q2,6643,5318,0.11342511874946934,0.09564493466204159,-0.01778018408742777,0.15675702422406285,0.9356402960397936,0.9593100683332506,0.023669772293457014,240,-0.020161689389720735,-0.015343783590581247,0.0,0.14085290415466908,0.17234801099659772,0.018017228438522204,0.029947842453033807,0.0
Ref_H3K27ac_Signal_Stratum,Q3,6642,3854,0.12672243030597108,0.10777427800566006,-0.018948152300311022,0.14952484934640808,0.9300620886905776,0.9543656407213359,0.02430355203075829,234,-0.02096350698326551,-0.016983844193617228,0.0,0.13701012252258335,0.1619321401888805,0.020819177539582363,0.028308053375785396,0.0
Ref_H3K27ac_Signal_Stratum,Q4 high,6643,685,0.07673695507890728,0.05919021863304444,-0.01754673644586283,0.22866083789511618,0.9637333597959438,0.9744648059531072,0.010731446157163482,207,-0.01992670214702238,-0.015062136691361644,0.0,0.2065418827759672,0.24968384912531888,0.008073203859556283,0.013549148872378448,0.0
Ref_H3K27me3_Signal_Stratum,Q1 low,6643,2867,0.08610271054272699,0.06554742350226536,-0.020555287040461622,0.23872984846698195,0.9807130046466809,0.9917672074246392,0.011054202777958322,217,-0.02235897283050091,-0.01855839224762372,0.0,0.22237072873624314,0.25423303913052886,0.009146337675109592,0.012968911667949017,0.0
Ref_H3K27me3_Signal_Stratum,Q2,6642,4074,0.09989229140944932,0.07929582991659258,-0.020596461492856738,0.20618669571242226,0.9668482183958144,0.9837066069000745,0.016858388504260136,247,-0.023006201913801278,-0.018481053169202493,0.0,0.19004799896096677,0.22290781139716712,0.013869218572386755,0.02003604887051917,0.0
Ref_H3K27me3_Signal_Stratum,Q3,6642,4863,0.1135612158751646,0.09560132197765378,-0.017959893897510813,0.15815165203280088,0.9388460801798394,0.9613294083636439,0.022483328183804496,252,-0.020207830521419178,-0.015783413533893672,0.0,0.14382522215032462,0.17216631065273272,0.017723661850650073,0.02813709278772792,0.0
Ref_H3K27me3_Signal_Stratum,Q4 high,6643,3338,0.1320632587242276,0.11842143058279067,-0.013641828141436954,0.10329767925781387,0.9288347448216975,0.9459391194234275,0.017104374601729977,227,-0.015726245923895984,-0.011431198639033576,0.0,0.0902842393568712,0.1153343152749271,0.013303016240092122,0.02167821501953689,0.0
Ref_H3K9me3_Signal_Stratum,Q1 low,6642,2838,0.0984431192709843,0.07972411211261933,-0.018719007158364973,0.19015048788567107,0.9670493079129643,0.9815256037745218,0.01447629586155752,227,-0.02061612019621142,-0.01650696272663121,0.0,0.17525388015389795,0.2028201381188827,0.011535117208454812,0.01713494048288118,0.0
Ref_H3K9me3_Signal_Stratum,Q2,6643,3399,0.10383920490904733,0.08624251228327036,-0.01759669262577697,0.16946097229066706,0.9626538903695836,0.977717842594598,0.015063952225014443,233,-0.01918199045005494,-0.015951477849154242,0.0,0.1570005109492141,0.18219034533099765,0.012682585031013776,0.017340565159977464,0.0
Ref_H3K9me3_Signal_Stratum,Q3,6642,4019,0.10710534176121884,0.09064470553289436,-0.016460636228324478,0.15368641710720551,0.9581308741540966,0.9736590501257039,0.015528175971607272,243,-0.018491930095687784,-0.014366167777708244,0.0,0.13823589652512844,0.16820724652796643,0.0118486712231615,0.019348421523325752,0.0
Ref_H3K9me3_Signal_Stratum,Q4 high,6643,4886,0.12223062062894634,0.10225399438045231,-0.019976626248494025,0.16343389361604216,0.9392408728922682,0.9607265924897568,0.021485719597488573,252,-0.023056112042247136,-0.01718570144765728,0.0,0.1456778146332471,0.18223274126393973,0.01758937487363698,0.0260629531436778,0.0
Ref_H3K36me3_Signal_Stratum,Q1 low,6642,2209,0.10024465036896396,0.08473169600902719,-0.015512954359936758,0.15475094484183682,0.9631980484650645,0.9769389768513587,0.013740928386294149,241,-0.017283567261778286,-0.01370574482713433,0.0,0.1417067380413509,0.16765601922515957,0.011219906024075452,0.016142820720302195,0.0
Ref_H3K36me3_Signal_Stratum,Q2,6643,3141,0.10993765375456672,0.09186802240155127,-0.018069631353015432,0.1643625339990925,0.9570990588722578,0.973882527853734,0.0167834689814762,241,-0.019906375089254358,-0.01616063276241293,0.0,0.15096361318834256,0.17699977135284636,0.013630935156422289,0.019801023687657772,0.0
Ref_H3K36me3_Signal_Stratum,Q3,6642,4133,0.11609912521480575,0.0981827143513913,-0.017916410863414462,0.15431994711644598,0.9449471860171034,0.9638129735131123,0.01886578749600898,247,-0.020018300447383723,-0.01596608212829679,0.0,0.140840968782058,0.16774118119559547,0.01566341780990963,0.02263145702236575,0.0
Ref_H3K36me3_Signal_Stratum,Q4 high,6643,5659,0.10533848229802799,0.08408478009050227,-0.021253702207525697,0.20176579103725686,0.9365012491793057,0.9641258725937674,0.027624623414461702,245,-0.024104457580108454,-0.018512378984500998,0.0,0.18115435481657297,0.2211034559578565,0.02198983996813491,0.03372307909552281,0.0
Ref_H3K4me1_Signal_Stratum,Q1 low,6642,4257,0.08529115751476643,0.0679952166762583,-0.017295940838508144,0.20278703376154444,0.9861957786632352,0.9918096670473444,0.005613888384109256,249,-0.01992404912012986,-0.014932722446720822,0.0,0.18035466379078555,0.22634526771798108,0.004226799468881814,0.0071762117655646655,0.0
Ref_H3K4me1_Signal_Stratum,Q2,6643,4278,0.09470337994010306,0.07883089126685286,-0.015872488673250185,0.16760213503772559,0.9734905564335747,0.9829252273542695,0.009434670920694721,247,-0.01818286832770106,-0.013829513377567064,0.0,0.14814157705481748,0.1872319815049986,0.007408300214560401,0.011746548456351771,0.0
Ref_H3K4me1_Signal_Stratum,Q3,6642,3830,0.1092297250849349,0.09374155052317341,-0.015488174561761497,0.1417945028216284,0.9580540224847633,0.9711489643415575,0.013094941856794162,241,-0.017049809375174974,-0.01385223391222424,0.0,0.1292250437292169,0.15350913466744298,0.01071790756976738,0.01542739987036337,0.0
Ref_H3K4me1_Signal_Stratum,Q4 high,6643,2777,0.14239236400052147,0.11829636642244205,-0.024095997578079426,0.16922254045863852,0.9167099172662293,0.9396303908705405,0.022920473604311153,232,-0.02663888058247079,-0.021433770943568957,0.0,0.15507990311262954,0.18188205388853973,0.018975731956249183,0.02693381812344763,0.0
